selection_identifier,state,product_name_raw,publisher_raw,subject,product_type_usage,grade,product_identifier,curriculum_academic_year,publisher_presence,expected_product_identifier
000fb8d311a31fd1aa20e4184b2b610b2fc0394c1db64abe573457120d1e7e84,CA,Not Available,,All,Assessment,TK,382eba1c310a890cfe53f11d4ebb988761f2b95f487deef487a55e9bb924c142,2024-2025,missing,382eba1c310a890cfe53f11d4ebb988761f2b95f487deef487a55e9bb924c142
00013ac4a2c830963fbfa1f6a2e3affb30cef924a6a00365319867836c80260b,AK,MAP,,ELA,Assessment,6,3d6c5002a86d064608d518b7041d788d11bb1e498c257f4076fbf446f64e6826,2023-2024,missing,3d6c5002a86d064608d518b7041d788d11bb1e498c257f4076fbf446f64e6826
000cabeb3e8de7971ea3576515165625d031d9ea5281dc136dd08dde58b359d7,AK,Measures of Academic Progress (MAP)  Growth,,ELA,Assessment,3,dee0f2790440685546f3d5dba2a914e5d10319529e1129e4e363d41af2d536db,2024-2025,missing,dee0f2790440685546f3d5dba2a914e5d10319529e1129e4e363d41af2d536db
005ae59a52619d276861553c9a541f889e2bcd3ebc01a0168191a76c8473d868,AL,PSAT,,ELA,Assessment,10,e68a5b1beee66c66a24185ee630717efe9efd82b4dd439b407a4e8b2e46031c3,2023-2024,missing,e68a5b1beee66c66a24185ee630717efe9efd82b4dd439b407a4e8b2e46031c3
00eef71c5aa3c6af3aed9bac90f0e116081916db0f8c8fa74f6cbee10d01ab76,AL,NWEA MAP,,ELA,Assessment,7,3d6c5002a86d064608d518b7041d788d11bb1e498c257f4076fbf446f64e6826,2024-2025,missing,3d6c5002a86d064608d518b7041d788d11bb1e498c257f4076fbf446f64e6826
0038157425d060437adf8ce36ec7d4ebe941fb6746b86ade39c1d0ff0fecf984,AR,ELPA21,,ELA,Assessment,7,9b41baefd0d7404d6bedc57ef09f5077e74359bcae70236a76c1418927415066,2023-2024,missing,9b41baefd0d7404d6bedc57ef09f5077e74359bcae70236a76c1418927415066
0041c189eb57f823f5395ae9dc16ac3d9d706f5482eb1b0b210e6e2323752c00,AR,ELPA21,English Language Proficiency Assessment for the 21st Century (ELPA21),ELA,Assessment,9,9c2f748e68809dd9aaa22716c85f64dd8b0396fdfddc798bf92c8bf3adae63d9,2024-2025,present,9c2f748e68809dd9aaa22716c85f64dd8b0396fdfddc798bf92c8bf3adae63d9
001bc951e763a6de602f6ea466f1cd7d89bc2e0a1db3313e3638e3cb893c1c56,AZ,AZELLA,,ELA,Assessment,4,5b06019e75db74cb43ec4bcdbec2c6dc71392d6fca239bdc06827c808f38b72c,2024-2025,missing,5b06019e75db74cb43ec4bcdbec2c6dc71392d6fca239bdc06827c808f38b72c
001e4e5efb5ff6cffcd26b5543b735497e756238f6517010a005678a06e6fd51,AZ,"ACT Aspire - English, Math, Reading, Science, Writing",,ELA,Assessment,11,0b5831faa98b0826ca2de59de0de14bd81f64dba88f807edd3d1c62dc193c39f,2023-2024,missing,0b5831faa98b0826ca2de59de0de14bd81f64dba88f807edd3d1c62dc193c39f
008530e4d09dcbd3533072e98b3550ee92f9b834a71a31df0eb0e583d940b119,AZ,PSAT,,ELA,Assessment,NI,e68a5b1beee66c66a24185ee630717efe9efd82b4dd439b407a4e8b2e46031c3,2024-2025,missing,e68a5b1beee66c66a24185ee630717efe9efd82b4dd439b407a4e8b2e46031c3
001de09bad8760f0e38cad4082fd668b32f977c85400b1153f3758a7571b6c0e,AZ,Arizona's Academic Standards Assessment,Arizona Department of Education,ELA,Assessment,3,5b06019e75db74cb43ec4bcdbec2c6dc71392d6fca239bdc06827c808f38b72c,2023-2024,present,5b06019e75db74cb43ec4bcdbec2c6dc71392d6fca239bdc06827c808f38b72c
00018814494f2fd3d04bec642dd5a91f2920b98340fe8fff188b20e2b79826d9,CA,Summative Alternative ELPAC,,ELA,Assessment,9,5b06019e75db74cb43ec4bcdbec2c6dc71392d6fca239bdc06827c808f38b72c,2023-2024,missing,5b06019e75db74cb43ec4bcdbec2c6dc71392d6fca239bdc06827c808f38b72c
00049a32980fdfa230c885174a9dce13443b580bc3da824adf46e1b90a6d6179,CA,Smarter Balanced Summative Assessments,,ELA,Assessment,5,a193c1174801b4a108ad3fd62cc510746b53b05a1fa982ca1bd8689ec04f0d65,2024-2025,missing,a193c1174801b4a108ad3fd62cc510746b53b05a1fa982ca1bd8689ec04f0d65
000549020b1a578b389166ad1bcc8290df1b0ac9262ca1ab6e1315cc50475992,CA,Social Emotional Learning Survey,,ELA,Assessment,5,8bc4b916ea5ccc05c4810bf1e3bd7d078b7a86856fdf67184bf63e3609de57b9,2023-2024,missing,8bc4b916ea5ccc05c4810bf1e3bd7d078b7a86856fdf67184bf63e3609de57b9
001057b6fabf3181044e292f6b602e7a07b2504dc47a16e67e15bf53088a71ca,CA,Literably,,ELA,Assessment,K,9b41baefd0d7404d6bedc57ef09f5077e74359bcae70236a76c1418927415066,2023-2024,missing,9b41baefd0d7404d6bedc57ef09f5077e74359bcae70236a76c1418927415066
001704d9c1d19584edbb1622ac644bcb6897e0367d8cd4bab97a2df12bd6e7a2,CA,Smarter Balanced Summative Assessments,,ELA,Assessment,3,a193c1174801b4a108ad3fd62cc510746b53b05a1fa982ca1bd8689ec04f0d65,2024-2025,missing,a193c1174801b4a108ad3fd62cc510746b53b05a1fa982ca1bd8689ec04f0d65
001b54462f2fcaa23e098f9d5433c332b434564f948cd3f9fea2896e32abf06f,CA,CAASPP (California Assessment of Student Performance and Progress),,ELA,Assessment,5,5b06019e75db74cb43ec4bcdbec2c6dc71392d6fca239bdc06827c808f38b72c,2024-2025,missing,5b06019e75db74cb43ec4bcdbec2c6dc71392d6fca239bdc06827c808f38b72c
001c2f8741dfdd03466c6d0ff8041719cf0cf92ba099283c27528cbbc190995f,CA,Standardized Testing and Reporting (STAR) Program,,ELA,Assessment,2,61cd9bdcfd309ec294f0d5e279650ffd79c53359ee5edc84c0178605752c96d4,2024-2025,missing,61cd9bdcfd309ec294f0d5e279650ffd79c53359ee5edc84c0178605752c96d4
001fae91db9296d2bc16c95971bc75ace35d88d5f315ac891d9d4ad4ffdd6704,CA,ENGLISH LANGUAGE PROFICIENCY ASSESSMENT FOR CALIFORNIA (ELPAC),,ELA,Assessment,10,5b06019e75db74cb43ec4bcdbec2c6dc71392d6fca239bdc06827c808f38b72c,2023-2024,missing,5b06019e75db74cb43ec4bcdbec2c6dc71392d6fca239bdc06827c808f38b72c
0021c07f8a032329b9edf2b3801e622b67094eb774cba9b2f9217640b3f558c1,CA,CAASPP,,ELA,Assessment,6,5b06019e75db74cb43ec4bcdbec2c6dc71392d6fca239bdc06827c808f38b72c,2024-2025,missing,5b06019e75db74cb43ec4bcdbec2c6dc71392d6fca239bdc06827c808f38b72c
0022e9f226c959415539b561121b2c3d98d2bdc619fe2252ce6e54435612d054,CA,ELPAC,,ELA,Assessment,3,9c2f748e68809dd9aaa22716c85f64dd8b0396fdfddc798bf92c8bf3adae63d9,2024-2025,missing,9c2f748e68809dd9aaa22716c85f64dd8b0396fdfddc798bf92c8bf3adae63d9
00274e325088c2603e17ac7ad6ca4f088d26411de29caf76e7eec60fa4c2e9cb,CA,English Language Proficiency Assessments for California (ELPAC),,ELA,Assessment,4,5b06019e75db74cb43ec4bcdbec2c6dc71392d6fca239bdc06827c808f38b72c,2024-2025,missing,5b06019e75db74cb43ec4bcdbec2c6dc71392d6fca239bdc06827c808f38b72c
002b5e9145d758fad9aebcff18231c45e1faa0e6d092d04913b477049a52b21d,CA,California Alternative Assessments,,ELA,Assessment,8,5b06019e75db74cb43ec4bcdbec2c6dc71392d6fca239bdc06827c808f38b72c,2023-2024,missing,5b06019e75db74cb43ec4bcdbec2c6dc71392d6fca239bdc06827c808f38b72c
002e3430596089c3ed48a09df50dfdf248634ca99a3e0f18044119fa4a7c6f93,CA,Star 360,,ELA,Assessment,TK,61cd9bdcfd309ec294f0d5e279650ffd79c53359ee5edc84c0178605752c96d4,2024-2025,missing,61cd9bdcfd309ec294f0d5e279650ffd79c53359ee5edc84c0178605752c96d4
002ea846d3352fc31f6bdd7da68da5a6c9b4e4a60d7841529a6259fb5a3176da,CA,California Assessment of Student Performance and Assessment (CAASPP),,ELA,Assessment,3,5b06019e75db74cb43ec4bcdbec2c6dc71392d6fca239bdc06827c808f38b72c,2024-2025,missing,5b06019e75db74cb43ec4bcdbec2c6dc71392d6fca239bdc06827c808f38b72c
00343221c535f838a61a327493b09e2ae61129edaa07ba036116adea875cd1e0,CA,iReady Benchmark and Literacy Tasks,,ELA,Assessment,6,56857edf7ee969e982d7a6aceec1cfa3310feeaa2665951d7257ecdbc8a6585e,2024-2025,missing,56857edf7ee969e982d7a6aceec1cfa3310feeaa2665951d7257ecdbc8a6585e
003a7c324d0448e4ab416384b88ee385934490ba6bdcde6f611c52db9b375924,CA,ELPAC,,ELA,Assessment,10,5b06019e75db74cb43ec4bcdbec2c6dc71392d6fca239bdc06827c808f38b72c,2023-2024,missing,5b06019e75db74cb43ec4bcdbec2c6dc71392d6fca239bdc06827c808f38b72c
003aa599c545c035d1c3b95171b6bfecccaa207d1a855a8ca84d21d41fb6056a,CA,ELPAC,,ELA,Assessment,1,5b06019e75db74cb43ec4bcdbec2c6dc71392d6fca239bdc06827c808f38b72c,2024-2025,missing,5b06019e75db74cb43ec4bcdbec2c6dc71392d6fca239bdc06827c808f38b72c
003fc3ed43f84b0ff35ac51d00b22cab75513d58d4d9c405777f7009a56c66f1,CA,Smarter Balanced,,ELA,Assessment,7,a193c1174801b4a108ad3fd62cc510746b53b05a1fa982ca1bd8689ec04f0d65,2024-2025,missing,a193c1174801b4a108ad3fd62cc510746b53b05a1fa982ca1bd8689ec04f0d65
00415a6a3e04c2f47a576717215d9500c6e80084a5fd5db328f26e9f57a17c25,CA,Alternate ELPAC,,ELA,Assessment,11,5b06019e75db74cb43ec4bcdbec2c6dc71392d6fca239bdc06827c808f38b72c,2023-2024,missing,5b06019e75db74cb43ec4bcdbec2c6dc71392d6fca239bdc06827c808f38b72c
004e28ca20367a47aa6ab6737e73f82ac5b5d3927f36aef95969b2e81f58d7ee,CA,English Language Proficiency Assessments for California (ELPAC),,ELA,Assessment,10,5b06019e75db74cb43ec4bcdbec2c6dc71392d6fca239bdc06827c808f38b72c,2024-2025,missing,5b06019e75db74cb43ec4bcdbec2c6dc71392d6fca239bdc06827c808f38b72c
004ef69aaf46c2a72074e76dea314a6d3dd049c38898619ae55cd2075382d604,CA,Smarter Balanced Summative Assessments,,ELA,Assessment,3,a193c1174801b4a108ad3fd62cc510746b53b05a1fa982ca1bd8689ec04f0d65,2024-2025,missing,a193c1174801b4a108ad3fd62cc510746b53b05a1fa982ca1bd8689ec04f0d65
004f877c36452697fdf7fde880dae9172418b4ae76207ad06de7c423024a569a,CA,Star 360,,ELA,Assessment,1,61cd9bdcfd309ec294f0d5e279650ffd79c53359ee5edc84c0178605752c96d4,2023-2024,missing,61cd9bdcfd309ec294f0d5e279650ffd79c53359ee5edc84c0178605752c96d4
0051cdf7e58125d2822e3e68966f497048ad32f84a6591b88d0a57179c608af5,CA,alifornia Assessment of Student Performance and Progress (CAASPP),,ELA,Assessment,8,5b06019e75db74cb43ec4bcdbec2c6dc71392d6fca239bdc06827c808f38b72c,2024-2025,missing,5b06019e75db74cb43ec4bcdbec2c6dc71392d6fca239bdc06827c808f38b72c
000f2a5d35c027fd54c722fd3e49511ade614a4adbbd730b5943a84809b99547,CA,CAASPP,California Department of Education (CDE) / Smarter Balanced Assessment Consortium (SBAC),ELA,Assessment,5,5b06019e75db74cb43ec4bcdbec2c6dc71392d6fca239bdc06827c808f38b72c,2024-2025,present,5b06019e75db74cb43ec4bcdbec2c6dc71392d6fca239bdc06827c808f38b72c
00139922239e04ac9ac38a26016a979c2a3371849f664a77d06f689671ac0428,CA,ELPAC,California Department of Education,ELA,Assessment,11,5b06019e75db74cb43ec4bcdbec2c6dc71392d6fca239bdc06827c808f38b72c,2024-2025,present,5b06019e75db74cb43ec4bcdbec2c6dc71392d6fca239bdc06827c808f38b72c
002bf91b0f9d846d1ff779cc4db772b9cd83ec23aaa8270339df2c8e04aa2532,CA,Renaissance Star Testing ELA,Renaissance,ELA,Assessment,3,61cd9bdcfd309ec294f0d5e279650ffd79c53359ee5edc84c0178605752c96d4,2024-2025,present,61cd9bdcfd309ec294f0d5e279650ffd79c53359ee5edc84c0178605752c96d4
00539a28e44c8ed506cc2597312eb613798920def4171129f5712514ef255c7d,CA,ELPAC,Measures English language proficiency,ELA,Assessment,2,5b06019e75db74cb43ec4bcdbec2c6dc71392d6fca239bdc06827c808f38b72c,2024-2025,present,5b06019e75db74cb43ec4bcdbec2c6dc71392d6fca239bdc06827c808f38b72c
0061cef3d6d21454122830e496eac9c37ce27e945a574581596c0f1ca8bd1cc4,CA,ELPAC,California Department of Education (CDE),ELA,Assessment,2,5b06019e75db74cb43ec4bcdbec2c6dc71392d6fca239bdc06827c808f38b72c,2024-2025,present,5b06019e75db74cb43ec4bcdbec2c6dc71392d6fca239bdc06827c808f38b72c
0003896c430f694e5195d6ef2f5fe13e515cae394c536cad624ff47f2b181e50,CO,TS GOLD,,ELA,Assessment,K,c64e890965bcb20a141029a23c6aedafb1e561835a01f9514705c8719c34761f,2023-2024,missing,c64e890965bcb20a141029a23c6aedafb1e561835a01f9514705c8719c34761f
00080ec512c03d25ad912852878fa697edd2d579d05a831822777a4e495ba140,CO,WIDA ACCESS - English Language Proficiency Assessment,,ELA,Assessment,10,5b06019e75db74cb43ec4bcdbec2c6dc71392d6fca239bdc06827c808f38b72c,2023-2024,missing,5b06019e75db74cb43ec4bcdbec2c6dc71392d6fca239bdc06827c808f38b72c
0019550e9f8b1c2c8efa22c7d52c24a431bfd214a7672e4377789fb5226b147c,CO,PSAT,,ELA,Assessment,10,e68a5b1beee66c66a24185ee630717efe9efd82b4dd439b407a4e8b2e46031c3,2024-2025,missing,e68a5b1beee66c66a24185ee630717efe9efd82b4dd439b407a4e8b2e46031c3
0037662770594d9146dd2065445123d13f458193315daa969b38ecc9afbad082,CO,ACCESS,,ELA,Assessment,10,3067c5fa7d9da55a5b3e1980dd4f1c36edd4c4cca6360b3528bfef348c4278de,2023-2024,missing,3067c5fa7d9da55a5b3e1980dd4f1c36edd4c4cca6360b3528bfef348c4278de
003b0b600f3d5422049424c463b2a259e7cf4bd0411771c0785516e2ca38a7b4,CO,WIDA Screener,,ELA,Assessment,5,c353c087e273dfcdbabf4a7e0eb5b671871de89ac1722099111ca390b8b70fa5,2023-2024,missing,c353c087e273dfcdbabf4a7e0eb5b671871de89ac1722099111ca390b8b70fa5
0002ae6234ab05d88cfc13fb1203d7923ff587e6d7b265a81125c9e3f2df7857,FL,i-Ready ELA,,ELA,Assessment,6,56857edf7ee969e982d7a6aceec1cfa3310feeaa2665951d7257ecdbc8a6585e,2023-2024,missing,56857edf7ee969e982d7a6aceec1cfa3310feeaa2665951d7257ecdbc8a6585e
0010d051b87ba806a73a39f47d184981c7e863db71303d81f0e325af82af5089,FL,District Writing Task,,ELA,Assessment,4,8bc4b916ea5ccc05c4810bf1e3bd7d078b7a86856fdf67184bf63e3609de57b9,2024-2025,missing,8bc4b916ea5ccc05c4810bf1e3bd7d078b7a86856fdf67184bf63e3609de57b9
00167473429b5713a892d04738bcb9b325f90cb01deb65540b32935934629e52,FL,B.E.S.T. Writing,,ELA,Assessment,8,5b06019e75db74cb43ec4bcdbec2c6dc71392d6fca239bdc06827c808f38b72c,2024-2025,missing,5b06019e75db74cb43ec4bcdbec2c6dc71392d6fca239bdc06827c808f38b72c
0018046cdfeea09b496f43099f5928f80db7f560fba5ce0862dc9c3bb3530381,FL,ACCESS for ELLs,,ELA,Assessment,3,3067c5fa7d9da55a5b3e1980dd4f1c36edd4c4cca6360b3528bfef348c4278de,2024-2025,missing,3067c5fa7d9da55a5b3e1980dd4f1c36edd4c4cca6360b3528bfef348c4278de
001f8042827be01b98c2975ec137d0ac90c0080526b44e4b5dcd49254154182b,FL,FAST,,ELA,Assessment,PK,5b06019e75db74cb43ec4bcdbec2c6dc71392d6fca239bdc06827c808f38b72c,2024-2025,missing,5b06019e75db74cb43ec4bcdbec2c6dc71392d6fca239bdc06827c808f38b72c
0075fbcc25cbbb8bdc6b085e5fdc750098964e7a5edeab26467f8a15875ac1b6,FL,ACCESS for ELLs,,ELA,Assessment,7,3067c5fa7d9da55a5b3e1980dd4f1c36edd4c4cca6360b3528bfef348c4278de,2023-2024,missing,3067c5fa7d9da55a5b3e1980dd4f1c36edd4c4cca6360b3528bfef348c4278de
007b07ade7a7d5a94ae4c37bc7b58dbfb8f33fa4f1ad152369030931469610be,FL,NAEP Reading,,ELA,Assessment,4,d0f524831b4a5fb961609a8dce8c85a7364ee9eb9853a8a80932b6835801feba,2023-2024,missing,d0f524831b4a5fb961609a8dce8c85a7364ee9eb9853a8a80932b6835801feba
009fa7650d49f5e7878e84a150ecc9c3046535d0a4febf047f6b49b494f4f2b1,FL,ACCESS FOR ELLS,,ELA,Assessment,8,3067c5fa7d9da55a5b3e1980dd4f1c36edd4c4cca6360b3528bfef348c4278de,2023-2024,missing,3067c5fa7d9da55a5b3e1980dd4f1c36edd4c4cca6360b3528bfef348c4278de
00a000ea351ba48b5fd7582ef4e39e3976fa9c49ca11514609dca8373eda0c3c,FL,B.E.S.T. Writing,,ELA,Assessment,6,5b06019e75db74cb43ec4bcdbec2c6dc71392d6fca239bdc06827c808f38b72c,2023-2024,missing,5b06019e75db74cb43ec4bcdbec2c6dc71392d6fca239bdc06827c808f38b72c
013cd0e38bcc20ab88d1d523948212a4c2189ef561fc93d853dd1ac5c271c7be,FL,ACT,ACT,ELA,Assessment,11,89ff1e8788dfa2c44bc425caa1ddf1a7c22dc223f9baa36e6213a508124a94c8,2023-2024,present,89ff1e8788dfa2c44bc425caa1ddf1a7c22dc223f9baa36e6213a508124a94c8
00037f5160d6bff85dcf3e2f63c49a8adef39a856e85106a9e864a218b146072,GA,Formative assessments,,ELA,Assessment,8,5b06019e75db74cb43ec4bcdbec2c6dc71392d6fca239bdc06827c808f38b72c,2024-2025,missing,5b06019e75db74cb43ec4bcdbec2c6dc71392d6fca239bdc06827c808f38b72c
002af42b69b8a6736cc752419e87f8870232c922f7ca990b9e5ce4a440dce75b,GA,Acadience,,ELA,Assessment,1,1bd4d211015bee75c8dab7bbc6439ef1c3d8a5df5fb696e7b349351f8683006b,2024-2025,missing,1bd4d211015bee75c8dab7bbc6439ef1c3d8a5df5fb696e7b349351f8683006b
006b5b770c60585c69cfd642375b70171321782ff62a726f6f5381aaf682a1ce,GA,Torrance Tests for Creative Thinking,,ELA,Assessment,5,9b41baefd0d7404d6bedc57ef09f5077e74359bcae70236a76c1418927415066,2023-2024,missing,9b41baefd0d7404d6bedc57ef09f5077e74359bcae70236a76c1418927415066
00a07d9a7a95d8a17ce46f0e9037ac6b132d8c1c98d45fb39276d87fc3c207a1,GA,BEACON,,ELA,Assessment,4,741fc997fd25a8865284f8c8d30ded813933c318733d6b120df51f2bbe013958,2023-2024,missing,741fc997fd25a8865284f8c8d30ded813933c318733d6b120df51f2bbe013958
00395a7a1608c868b2a4c89545705fd89b68f761cde592fe3e5ed9d35f9d9184,GA,GAA 2.0,GAA 2.0,ELA,Assessment,10,5b06019e75db74cb43ec4bcdbec2c6dc71392d6fca239bdc06827c808f38b72c,2023-2024,present,5b06019e75db74cb43ec4bcdbec2c6dc71392d6fca239bdc06827c808f38b72c
00a82b49972de76d42b9ea6d086d8333cad5d172b36e2e742afca0cac96de085,GA,NWEA: MAP Growth: ELA: 3-11,NWEA,ELA,Assessment,9,dee0f2790440685546f3d5dba2a914e5d10319529e1129e4e363d41af2d536db,2024-2025,present,dee0f2790440685546f3d5dba2a914e5d10319529e1129e4e363d41af2d536db
00683646dff91c0ef56fa1323bc87b8c3fb1363aeb1570f09148d17f0ed7dbc5,IA,ELL assessment,,ELA,Assessment,12,5b06019e75db74cb43ec4bcdbec2c6dc71392d6fca239bdc06827c808f38b72c,2023-2024,missing,5b06019e75db74cb43ec4bcdbec2c6dc71392d6fca239bdc06827c808f38b72c
005a32dfc05dfd169e26f3b26caf0ea87a0cf14a847c02eedae38dea779f6614,ID,English District Required Unit Assessment,,ELA,Assessment,1,8bc4b916ea5ccc05c4810bf1e3bd7d078b7a86856fdf67184bf63e3609de57b9,2023-2024,missing,8bc4b916ea5ccc05c4810bf1e3bd7d078b7a86856fdf67184bf63e3609de57b9
000924b9116c9bf6a9bb8b83123df9c3502a9361a280088b2865896b545a8743,IL,ACCESS 2.0,,ELA,Assessment,2,3067c5fa7d9da55a5b3e1980dd4f1c36edd4c4cca6360b3528bfef348c4278de,2023-2024,missing,3067c5fa7d9da55a5b3e1980dd4f1c36edd4c4cca6360b3528bfef348c4278de
002a6f9f1a7205ad79113d41a83a12ba0aea28196a7a08d1eaefbc71be0cf1d0,IL,5Essentials,,ELA,Assessment,7,9b41baefd0d7404d6bedc57ef09f5077e74359bcae70236a76c1418927415066,2024-2025,missing,9b41baefd0d7404d6bedc57ef09f5077e74359bcae70236a76c1418927415066
003aa9c1fe26d8a94ad4f017f172f81e74a6a25c27f5cb7f4b3674d60eaf8397,IL,STAR Reading,,ELA,Assessment,5,61cd9bdcfd309ec294f0d5e279650ffd79c53359ee5edc84c0178605752c96d4,2023-2024,missing,61cd9bdcfd309ec294f0d5e279650ffd79c53359ee5edc84c0178605752c96d4
0060ae039b23143584a10114ac357ae7ec27a9b511117af3a5439886bbd34ce7,IL,STAR Assessment,,ELA,Assessment,6,61cd9bdcfd309ec294f0d5e279650ffd79c53359ee5edc84c0178605752c96d4,2024-2025,missing,61cd9bdcfd309ec294f0d5e279650ffd79c53359ee5edc84c0178605752c96d4
00aa28ad8ec4a0220c194cfe353f58f28c504186eb7756acfa666e2c35f865f7,IL,aimsweb,,ELA,Assessment,2,57afee1804020279bb7c96876462e2f6e2a3a0e35ca42f2cbdee6d0aa73db7f4,2023-2024,missing,57afee1804020279bb7c96876462e2f6e2a3a0e35ca42f2cbdee6d0aa73db7f4
000a059e7829f9de2dd3bfcb849db9cae79ef14daf0eb34f424c23b225f76554,IL,Dynamic Learning Maps (DLM)  Alternate Assessments,Dynamic Learning Maps,ELA,Assessment,3,e8981ac7bc4c59e1072b24160cd1a28f170dc20cd8564bf57159810523c505d7,2023-2024,present,e8981ac7bc4c59e1072b24160cd1a28f170dc20cd8564bf57159810523c505d7
006e4e2996ee6891fccb6611175388a297a10f6e61cca9efd9ac1e72aeb7243f,IL,SAT,College Board,ELA,Assessment,11,44e3080cb989d5ae104ac5f115d1f9677bd4b0991bf30630d0f7113b7bcb6fee,2024-2025,present,44e3080cb989d5ae104ac5f115d1f9677bd4b0991bf30630d0f7113b7bcb6fee
004db5fa28d4d9a7bb1f1cf708f2006805710c0e42f886eee9b6197ba232a575,IN,NWEA MAP,,ELA,Assessment,7,3d6c5002a86d064608d518b7041d788d11bb1e498c257f4076fbf446f64e6826,2023-2024,missing,3d6c5002a86d064608d518b7041d788d11bb1e498c257f4076fbf446f64e6826
006bc0f3060e2702429b89b22117762d9a5ba8a2d1b8a8055c3a0083e5c34bf7,IN,iLearn,,ELA,Assessment,5,5b06019e75db74cb43ec4bcdbec2c6dc71392d6fca239bdc06827c808f38b72c,2023-2024,missing,5b06019e75db74cb43ec4bcdbec2c6dc71392d6fca239bdc06827c808f38b72c
004231333ec889564ebeea2ac21442bd9eea856ec009a9174802efcd0b2eaf80,IN,ILEARN,Cambium Assessment,ELA,Assessment,4,5b06019e75db74cb43ec4bcdbec2c6dc71392d6fca239bdc06827c808f38b72c,2024-2025,present,5b06019e75db74cb43ec4bcdbec2c6dc71392d6fca239bdc06827c808f38b72c
019d3eb4a4a70a3cf12dbfc475e3b3ad662e4538621d99eccc18e4d9e7551aa6,KS,Quick Phonics Screener (QPS),,ELA,Assessment,8,8bc4b916ea5ccc05c4810bf1e3bd7d078b7a86856fdf67184bf63e3609de57b9,2023-2024,missing,8bc4b916ea5ccc05c4810bf1e3bd7d078b7a86856fdf67184bf63e3609de57b9
0166afb3391a4f02904bb165fc439bdffab67b941fdedc617720458d0de74b93,KS,Dynamic Learning Maps ELA,Dynamic Learning Maps,ELA,Assessment,11,e8981ac7bc4c59e1072b24160cd1a28f170dc20cd8564bf57159810523c505d7,2024-2025,present,e8981ac7bc4c59e1072b24160cd1a28f170dc20cd8564bf57159810523c505d7
009049d9f9c6f57c48c2e3cd9d3cb73b9518619d3bba2a64c05c3a7adf408e84,KY,NWEA MAP,,ELA,Assessment,4,dee0f2790440685546f3d5dba2a914e5d10319529e1129e4e363d41af2d536db,2023-2024,missing,dee0f2790440685546f3d5dba2a914e5d10319529e1129e4e363d41af2d536db
01c0eeda4592d788e62cccbf3490c36279ccc57433d21a5b4347b4b9f8158ce5,KY,DRA: K-5,Pearson Education,ELA,Assessment,1,6668dea5125090e42b5143e04b51b3d84fc1cb4af4ee1bd3f6c08be2993a440d,2024-2025,present,6668dea5125090e42b5143e04b51b3d84fc1cb4af4ee1bd3f6c08be2993a440d
000a6f35ba977de109c061fa18902b18117e4f28205dc50aba0d93661003bb2d,LA,DIBELS,,ELA,Assessment,K,7a854875e5a7f25aca31f6eca06c8f3d69e6eaa1d56c8899c736e686249337fa,2024-2025,missing,7a854875e5a7f25aca31f6eca06c8f3d69e6eaa1d56c8899c736e686249337fa
00886d4b8cdb45a7e23924a888608d52737ffc81534e61a044d8e8c1dbba8d81,MA,DIBELS,,ELA,Assessment,7,7a854875e5a7f25aca31f6eca06c8f3d69e6eaa1d56c8899c736e686249337fa,2023-2024,missing,7a854875e5a7f25aca31f6eca06c8f3d69e6eaa1d56c8899c736e686249337fa
008c8b30e03f7acb4e1d8c5c16ca0ee63e1f613a4da7bd49b2c00b3ca6b0b619,MD,MCAP,,ELA,Assessment,1,5b06019e75db74cb43ec4bcdbec2c6dc71392d6fca239bdc06827c808f38b72c,2024-2025,missing,5b06019e75db74cb43ec4bcdbec2c6dc71392d6fca239bdc06827c808f38b72c
00d2f695e296466fd09ccdbc1ba7f0704e31078eab603f9443e436e254e7e8ce,MD,Maryland Comprehensive Assessment Program,Maryland Department of Education,ELA,Assessment,7,5b06019e75db74cb43ec4bcdbec2c6dc71392d6fca239bdc06827c808f38b72c,2023-2024,present,5b06019e75db74cb43ec4bcdbec2c6dc71392d6fca239bdc06827c808f38b72c
001b68d13e1f585913a26561488dbd1805f24006da1877bbd0d6749230843129,MI,I-ready reading,,ELA,Assessment,7,56857edf7ee969e982d7a6aceec1cfa3310feeaa2665951d7257ecdbc8a6585e,2024-2025,missing,56857edf7ee969e982d7a6aceec1cfa3310feeaa2665951d7257ecdbc8a6585e
00e0d99645b1d84fbb4ae100d7c62f4c4a30b7d579221f1252b12d9900f79fdc,MI,Access,,ELA,Assessment,4,3067c5fa7d9da55a5b3e1980dd4f1c36edd4c4cca6360b3528bfef348c4278de,2024-2025,missing,3067c5fa7d9da55a5b3e1980dd4f1c36edd4c4cca6360b3528bfef348c4278de
0033176afa5c655b515ffc5d46ab9067248482adc6e61e5402cdbe833dedba9e,MN,ACCESS/Alternate ACCESS for ELLs,,ELA,Assessment,5,3067c5fa7d9da55a5b3e1980dd4f1c36edd4c4cca6360b3528bfef348c4278de,2023-2024,missing,3067c5fa7d9da55a5b3e1980dd4f1c36edd4c4cca6360b3528bfef348c4278de
00413ce7440992b48bcb60bfddccc2909da33449cc9c85cba8f4519ceb1df6dc,MN,ACCESS for ELLs,,ELA,Assessment,2,3067c5fa7d9da55a5b3e1980dd4f1c36edd4c4cca6360b3528bfef348c4278de,2023-2024,missing,3067c5fa7d9da55a5b3e1980dd4f1c36edd4c4cca6360b3528bfef348c4278de
0077528fe33a2911fc860d76493c605f4366475f49400a09ef9ed5572f45fd4b,MN,Letter Names,,ELA,Assessment,K,5a61bd63948ea0f4e69b6b3fc3db322c4fcbb1d3056ba0df85ca77ced410f760,2023-2024,missing,5a61bd63948ea0f4e69b6b3fc3db322c4fcbb1d3056ba0df85ca77ced410f760
0000fcf163a600b7a71364b6f1e7767e8499dbadfb80adc7e7e727083aa54050,MO,ACCESS for ELLS,,ELA,Assessment,12,3067c5fa7d9da55a5b3e1980dd4f1c36edd4c4cca6360b3528bfef348c4278de,2024-2025,missing,3067c5fa7d9da55a5b3e1980dd4f1c36edd4c4cca6360b3528bfef348c4278de
001f24d0f3b491a7e0f4d1f21bf7595282fc4f546c0a57c220ecf2981c66b853,MO,WIDA Screener,,ELA,Assessment,7,c353c087e273dfcdbabf4a7e0eb5b671871de89ac1722099111ca390b8b70fa5,2023-2024,missing,c353c087e273dfcdbabf4a7e0eb5b671871de89ac1722099111ca390b8b70fa5
001b6dff64be1824c5197c9a20b73d8c7b062bbf63215021d3a69fffb89f68ae,MS,iReady Diagnostic Test,,ELA,Assessment,4,56857edf7ee969e982d7a6aceec1cfa3310feeaa2665951d7257ecdbc8a6585e,2023-2024,missing,56857edf7ee969e982d7a6aceec1cfa3310feeaa2665951d7257ecdbc8a6585e
00449ad4af9af0c9f83adf190a196bbb91e04283aee68c0962cacade46bad7a1,MS,ACT WorkKeys,ACT,ELA,Assessment,10,60f8e4bc6025f11824e7355130ee1e1f44a7a1fc95bcfc16c58c105660b9c6db,2023-2024,present,60f8e4bc6025f11824e7355130ee1e1f44a7a1fc95bcfc16c58c105660b9c6db
0013aea54f911e22b60cc433acf7bff4c4f42b9b09678c80def136798915229e,NC,"i-Ready Diagnostic Assessments â Math (K-8), Reading (4-8)",,ELA,Assessment,5,56857edf7ee969e982d7a6aceec1cfa3310feeaa2665951d7257ecdbc8a6585e,2023-2024,missing,56857edf7ee969e982d7a6aceec1cfa3310feeaa2665951d7257ecdbc8a6585e
00259a280f4c7402f3fe740f517e62fabd3489e23f3a6b15189d3b4081892205,NC,ACCESS for ELLs 2.0Â®,,ELA,Assessment,9,3067c5fa7d9da55a5b3e1980dd4f1c36edd4c4cca6360b3528bfef348c4278de,2023-2024,missing,3067c5fa7d9da55a5b3e1980dd4f1c36edd4c4cca6360b3528bfef348c4278de
005fc19b48ae73401545f64450b58e25bae1551cf2f8bec47facc99bc392cfa5,NC,Access for ELLs,,ELA,Assessment,5,3067c5fa7d9da55a5b3e1980dd4f1c36edd4c4cca6360b3528bfef348c4278de,2024-2025,missing,3067c5fa7d9da55a5b3e1980dd4f1c36edd4c4cca6360b3528bfef348c4278de
0092cae250bce0c7e9c2bd83150287028c6654ee58f439cfc229c9c17e7dc82b,NC,WIDA Screener Placement Test,,ELA,Assessment,12,c353c087e273dfcdbabf4a7e0eb5b671871de89ac1722099111ca390b8b70fa5,2023-2024,missing,c353c087e273dfcdbabf4a7e0eb5b671871de89ac1722099111ca390b8b70fa5
009376fddec107da1088e353308e78acf39e00b18e5e4a271462df02d3b6f51e,NC,ACT Workkeys,,ELA,Assessment,12,60f8e4bc6025f11824e7355130ee1e1f44a7a1fc95bcfc16c58c105660b9c6db,2023-2024,missing,60f8e4bc6025f11824e7355130ee1e1f44a7a1fc95bcfc16c58c105660b9c6db
00a7cdcd013b9040a7a588b92100a49f07bc64b6d3deabfcd3cb81cf103b9c80,NC,DIBELS,,ELA,Assessment,1,7a854875e5a7f25aca31f6eca06c8f3d69e6eaa1d56c8899c736e686249337fa,2023-2024,missing,7a854875e5a7f25aca31f6eca06c8f3d69e6eaa1d56c8899c736e686249337fa
0084c9743bb4dd5164bb2a3ad924fa26c85f23aa642f4142a912c17a36dddec2,NC,STAR Reading,STAR Reading,ELA,Assessment,3,61cd9bdcfd309ec294f0d5e279650ffd79c53359ee5edc84c0178605752c96d4,2024-2025,present,61cd9bdcfd309ec294f0d5e279650ffd79c53359ee5edc84c0178605752c96d4
00d0013117c8377d81be1e833a060b647a54bfcfb72c94afe4a03bc90b34c862,ND,mClass DIBELS,,ELA,Assessment,7,386b9e2b268a8a6bbd42b3ab9f9ea931240e1f7c3b6d75b95cf2d4d8f84eea93,2023-2024,missing,386b9e2b268a8a6bbd42b3ab9f9ea931240e1f7c3b6d75b95cf2d4d8f84eea93
001d40f5b8c9e09d16a0253d2428ed420b29904c07591f7944e0410e0b272025,NE,NSCAS English Language Arts,,ELA,Assessment,4,5b06019e75db74cb43ec4bcdbec2c6dc71392d6fca239bdc06827c808f38b72c,2023-2024,missing,5b06019e75db74cb43ec4bcdbec2c6dc71392d6fca239bdc06827c808f38b72c
00c4bc051b647906d4895416ea0dd975fa38df1cde18e6db94e2d9961cb145bf,NH,DLM,,ELA,Assessment,7,e8981ac7bc4c59e1072b24160cd1a28f170dc20cd8564bf57159810523c505d7,2024-2025,missing,e8981ac7bc4c59e1072b24160cd1a28f170dc20cd8564bf57159810523c505d7
0005f73598016ac755891f46e9cfe093d66acd912aec496d7f03eba212269549,NJ,Dynamic Learning Maps (DLM),,ELA,Assessment,5,e8981ac7bc4c59e1072b24160cd1a28f170dc20cd8564bf57159810523c505d7,2023-2024,missing,e8981ac7bc4c59e1072b24160cd1a28f170dc20cd8564bf57159810523c505d7
0010c5fed83558eaa8f78dd3a5dfefd10965df4ede48de495502b5e8486b7181,NJ,ACCESS,,ELA,Assessment,6,3067c5fa7d9da55a5b3e1980dd4f1c36edd4c4cca6360b3528bfef348c4278de,2023-2024,missing,3067c5fa7d9da55a5b3e1980dd4f1c36edd4c4cca6360b3528bfef348c4278de
001b69733d5c92c6b0424b6037007f6e8b343741a4ec3a4221603394c9428f75,NJ,New Jersey Student Learning Assessment (NJSLA),,ELA,Assessment,5,5b06019e75db74cb43ec4bcdbec2c6dc71392d6fca239bdc06827c808f38b72c,2023-2024,missing,5b06019e75db74cb43ec4bcdbec2c6dc71392d6fca239bdc06827c808f38b72c
003d3f2fc15341b5567c3c2d6b151324c91fa2b06063dd412852e9bb387de7d9,NJ,ACCESS for ELLs,,ELA,Assessment,5,3067c5fa7d9da55a5b3e1980dd4f1c36edd4c4cca6360b3528bfef348c4278de,2024-2025,missing,3067c5fa7d9da55a5b3e1980dd4f1c36edd4c4cca6360b3528bfef348c4278de
00476df59f998d8ea4d13bd6717b0fa2decc8fad7aadf3c94c52c611c48e88c1,NJ,WIDA MODEL,,ELA,Assessment,8,c353c087e273dfcdbabf4a7e0eb5b671871de89ac1722099111ca390b8b70fa5,2023-2024,missing,c353c087e273dfcdbabf4a7e0eb5b671871de89ac1722099111ca390b8b70fa5
006da9be3b929cca1e86b26905519719ea2cc532d998df3a8795e8a44f09278c,NJ,STAR,,ELA,Assessment,3,61cd9bdcfd309ec294f0d5e279650ffd79c53359ee5edc84c0178605752c96d4,2023-2024,missing,61cd9bdcfd309ec294f0d5e279650ffd79c53359ee5edc84c0178605752c96d4
00e569435d263aefad52d3d47cd8b426ae71a8e38d795e05a3b9f2e750f1a702,NJ,NJSLA,NJDOE,ELA,Assessment,7,5b06019e75db74cb43ec4bcdbec2c6dc71392d6fca239bdc06827c808f38b72c,2024-2025,present,5b06019e75db74cb43ec4bcdbec2c6dc71392d6fca239bdc06827c808f38b72c
00f5193608bef598714ff9325e037d29805d29c25555eb0c6aa208ddf3913699,NJ,ACCESS for ELLs: K-12,University of Wisconsin-Madison,ELA,Assessment,6,3067c5fa7d9da55a5b3e1980dd4f1c36edd4c4cca6360b3528bfef348c4278de,2024-2025,present,3067c5fa7d9da55a5b3e1980dd4f1c36edd4c4cca6360b3528bfef348c4278de
00833b02159693f47d069cb8a19cde22b3779e6a7a80f1859b576a5a1ac03c33,NM,Interim Measures of Student Success Achievement,,ELA,Assessment,3,5b06019e75db74cb43ec4bcdbec2c6dc71392d6fca239bdc06827c808f38b72c,2023-2024,missing,5b06019e75db74cb43ec4bcdbec2c6dc71392d6fca239bdc06827c808f38b72c
00d1eb6a643dee1bcb69b4095c0e4c47506ef6694f75f5800a51f350234ff61d,NM,ACCESS for English Language Learners,,ELA,Assessment,2,3067c5fa7d9da55a5b3e1980dd4f1c36edd4c4cca6360b3528bfef348c4278de,2023-2024,missing,3067c5fa7d9da55a5b3e1980dd4f1c36edd4c4cca6360b3528bfef348c4278de
00e665fd04be3a382c4a2d7816c59456fb0192abb4a5d49c665389471e7899d7,NM,Dynamic Learning Maps,,ELA,Assessment,11,e8981ac7bc4c59e1072b24160cd1a28f170dc20cd8564bf57159810523c505d7,2023-2024,missing,e8981ac7bc4c59e1072b24160cd1a28f170dc20cd8564bf57159810523c505d7
004a6d3f994f28b12efac3e8e1c890c3aeb43184fdbc64e5a270f1c4cb1e18df,NV,NWEA Measures of Academic Progress,,ELA,Assessment,6,dee0f2790440685546f3d5dba2a914e5d10319529e1129e4e363d41af2d536db,2024-2025,missing,dee0f2790440685546f3d5dba2a914e5d10319529e1129e4e363d41af2d536db
007bbb33d5b80fb8f75ccbe18d51cffabdfc9ccc6788da230e6ae07985d79a08,NY,NYSESLATT,,ELA,Assessment,NI,5b06019e75db74cb43ec4bcdbec2c6dc71392d6fca239bdc06827c808f38b72c,2024-2025,missing,5b06019e75db74cb43ec4bcdbec2c6dc71392d6fca239bdc06827c808f38b72c
0029adcb5eca015ba228ee2be61e7c8d5ed27e1f2b12249e3ebcd804d968dab8,OH,OELPA,,ELA,Assessment,11,5b06019e75db74cb43ec4bcdbec2c6dc71392d6fca239bdc06827c808f38b72c,2024-2025,missing,5b06019e75db74cb43ec4bcdbec2c6dc71392d6fca239bdc06827c808f38b72c
005d8e3348851bba8758c36ff6546b3fb10728d4ffbe221ae1d3139f1ef34573,OH,i-Ready,,ELA,Assessment,8,56857edf7ee969e982d7a6aceec1cfa3310feeaa2665951d7257ecdbc8a6585e,2024-2025,missing,56857edf7ee969e982d7a6aceec1cfa3310feeaa2665951d7257ecdbc8a6585e
002ca98f4718e1cab68178e6ede4e90b1208952bf0871eba768f561fab94fbef,OK,ACCESS for English Language (EL) Learners,,ELA,Assessment,10,3067c5fa7d9da55a5b3e1980dd4f1c36edd4c4cca6360b3528bfef348c4278de,2024-2025,missing,3067c5fa7d9da55a5b3e1980dd4f1c36edd4c4cca6360b3528bfef348c4278de
0012204d0baddb3e88c15ee8cd8bd3f545c5562d47b7062d0c9fc2d36ef9ea75,OR,ELPA,,ELA,Assessment,6,5b06019e75db74cb43ec4bcdbec2c6dc71392d6fca239bdc06827c808f38b72c,2024-2025,missing,5b06019e75db74cb43ec4bcdbec2c6dc71392d6fca239bdc06827c808f38b72c
0072af14ebdec65ffa2e9fd28be0bc7ba39ae91f1f020926be8bdb23578f3c90,PA,DRA (Developmental Reading Assessment),,ELA,Assessment,10,6668dea5125090e42b5143e04b51b3d84fc1cb4af4ee1bd3f6c08be2993a440d,2023-2024,missing,6668dea5125090e42b5143e04b51b3d84fc1cb4af4ee1bd3f6c08be2993a440d
00a2b1ad5b5a797f5c52d830edfcc432ef3d33b24f3692248ff062170db92510,PA,IXL,,ELA,Assessment,2,854f236fa100a8173ef91142918fcef8ca3eddb70915b5bc75490037ac4aceab,2023-2024,missing,854f236fa100a8173ef91142918fcef8ca3eddb70915b5bc75490037ac4aceab
00c5839199617e5c341779bc6c2f67b9be0f5edd1f8bed6d42d03c576d93d4f1,PA,WIDA: ACCESS ELL Testing,,ELA,Assessment,2,3067c5fa7d9da55a5b3e1980dd4f1c36edd4c4cca6360b3528bfef348c4278de,2024-2025,missing,3067c5fa7d9da55a5b3e1980dd4f1c36edd4c4cca6360b3528bfef348c4278de
0052aa4090a4a0170073bf26d8f02e76419aecfcbc457af72523248d9a2d8923,RI,Dynamic Learning Maps Alternate Assessments,,ELA,Assessment,1,9b41baefd0d7404d6bedc57ef09f5077e74359bcae70236a76c1418927415066,2024-2025,missing,9b41baefd0d7404d6bedc57ef09f5077e74359bcae70236a76c1418927415066
000da77c1cf8f6507a365ce1065b119bdaf300422dea1e6a57b8216bb3a1d650,SC,WIDA ACCESS  & Alt ACCESS for ELLs,,ELA,Assessment,K,3067c5fa7d9da55a5b3e1980dd4f1c36edd4c4cca6360b3528bfef348c4278de,2023-2024,missing,3067c5fa7d9da55a5b3e1980dd4f1c36edd4c4cca6360b3528bfef348c4278de
00103d813aa41ef7e01c26ca7c9654e8aded4adab3bbdc50ad9f1e2333a9fb8a,SC,WIDA ACCESS,,ELA,Assessment,3,3067c5fa7d9da55a5b3e1980dd4f1c36edd4c4cca6360b3528bfef348c4278de,2024-2025,missing,3067c5fa7d9da55a5b3e1980dd4f1c36edd4c4cca6360b3528bfef348c4278de
003ec698389f18546b1116e20ec78e6651fe958684e296ee8091d3f5e883c5b3,SC,NAEP (National Assessment of Educational Progress),,ELA,Assessment,NI,d0f524831b4a5fb961609a8dce8c85a7364ee9eb9853a8a80932b6835801feba,2024-2025,missing,d0f524831b4a5fb961609a8dce8c85a7364ee9eb9853a8a80932b6835801feba
0006ef42744e63627935560a4f4255a17f3294efbf6f019e547a402fbc45ded6,SC,SAT,SAT,ELA,Assessment,11,44e3080cb989d5ae104ac5f115d1f9677bd4b0991bf30630d0f7113b7bcb6fee,2023-2024,present,44e3080cb989d5ae104ac5f115d1f9677bd4b0991bf30630d0f7113b7bcb6fee
000fb7a8b21ac52a5ae391610fe15a4e30ed6dffa04b777e5a99e59e2375dd44,SD,DRA,DRA,ELA,Assessment,5,6668dea5125090e42b5143e04b51b3d84fc1cb4af4ee1bd3f6c08be2993a440d,2024-2025,present,6668dea5125090e42b5143e04b51b3d84fc1cb4af4ee1bd3f6c08be2993a440d
001ef54d3f0c1247525d8d68df094ae8dd910cefe06c73951bea10786a4b8bee,TN,ACT,,ELA,Assessment,11,89ff1e8788dfa2c44bc425caa1ddf1a7c22dc223f9baa36e6213a508124a94c8,2024-2025,missing,89ff1e8788dfa2c44bc425caa1ddf1a7c22dc223f9baa36e6213a508124a94c8
00783c95f3d849a456c04c3b4a831bfc538671a934bfeecff312d648c4fddd5e,TN,TCAP-ALT,,ELA,Assessment,5,5b06019e75db74cb43ec4bcdbec2c6dc71392d6fca239bdc06827c808f38b72c,2023-2024,missing,5b06019e75db74cb43ec4bcdbec2c6dc71392d6fca239bdc06827c808f38b72c
0092a73dfaa9a534fa064bd6e1b138a1a6abedf699d8ddcc2e76b5aeabd53224,TN,i-Ready,,ELA,Assessment,K,56857edf7ee969e982d7a6aceec1cfa3310feeaa2665951d7257ecdbc8a6585e,2024-2025,missing,56857edf7ee969e982d7a6aceec1cfa3310feeaa2665951d7257ecdbc8a6585e
01f248bf4b4f77aa709b7bdeffe91db9ea61c88fc6d42da00548efa84b02380c,TN,FastBridge,Illuminate Education,ELA,Assessment,10,5a61bd63948ea0f4e69b6b3fc3db322c4fcbb1d3056ba0df85ca77ced410f760,2024-2025,present,5a61bd63948ea0f4e69b6b3fc3db322c4fcbb1d3056ba0df85ca77ced410f760
001cd0acfaa07191565d18d9e5eecc34a2ebe8b57f09ee6cd2e1eded2d996508,TX,STAAR,,ELA,Assessment,12,5528a5f7af0a0016edafee9f1f6a55638a6fa16bae5b3f7afca8967236f50421,2024-2025,missing,5528a5f7af0a0016edafee9f1f6a55638a6fa16bae5b3f7afca8967236f50421
0023cae523990781b129ba898a1f1eadb38adbda8d986fc01db33b8bcca0897a,TX,EOY NWEA MAP: Reading/Math/Science,,ELA,Assessment,8,3d6c5002a86d064608d518b7041d788d11bb1e498c257f4076fbf446f64e6826,2023-2024,missing,3d6c5002a86d064608d518b7041d788d11bb1e498c257f4076fbf446f64e6826
003321a2469923fd640236b87247980007db8811af5c81586fb2bb56393b8b0a,TX,Student Success Inititative,,ELA,Assessment,10,9b41baefd0d7404d6bedc57ef09f5077e74359bcae70236a76c1418927415066,2023-2024,missing,9b41baefd0d7404d6bedc57ef09f5077e74359bcae70236a76c1418927415066
005208d143155f0e32d63b2eebd0f02311a1e157c2a2f44ad4162e80559e3a3e,TX,Week Benchmarks,,ELA,Assessment,1,8bc4b916ea5ccc05c4810bf1e3bd7d078b7a86856fdf67184bf63e3609de57b9,2024-2025,missing,8bc4b916ea5ccc05c4810bf1e3bd7d078b7a86856fdf67184bf63e3609de57b9
005c5fb4223f3520f3164e2a26c9c47f6e425ddd4e97a2d52f14a6baa43e097f,TX,STAAR,,ELA,Assessment,6,5528a5f7af0a0016edafee9f1f6a55638a6fa16bae5b3f7afca8967236f50421,2024-2025,missing,5528a5f7af0a0016edafee9f1f6a55638a6fa16bae5b3f7afca8967236f50421
00680e28dbd6647daaedd91010726480c0fe25bfca8fed3be95c5c646d47fbe5,TX,TELPAS,,ELA,Assessment,11,5b06019e75db74cb43ec4bcdbec2c6dc71392d6fca239bdc06827c808f38b72c,2024-2025,missing,5b06019e75db74cb43ec4bcdbec2c6dc71392d6fca239bdc06827c808f38b72c
009632c7547b66c8bb62bf2a437696a2b8c90c6a73662b6b90b7404f88c3f6c6,TX,STAAR,,ELA,Assessment,4,5528a5f7af0a0016edafee9f1f6a55638a6fa16bae5b3f7afca8967236f50421,2024-2025,missing,5528a5f7af0a0016edafee9f1f6a55638a6fa16bae5b3f7afca8967236f50421
00b7327058a1dcc8fc69a7db98d6672d3f3fd04f831c00ca876c8be14a9c362f,TX,Middle School Fluency Exam,,ELA,Assessment,7,8bc4b916ea5ccc05c4810bf1e3bd7d078b7a86856fdf67184bf63e3609de57b9,2023-2024,missing,8bc4b916ea5ccc05c4810bf1e3bd7d078b7a86856fdf67184bf63e3609de57b9
00c14fdf9ad8f5415f58a9e7f8ae7151c129769388bea23e93c64e4eced01eb4,TX,TELPAS,,ELA,Assessment,10,5b06019e75db74cb43ec4bcdbec2c6dc71392d6fca239bdc06827c808f38b72c,2023-2024,missing,5b06019e75db74cb43ec4bcdbec2c6dc71392d6fca239bdc06827c808f38b72c
00c26f34de221175ba460258b0750d8cb7c16953591f21d91525e9ba64b3ffa2,TX,NWEA MAP Growth,,ELA,Assessment,5,dee0f2790440685546f3d5dba2a914e5d10319529e1129e4e363d41af2d536db,2024-2025,missing,dee0f2790440685546f3d5dba2a914e5d10319529e1129e4e363d41af2d536db
004cde0abf7085a4284af9d9196fced71f696903c2ef483c9e3c39841c41b771,TX,NAEP,US Department of Education,ELA,Assessment,4,d0f524831b4a5fb961609a8dce8c85a7364ee9eb9853a8a80932b6835801feba,2024-2025,present,d0f524831b4a5fb961609a8dce8c85a7364ee9eb9853a8a80932b6835801feba
00be634d937062abe9ff9b9354b57a97493c19f4866304698d7ccbf2b083a7e5,TX,STAAR,STAAR/TELPAS,ELA,Assessment,4,61cd9bdcfd309ec294f0d5e279650ffd79c53359ee5edc84c0178605752c96d4,2023-2024,present,61cd9bdcfd309ec294f0d5e279650ffd79c53359ee5edc84c0178605752c96d4
00c722ccf6234e928710e8eb5e2759b57638970446cccc5844dff541cf191ca8,TX,TELPAS,TELPAS,ELA,Assessment,7,5b06019e75db74cb43ec4bcdbec2c6dc71392d6fca239bdc06827c808f38b72c,2023-2024,present,5b06019e75db74cb43ec4bcdbec2c6dc71392d6fca239bdc06827c808f38b72c
0023ff0665810444535898a7d4e15b5703d14d173c5526ea5d5aea36260f5d5b,UT,ACT,,ELA,Assessment,NI,89ff1e8788dfa2c44bc425caa1ddf1a7c22dc223f9baa36e6213a508124a94c8,2024-2025,missing,89ff1e8788dfa2c44bc425caa1ddf1a7c22dc223f9baa36e6213a508124a94c8
00371e96afdbefa984e4ae12e1060b1fd38eddc67d3f12530b0949b0d6607d65,UT,WIDA,,ELA,Assessment,12,c353c087e273dfcdbabf4a7e0eb5b671871de89ac1722099111ca390b8b70fa5,2023-2024,missing,c353c087e273dfcdbabf4a7e0eb5b671871de89ac1722099111ca390b8b70fa5
00f1f2e7f20c87752b98a2956834e5cb04d5d424240eb93341850a771406a09b,UT,ACCESS,ACCESS,ELA,Assessment,11,3067c5fa7d9da55a5b3e1980dd4f1c36edd4c4cca6360b3528bfef348c4278de,2024-2025,present,3067c5fa7d9da55a5b3e1980dd4f1c36edd4c4cca6360b3528bfef348c4278de
001925eb5207727d47151588aec26ffebf7529653d98128d6c2c52d71f71d660,VA,Access for ELLS,,ELA,Assessment,5,3067c5fa7d9da55a5b3e1980dd4f1c36edd4c4cca6360b3528bfef348c4278de,2024-2025,missing,3067c5fa7d9da55a5b3e1980dd4f1c36edd4c4cca6360b3528bfef348c4278de
0063f0d58f12476c1e9c8a2511e73c3757bbe9e5016270a5c885c33af5fcb0eb,VA,Cogat,,ELA,Assessment,2,69c32ed9800fe6da88b88176939e92733b203ac983b6fdcb1f57f68929858826,2024-2025,missing,69c32ed9800fe6da88b88176939e92733b203ac983b6fdcb1f57f68929858826
00899693f877900ad58d1cc02cb54ec4f8f4d67db4571960264f211596546147,VA,WIDA Screener,,ELA,Assessment,3,c353c087e273dfcdbabf4a7e0eb5b671871de89ac1722099111ca390b8b70fa5,2023-2024,missing,c353c087e273dfcdbabf4a7e0eb5b671871de89ac1722099111ca390b8b70fa5
008b6ac0b50a19f2b86268a334a444576d89939343090a5a5ff2ef2f916f1549,VA,Virginia Substitute Evaluation Program (VSEP),,ELA,Assessment,3,5b06019e75db74cb43ec4bcdbec2c6dc71392d6fca239bdc06827c808f38b72c,2023-2024,missing,5b06019e75db74cb43ec4bcdbec2c6dc71392d6fca239bdc06827c808f38b72c
0005f8593e77cb3fbf172c6d9734d58dd0fc806f22406c1baf1660ff7b8e74bb,WA,i-Ready,,ELA,Assessment,5,56857edf7ee969e982d7a6aceec1cfa3310feeaa2665951d7257ecdbc8a6585e,2023-2024,missing,56857edf7ee969e982d7a6aceec1cfa3310feeaa2665951d7257ecdbc8a6585e
00082fed0760d4a1796a28ef11b350d3c7e1595d21785cedafbdb1149de2b88f,WA,i-Ready,,ELA,Assessment,4,56857edf7ee969e982d7a6aceec1cfa3310feeaa2665951d7257ecdbc8a6585e,2023-2024,missing,56857edf7ee969e982d7a6aceec1cfa3310feeaa2665951d7257ecdbc8a6585e
0012b7b5e1ad3a4cd6601beabce3983b6ffac3df2411a5fe391d8d30b0d96347,WA,smarter balanced,,ELA,Assessment,7,a193c1174801b4a108ad3fd62cc510746b53b05a1fa982ca1bd8689ec04f0d65,2024-2025,missing,a193c1174801b4a108ad3fd62cc510746b53b05a1fa982ca1bd8689ec04f0d65
001de7a409b6da718ec36f2d0b99b0aca18ca26f4fd0cd15fc445ab0e6a4ea30,WA,Smarter Balanced,,ELA,Assessment,3,a193c1174801b4a108ad3fd62cc510746b53b05a1fa982ca1bd8689ec04f0d65,2023-2024,missing,a193c1174801b4a108ad3fd62cc510746b53b05a1fa982ca1bd8689ec04f0d65
0020af49d469ee80b1fd4445ec4e81b9994415390f25691fa739aa4a1d1adef4,WA,WA-AIM,,ELA,Assessment,8,5b06019e75db74cb43ec4bcdbec2c6dc71392d6fca239bdc06827c808f38b72c,2024-2025,missing,5b06019e75db74cb43ec4bcdbec2c6dc71392d6fca239bdc06827c808f38b72c
002e4e71f3ef01284dc2e8aefb4a6e3f6b2590e0a9e2e05464789b7610f29bb8,WA,Smarter Balanced,,ELA,Assessment,5,a193c1174801b4a108ad3fd62cc510746b53b05a1fa982ca1bd8689ec04f0d65,2024-2025,missing,a193c1174801b4a108ad3fd62cc510746b53b05a1fa982ca1bd8689ec04f0d65
002ceb352e9ba833418eafd7ed60a6dece44bdd831701a034d72e605eb7238e6,WI,Wisconsin Forward,,ELA,Assessment,4,5b06019e75db74cb43ec4bcdbec2c6dc71392d6fca239bdc06827c808f38b72c,2024-2025,missing,5b06019e75db74cb43ec4bcdbec2c6dc71392d6fca239bdc06827c808f38b72c
0040549e4592414890688fc9f1ba5f3bcefae168ad374b6d2c78a711212faa37,WI,Wisconsin Forward,,ELA,Assessment,K,5b06019e75db74cb43ec4bcdbec2c6dc71392d6fca239bdc06827c808f38b72c,2024-2025,missing,5b06019e75db74cb43ec4bcdbec2c6dc71392d6fca239bdc06827c808f38b72c
003941716eca492dc32b8e3a58aee9e75bba0b0d8aeee7e059f7059ff462a2dc,WV,ELPA21,,ELA,Assessment,10,5b06019e75db74cb43ec4bcdbec2c6dc71392d6fca239bdc06827c808f38b72c,2023-2024,missing,5b06019e75db74cb43ec4bcdbec2c6dc71392d6fca239bdc06827c808f38b72c
003284046aa381890ecd6c1ba3e87c7dd7acbc18019746f304fa1006fdb39591,WY,WyTopp,,ELA,Assessment,5,5b06019e75db74cb43ec4bcdbec2c6dc71392d6fca239bdc06827c808f38b72c,2023-2024,missing,5b06019e75db74cb43ec4bcdbec2c6dc71392d6fca239bdc06827c808f38b72c
000a2cc1e479abc58229fe206ecbbdb4814d8e85c8851e1be99b812d5a050ceb,AK,MAP Growth,,Math,Assessment,5,dee0f2790440685546f3d5dba2a914e5d10319529e1129e4e363d41af2d536db,2023-2024,missing,dee0f2790440685546f3d5dba2a914e5d10319529e1129e4e363d41af2d536db
00360daee08e820b1874b4f399d295077dd81382c7e7518809ed634ee7299695,AK,MAP Growth,,Math,Assessment,2,dee0f2790440685546f3d5dba2a914e5d10319529e1129e4e363d41af2d536db,2024-2025,missing,dee0f2790440685546f3d5dba2a914e5d10319529e1129e4e363d41af2d536db
002f64062641cd96653ec3eb0e71bbfec9ac0bf3ccae2969bd5703f2123ec535,AL,Pre-ACT,,Math,Assessment,10,61ce57189a44e7823dc8c783090542dadb39b1f374e237389cf0d3b19adfc099,2024-2025,missing,61ce57189a44e7823dc8c783090542dadb39b1f374e237389cf0d3b19adfc099
00d12cc2a634668f57220179446f9a08b0bdaf15647250cbc1cf32c7d4f74f74,AR,Atlas,,Math,Assessment,4,9b41baefd0d7404d6bedc57ef09f5077e74359bcae70236a76c1418927415066,2023-2024,missing,9b41baefd0d7404d6bedc57ef09f5077e74359bcae70236a76c1418927415066
00298672ac090ff301202768dd1b066185a0a5b30f0d51bc827503c8f6efff0f,AZ,SAEBRS,,Math,Assessment,8,5a61bd63948ea0f4e69b6b3fc3db322c4fcbb1d3056ba0df85ca77ced410f760,2024-2025,missing,5a61bd63948ea0f4e69b6b3fc3db322c4fcbb1d3056ba0df85ca77ced410f760
00f6f8c241008b35e686240e370be6109f7468c99bb10e26b7ace8ce588a649c,AZ,Arizona's Academic Standards Assessment (AASA),,Math,Assessment,7,5b06019e75db74cb43ec4bcdbec2c6dc71392d6fca239bdc06827c808f38b72c,2023-2024,missing,5b06019e75db74cb43ec4bcdbec2c6dc71392d6fca239bdc06827c808f38b72c
009cd07363563efe3c97a45b24d47f86b117ce64a34b181ef01aabd07dd2f369,AZ,NAEP,U.S. Department of Education,Math,Assessment,8,d0f524831b4a5fb961609a8dce8c85a7364ee9eb9853a8a80932b6835801feba,2024-2025,present,d0f524831b4a5fb961609a8dce8c85a7364ee9eb9853a8a80932b6835801feba
00090203295584f75c499179366ed83e3448ffdbfdcfdf1e6e11b9ae78223f80,CA,CAASPP,,Math,Assessment,12,5b06019e75db74cb43ec4bcdbec2c6dc71392d6fca239bdc06827c808f38b72c,2024-2025,missing,5b06019e75db74cb43ec4bcdbec2c6dc71392d6fca239bdc06827c808f38b72c
000b99dec70f81cab4322c8a63063af6f984825d1db7dd0f5e751045186021c8,CA,STAR Renaissance - Math,,Math,Assessment,5,61cd9bdcfd309ec294f0d5e279650ffd79c53359ee5edc84c0178605752c96d4,2024-2025,missing,61cd9bdcfd309ec294f0d5e279650ffd79c53359ee5edc84c0178605752c96d4
000eb9a765e3b773ed17c8a654ddba073d31c8f70f12657f725ab20c75a330ae,CA,Smarter Balanced,,Math,Assessment,2,a193c1174801b4a108ad3fd62cc510746b53b05a1fa982ca1bd8689ec04f0d65,2023-2024,missing,a193c1174801b4a108ad3fd62cc510746b53b05a1fa982ca1bd8689ec04f0d65
00170170b26a482f2c200a8b18c37a4772d87d64f8d0ce9482462a1392533967,CA,California Assessment of Student Performance and Progress (CAASPP),,Math,Assessment,10,5b06019e75db74cb43ec4bcdbec2c6dc71392d6fca239bdc06827c808f38b72c,2024-2025,missing,5b06019e75db74cb43ec4bcdbec2c6dc71392d6fca239bdc06827c808f38b72c
00190f4068b43904d630b96a307135b39951ecd8a25a110253ce2cde1f2ddb92,CA,CAASPP,,Math,Assessment,9,5b06019e75db74cb43ec4bcdbec2c6dc71392d6fca239bdc06827c808f38b72c,2023-2024,missing,5b06019e75db74cb43ec4bcdbec2c6dc71392d6fca239bdc06827c808f38b72c
00208aa58ab05c12c8dc1fd6b76756ce39b56d245f0406cbbcf1e5cc13c07d30,CA,i-ready,,Math,Assessment,NI,56857edf7ee969e982d7a6aceec1cfa3310feeaa2665951d7257ecdbc8a6585e,2024-2025,missing,56857edf7ee969e982d7a6aceec1cfa3310feeaa2665951d7257ecdbc8a6585e
002a34aacfb8b479dde6db6b6777bae54eecf8b247e1cf289c5b21c462db7c0e,CA,California Alternate Assessments (CAA),,Math,Assessment,8,5b06019e75db74cb43ec4bcdbec2c6dc71392d6fca239bdc06827c808f38b72c,2023-2024,missing,5b06019e75db74cb43ec4bcdbec2c6dc71392d6fca239bdc06827c808f38b72c
002ad7d334dac143ffd90edb53b8aea0d729124ddef3b82fee2d3ca027237cdc,CA,PSAT,,Math,Assessment,9,e68a5b1beee66c66a24185ee630717efe9efd82b4dd439b407a4e8b2e46031c3,2024-2025,missing,e68a5b1beee66c66a24185ee630717efe9efd82b4dd439b407a4e8b2e46031c3
002d95e73fcad773416392f5e258999bdce272d2c1d4d2e6acb9f9a6dc3a7c1c,CA,Smarter Balanced,,Math,Assessment,6,a193c1174801b4a108ad3fd62cc510746b53b05a1fa982ca1bd8689ec04f0d65,2023-2024,missing,a193c1174801b4a108ad3fd62cc510746b53b05a1fa982ca1bd8689ec04f0d65
00375350a6b9e381ada0f0804734ddfe2cf80d43acbc914ade4c278d1d172d31,CA,California Assessment of Student Performance and Progress,,Math,Assessment,7,a193c1174801b4a108ad3fd62cc510746b53b05a1fa982ca1bd8689ec04f0d65,2024-2025,missing,a193c1174801b4a108ad3fd62cc510746b53b05a1fa982ca1bd8689ec04f0d65
003d942d49e8d392142bd6f84734e6eec763e87fb977a1c85be0278b177554a6,CA,Smarter Balanced Summative Assessments,,Math,Assessment,6,a193c1174801b4a108ad3fd62cc510746b53b05a1fa982ca1bd8689ec04f0d65,2024-2025,missing,a193c1174801b4a108ad3fd62cc510746b53b05a1fa982ca1bd8689ec04f0d65
0047b12057e6340cded0279f1ae540f845afbc5962e0e6470f3873f12e687f4c,CA,fastbridge,,Math,Assessment,5,5a61bd63948ea0f4e69b6b3fc3db322c4fcbb1d3056ba0df85ca77ced410f760,2024-2025,missing,5a61bd63948ea0f4e69b6b3fc3db322c4fcbb1d3056ba0df85ca77ced410f760
004a83b3e4c5870d433711cf0164d3fee1fc393a03b413c61ef1d8f9538d3c15,CA,Smarter Balanced Summative Assessments,,Math,Assessment,3,a193c1174801b4a108ad3fd62cc510746b53b05a1fa982ca1bd8689ec04f0d65,2023-2024,missing,a193c1174801b4a108ad3fd62cc510746b53b05a1fa982ca1bd8689ec04f0d65
004e582ed7d5bddf63b2d3948cc92096f3fa404b66213fb5cf06970e298775ce,CA,CAASPP,,Math,Assessment,11,5b06019e75db74cb43ec4bcdbec2c6dc71392d6fca239bdc06827c808f38b72c,2024-2025,missing,5b06019e75db74cb43ec4bcdbec2c6dc71392d6fca239bdc06827c808f38b72c
005ef02216bab809fe808fd99d4a1acb6d668b291cc67e0153959bce3dcccbe6,CA,Smarter Balanced Assessment (SBAC),,Math,Assessment,12,a193c1174801b4a108ad3fd62cc510746b53b05a1fa982ca1bd8689ec04f0d65,2023-2024,missing,a193c1174801b4a108ad3fd62cc510746b53b05a1fa982ca1bd8689ec04f0d65
0066d36346d8404861a4d7d04ef0353156317b71be1737d12f040982dba45ebe,CA,i-Ready,,Math,Assessment,7,56857edf7ee969e982d7a6aceec1cfa3310feeaa2665951d7257ecdbc8a6585e,2024-2025,missing,56857edf7ee969e982d7a6aceec1cfa3310feeaa2665951d7257ecdbc8a6585e
002132c5b6925aba95593336619087b5bfe0c3a2dd10b2281f446c276aae50b3,CA,NWEA MAP,NWEA,Math,Assessment,8,9e229bfb2ece2adf64374f0207d12d981a7b227230351e4089b4ab7f24187233,2024-2025,present,9e229bfb2ece2adf64374f0207d12d981a7b227230351e4089b4ab7f24187233
004866ab8926344af0eb66c0aca3149531b35fa3922684f33ed0a000960d44e2,CA,NWEA,NWEA,Math,Assessment,K,6dc83f19f2778e373de44f283c4580bf6b2f7f496f696fbeba6cc0e9d33bf706,2024-2025,present,6dc83f19f2778e373de44f283c4580bf6b2f7f496f696fbeba6cc0e9d33bf706
0065a230a0a01fb2f8621aa8c46a8df32e71981b982c55688480ae4843163380,CA,i-Ready,Curriculum Associates,Math,Assessment,11,56857edf7ee969e982d7a6aceec1cfa3310feeaa2665951d7257ecdbc8a6585e,2024-2025,present,56857edf7ee969e982d7a6aceec1cfa3310feeaa2665951d7257ecdbc8a6585e
007ec1747ab3fca9cb258121cb5781ddcabda90ed0207b12b2f7a6730b0020fe,CA,The Smarter Balanced Assessment System,Smarter Balanced,Math,Assessment,3,a193c1174801b4a108ad3fd62cc510746b53b05a1fa982ca1bd8689ec04f0d65,2023-2024,present,a193c1174801b4a108ad3fd62cc510746b53b05a1fa982ca1bd8689ec04f0d65
0021e24406e06b8a9a202dc60c5e8897a5e6eff5d06256ee1a801c0e3014dcbf,CO,CogAT,,Math,Assessment,5,69c32ed9800fe6da88b88176939e92733b203ac983b6fdcb1f57f68929858826,2023-2024,missing,69c32ed9800fe6da88b88176939e92733b203ac983b6fdcb1f57f68929858826
006a9389547f730f6be8d1e2979f990a119dc75c8a36cc88f06969aeb98f6d30,CO,iReady Math,,Math,Assessment,10,56857edf7ee969e982d7a6aceec1cfa3310feeaa2665951d7257ecdbc8a6585e,2024-2025,missing,56857edf7ee969e982d7a6aceec1cfa3310feeaa2665951d7257ecdbc8a6585e
009844c45dbaa1fc7b08075f94f78d2476817aa764972eb4c7cc66a7e37f8621,CO,SAT,,Math,Assessment,11,44e3080cb989d5ae104ac5f115d1f9677bd4b0991bf30630d0f7113b7bcb6fee,2024-2025,missing,44e3080cb989d5ae104ac5f115d1f9677bd4b0991bf30630d0f7113b7bcb6fee
001db3d02529cffb2b62c5612be760be9d8ada3441effebcb8a1ed7cc9b1452d,FL,NAEP,,Math,Assessment,8,d0f524831b4a5fb961609a8dce8c85a7364ee9eb9853a8a80932b6835801feba,2024-2025,missing,d0f524831b4a5fb961609a8dce8c85a7364ee9eb9853a8a80932b6835801feba
003810f3f52db318f327ff4344a5e09025d0215d3c280f18d0abe821c346724d,FL,NAEP Mathematics,,Math,Assessment,4,d0f524831b4a5fb961609a8dce8c85a7364ee9eb9853a8a80932b6835801feba,2023-2024,missing,d0f524831b4a5fb961609a8dce8c85a7364ee9eb9853a8a80932b6835801feba
004373ecd5c8295a607173f8445140a9ea4483b2e59df59760918e16fa8e8dc2,FL,CogAT,,Math,Assessment,2,69c32ed9800fe6da88b88176939e92733b203ac983b6fdcb1f57f68929858826,2023-2024,missing,69c32ed9800fe6da88b88176939e92733b203ac983b6fdcb1f57f68929858826
005b47fb2adc922bd0d6a85f5852372b6961d5237ed564613f0de63ef7de7b39,FL,FAST PM1,,Math,Assessment,8,5b06019e75db74cb43ec4bcdbec2c6dc71392d6fca239bdc06827c808f38b72c,2024-2025,missing,5b06019e75db74cb43ec4bcdbec2c6dc71392d6fca239bdc06827c808f38b72c
006077c33baf274fc93a44ee1c2d2a9dcbb535f89e89f2ee2a7ac23952cdf9de,FL,NAEP,,Math,Assessment,12,d0f524831b4a5fb961609a8dce8c85a7364ee9eb9853a8a80932b6835801feba,2024-2025,missing,d0f524831b4a5fb961609a8dce8c85a7364ee9eb9853a8a80932b6835801feba
01dc75ae75c2a1943f33198ef26ce78b4ab0fed5424651d08bf7bf2d7503ee10,FL,i-Ready Math,iReady,Math,Assessment,8,56857edf7ee969e982d7a6aceec1cfa3310feeaa2665951d7257ecdbc8a6585e,2024-2025,present,56857edf7ee969e982d7a6aceec1cfa3310feeaa2665951d7257ecdbc8a6585e
000375fb35bff87b8785631752465dae33f4ef0624c6d73330eddaace850093c,GA,Georgia Alternate Assessment 2.0,,Math,Assessment,10,5b06019e75db74cb43ec4bcdbec2c6dc71392d6fca239bdc06827c808f38b72c,2023-2024,missing,5b06019e75db74cb43ec4bcdbec2c6dc71392d6fca239bdc06827c808f38b72c
0006e585f60cb0b95f47acfef3963093e5d26244d6c2075e84732495ca5ba147,GA,GKIDS Readiness Check,,Math,Assessment,K,5b06019e75db74cb43ec4bcdbec2c6dc71392d6fca239bdc06827c808f38b72c,2023-2024,missing,5b06019e75db74cb43ec4bcdbec2c6dc71392d6fca239bdc06827c808f38b72c
002ca223fa9f50fd650b1ce9fb5b35689c5bdb3ab565f4f310cde8cfaf7b9726,GA,DRC BEACON,,Math,Assessment,8,741fc997fd25a8865284f8c8d30ded813933c318733d6b120df51f2bbe013958,2024-2025,missing,741fc997fd25a8865284f8c8d30ded813933c318733d6b120df51f2bbe013958
0000b8f2b6ae0a3f9440edc60a0e3576bd49f5b081d61fe9d482e4f059f9b41d,GA,MAP,NWEA,Math,Assessment,2,3d6c5002a86d064608d518b7041d788d11bb1e498c257f4076fbf446f64e6826,2023-2024,present,3d6c5002a86d064608d518b7041d788d11bb1e498c257f4076fbf446f64e6826
0015d6d4346500f73d163932975f829a6a27db0def9a9800b8a77786934dff22,IA,FAST Math,,Math,Assessment,4,5a61bd63948ea0f4e69b6b3fc3db322c4fcbb1d3056ba0df85ca77ced410f760,2024-2025,missing,5a61bd63948ea0f4e69b6b3fc3db322c4fcbb1d3056ba0df85ca77ced410f760
01ac88ac5425ac47f39c83583528619e35ee7d972c6beb434ec25dd9d15f544d,ID,ISATs,,Math,Assessment,7,5b06019e75db74cb43ec4bcdbec2c6dc71392d6fca239bdc06827c808f38b72c,2024-2025,missing,5b06019e75db74cb43ec4bcdbec2c6dc71392d6fca239bdc06827c808f38b72c
0007ae7e3ac2de3a6448afe524b9f88b665e82cec614a69e005632e9ddc21f26,IL,IAR,,Math,Assessment,6,5b06019e75db74cb43ec4bcdbec2c6dc71392d6fca239bdc06827c808f38b72c,2024-2025,missing,5b06019e75db74cb43ec4bcdbec2c6dc71392d6fca239bdc06827c808f38b72c
00281effa46602e281309de5912027e1bac0824ad73a941926744d39f0d46f0a,IL,NWEA MAP,,Math,Assessment,9,3d6c5002a86d064608d518b7041d788d11bb1e498c257f4076fbf446f64e6826,2023-2024,missing,3d6c5002a86d064608d518b7041d788d11bb1e498c257f4076fbf446f64e6826
004a5ee72935969e1dc39b4b50e84ff69b28cfc83d0ae5ed8ceca3b19748c2b4,IL,DLM-AA,,Math,Assessment,8,e8981ac7bc4c59e1072b24160cd1a28f170dc20cd8564bf57159810523c505d7,2023-2024,missing,e8981ac7bc4c59e1072b24160cd1a28f170dc20cd8564bf57159810523c505d7
002d82805bd6115042e52a4fde64e3c0e1ad20f9d761c0d931bf054882548fa2,IL,ACT,ACT,Math,Assessment,9,89ff1e8788dfa2c44bc425caa1ddf1a7c22dc223f9baa36e6213a508124a94c8,2024-2025,present,89ff1e8788dfa2c44bc425caa1ddf1a7c22dc223f9baa36e6213a508124a94c8
001c9f0bb85d17456199a48586ef82c23cee59a1c716274f81f3b7311f633fcb,IN,i-Ready,,Math,Assessment,4,56857edf7ee969e982d7a6aceec1cfa3310feeaa2665951d7257ecdbc8a6585e,2023-2024,missing,56857edf7ee969e982d7a6aceec1cfa3310feeaa2665951d7257ecdbc8a6585e
00a877a555fa88e4b92363bf563318fd262e0216db1c2e7a89d4eeddb8ea5f9f,IN,ClearSight,Voyager Sopris Learning,Math,Assessment,3,aff2c78f2e443a5f74499dc0cb9be976a05a5eda6e18afc924171758f90b63a3,2023-2024,present,aff2c78f2e443a5f74499dc0cb9be976a05a5eda6e18afc924171758f90b63a3
00f8f047a455955593c9138da52bb28c83ab146e4a223fdcbc80d70bd6b42599,KY,i-Ready,,Math,Assessment,5,56857edf7ee969e982d7a6aceec1cfa3310feeaa2665951d7257ecdbc8a6585e,2023-2024,missing,56857edf7ee969e982d7a6aceec1cfa3310feeaa2665951d7257ecdbc8a6585e
004cc9b178a3614b9a8d3b9030e10d44040ad26c4e871d59ce3735ca711a0f75,LA,ACT,,Math,Assessment,11,89ff1e8788dfa2c44bc425caa1ddf1a7c22dc223f9baa36e6213a508124a94c8,2024-2025,missing,89ff1e8788dfa2c44bc425caa1ddf1a7c22dc223f9baa36e6213a508124a94c8
01dd1da5cb3c16f713c2e9f900fd01c4fce8f6ca65408da27e7b5aeefeae4c97,MD,NWEA,NWEA,Math,Assessment,7,dee0f2790440685546f3d5dba2a914e5d10319529e1129e4e363d41af2d536db,2024-2025,present,dee0f2790440685546f3d5dba2a914e5d10319529e1129e4e363d41af2d536db
000b4128cf8f91fe9721d2c1f93df438c475c2bc13a3427fc7a469d92e21f245,MI,NWEA,,Math,Assessment,12,dee0f2790440685546f3d5dba2a914e5d10319529e1129e4e363d41af2d536db,2024-2025,missing,dee0f2790440685546f3d5dba2a914e5d10319529e1129e4e363d41af2d536db
0104953380776c04783d9b159e2d8faed36b323d9be88d1ce4e07a52b2cd4a8c,MN,FastBridge,,Math,Assessment,7,5a61bd63948ea0f4e69b6b3fc3db322c4fcbb1d3056ba0df85ca77ced410f760,2024-2025,missing,5a61bd63948ea0f4e69b6b3fc3db322c4fcbb1d3056ba0df85ca77ced410f760
018c230f2617ed7022cb25a35602c7d6743d50b7ae337dfd32b3d244d449f770,MN,Measures of Academic Progress (MAP) Growth: Math,,Math,Assessment,8,dee0f2790440685546f3d5dba2a914e5d10319529e1129e4e363d41af2d536db,2023-2024,missing,dee0f2790440685546f3d5dba2a914e5d10319529e1129e4e363d41af2d536db
006312d1482a35f1475b3af4ecfaf8df97e9dc4f0a34fa362bee1609dbda6484,MO,Galileo Math Benchmark,,Math,Assessment,7,1c97c6f81655731f0797ed045c48bd9e5e2d3d1531a30bab0c25c27a55e1c4fa,2024-2025,missing,1c97c6f81655731f0797ed045c48bd9e5e2d3d1531a30bab0c25c27a55e1c4fa
008ee442d5b8e285825f129cb4f2f37d009b0b8ffce8e2f7b34f1a02e198e6e1,MO,FastBridge,,Math,Assessment,6,5a61bd63948ea0f4e69b6b3fc3db322c4fcbb1d3056ba0df85ca77ced410f760,2023-2024,missing,5a61bd63948ea0f4e69b6b3fc3db322c4fcbb1d3056ba0df85ca77ced410f760
00132a7b116becca44bb584e0434d81fab32f196c2b556bbc6fd1c1c97c878f6,MS,iReady Diagnostic Test,,Math,Assessment,8,56857edf7ee969e982d7a6aceec1cfa3310feeaa2665951d7257ecdbc8a6585e,2023-2024,missing,56857edf7ee969e982d7a6aceec1cfa3310feeaa2665951d7257ecdbc8a6585e
002a65decb353e19244d9f938f7c6258b3074ea11b0823824044544dc22fb446,NC,NC Math Check-In,,Math,Assessment,3,5b06019e75db74cb43ec4bcdbec2c6dc71392d6fca239bdc06827c808f38b72c,2023-2024,missing,5b06019e75db74cb43ec4bcdbec2c6dc71392d6fca239bdc06827c808f38b72c
002bb3e0ef4ab465cf9bde822f75626a6b0f06652552d826d010f0299062d914,NC,PreACT/CCRAA,,Math,Assessment,10,61ce57189a44e7823dc8c783090542dadb39b1f374e237389cf0d3b19adfc099,2024-2025,missing,61ce57189a44e7823dc8c783090542dadb39b1f374e237389cf0d3b19adfc099
0085d9ae5574dcde5b283a0355cf9860f9cf49164dddf91c76cefefc8ac969a0,NC,Success Maker,,Math,Assessment,4,6e9d34841ecdb4a336b325cf512294ef6d997b81622895b2a07d55cf5bf6aa6b,2024-2025,missing,6e9d34841ecdb4a336b325cf512294ef6d997b81622895b2a07d55cf5bf6aa6b
003b93c3df36d3a46ce809a05d34bed095f42f5d58ab72fe57a594cc3a39555e,ND,NWEA,,Math,Assessment,6,3d6c5002a86d064608d518b7041d788d11bb1e498c257f4076fbf446f64e6826,2023-2024,missing,3d6c5002a86d064608d518b7041d788d11bb1e498c257f4076fbf446f64e6826
007835828b4bc49198c50b2173a4f8faa6639e98f7bd500f206cfc1c95c91e03,NE,NSCAS General Summative Test,,Math,Assessment,5,5b06019e75db74cb43ec4bcdbec2c6dc71392d6fca239bdc06827c808f38b72c,2023-2024,missing,5b06019e75db74cb43ec4bcdbec2c6dc71392d6fca239bdc06827c808f38b72c
0012c4b05eecb083467cf7ce11d18e4244178358b394764888d690f7c832eb62,NJ,Student Growth Objective (SGO),,Math,Assessment,12,8bc4b916ea5ccc05c4810bf1e3bd7d078b7a86856fdf67184bf63e3609de57b9,2023-2024,missing,8bc4b916ea5ccc05c4810bf1e3bd7d078b7a86856fdf67184bf63e3609de57b9
001f6d71cc6731bb10e94525e7a4f684e24587320782415fa16e6e2070834c79,NJ,SAT,,Math,Assessment,11,44e3080cb989d5ae104ac5f115d1f9677bd4b0991bf30630d0f7113b7bcb6fee,2023-2024,missing,44e3080cb989d5ae104ac5f115d1f9677bd4b0991bf30630d0f7113b7bcb6fee
00303943ba724b99a8e306579bd7ef31ff24517028f03d85921c5602d7e7216e,NJ,Linkit!,,Math,Assessment,3,6bdc3c8f2670e0dd7e1839844485fce41051fc4376d93a8c899c7faca312336f,2023-2024,missing,6bdc3c8f2670e0dd7e1839844485fce41051fc4376d93a8c899c7faca312336f
00308d51eaa57aebc8e554a3f06c207ee3b29dcda2705a102af741f18647556a,NJ,SAT,,Math,Assessment,12,44e3080cb989d5ae104ac5f115d1f9677bd4b0991bf30630d0f7113b7bcb6fee,2024-2025,missing,44e3080cb989d5ae104ac5f115d1f9677bd4b0991bf30630d0f7113b7bcb6fee
003201f6a4e8442ed2cd43fa9b229cbaa401d3f03ef465fa82d1c00524ccb71b,NJ,SAT,College Board,Math,Assessment,12,44e3080cb989d5ae104ac5f115d1f9677bd4b0991bf30630d0f7113b7bcb6fee,2023-2024,present,44e3080cb989d5ae104ac5f115d1f9677bd4b0991bf30630d0f7113b7bcb6fee
0048737c84cb85a8943191950bbf489aef73a2238775fbdc7aaf44c77c6658d2,NM,NAEP,,Math,Assessment,8,d0f524831b4a5fb961609a8dce8c85a7364ee9eb9853a8a80932b6835801feba,2024-2025,missing,d0f524831b4a5fb961609a8dce8c85a7364ee9eb9853a8a80932b6835801feba
004ea96a50f403d324eb0b9e86c7175b1c419358abdc526a420b8305c2aab1ab,NM,SAT,,Math,Assessment,12,44e3080cb989d5ae104ac5f115d1f9677bd4b0991bf30630d0f7113b7bcb6fee,2023-2024,missing,44e3080cb989d5ae104ac5f115d1f9677bd4b0991bf30630d0f7113b7bcb6fee
00633d7d770a360bb6b233e9ca7ed8437f26ca90a7504027f1ae3cec959e7f24,NV,NAEP,,Math,Assessment,NI,d0f524831b4a5fb961609a8dce8c85a7364ee9eb9853a8a80932b6835801feba,2024-2025,missing,d0f524831b4a5fb961609a8dce8c85a7364ee9eb9853a8a80932b6835801feba
00941f1c6025e2e6c1cb09311127eb8945fd0d04f5f370e909d253084b862db3,NY,IXL Math Snapshot,,Math,Assessment,9,b163aefd5ba108a150e920f3bdd335d8be9b73493c226f597a409ee2ca4a625d,2024-2025,missing,b163aefd5ba108a150e920f3bdd335d8be9b73493c226f597a409ee2ca4a625d
002335c57187eacc8920f5d831db147195479fe8361e193953e1d6d8258fa278,OH,Ohio State Tests,,Math,Assessment,3,5b06019e75db74cb43ec4bcdbec2c6dc71392d6fca239bdc06827c808f38b72c,2023-2024,missing,5b06019e75db74cb43ec4bcdbec2c6dc71392d6fca239bdc06827c808f38b72c
00e287f46f1f4fc017ccf563b4520debcaf9368686c4b3ef7cab57c15de87ba2,OK,Oklahoma Alternate Assessment Program (OAAP),,Math,Assessment,3,5b06019e75db74cb43ec4bcdbec2c6dc71392d6fca239bdc06827c808f38b72c,2023-2024,missing,5b06019e75db74cb43ec4bcdbec2c6dc71392d6fca239bdc06827c808f38b72c
00d13a21a33703b37708cadc578504f08b50aa4ab49d6b1d81c9e5d783375295,OR,Acadience/IDEL,,Math,Assessment,5,50d146dedcc8cfc5cdd5363ef249e130f654f259a371e5441feef377a68a4e2c,2023-2024,missing,50d146dedcc8cfc5cdd5363ef249e130f654f259a371e5441feef377a68a4e2c
0022f0b5bc38a3e5916ab51fa74922b78b6a0effb7ed2c89c2e7ba9027db398f,PA,STAR,,Math,Assessment,10,61cd9bdcfd309ec294f0d5e279650ffd79c53359ee5edc84c0178605752c96d4,2024-2025,missing,61cd9bdcfd309ec294f0d5e279650ffd79c53359ee5edc84c0178605752c96d4
006e103897ad39a95d6f63ed2cbe0618c90daa4614e97635f66a46979d636f96,PA,Classroom Diagnostic Tool (CDT),,Math,Assessment,5,5b06019e75db74cb43ec4bcdbec2c6dc71392d6fca239bdc06827c808f38b72c,2023-2024,missing,5b06019e75db74cb43ec4bcdbec2c6dc71392d6fca239bdc06827c808f38b72c
0024154484cfcc04de104efe38182410c2978102390dadec4cdb22a00a2564de,SC,FAST,,Math,Assessment,K,5a61bd63948ea0f4e69b6b3fc3db322c4fcbb1d3056ba0df85ca77ced410f760,2023-2024,missing,5a61bd63948ea0f4e69b6b3fc3db322c4fcbb1d3056ba0df85ca77ced410f760
002452e7988c363295fa60791ef010e0bf3777a3d418cfb6c2bb03b5dfcd136d,SC,ACT,,Math,Assessment,NI,89ff1e8788dfa2c44bc425caa1ddf1a7c22dc223f9baa36e6213a508124a94c8,2023-2024,missing,89ff1e8788dfa2c44bc425caa1ddf1a7c22dc223f9baa36e6213a508124a94c8
0021306d184b5ec06296ff87ab3c814621abe138420d5043aefad42a32086ef9,SC,Fastbridge,Fastbridge,Math,Assessment,10,5a61bd63948ea0f4e69b6b3fc3db322c4fcbb1d3056ba0df85ca77ced410f760,2023-2024,present,5a61bd63948ea0f4e69b6b3fc3db322c4fcbb1d3056ba0df85ca77ced410f760
00094c066fa9fa4b5880e712a8e4c8e2f3ef38a762c17fee1c701c3bb974ef35,TN,TCAP Alternate Assessments,,Math,Assessment,7,5b06019e75db74cb43ec4bcdbec2c6dc71392d6fca239bdc06827c808f38b72c,2024-2025,missing,5b06019e75db74cb43ec4bcdbec2c6dc71392d6fca239bdc06827c808f38b72c
009aa58bf5089ace8b6bee8bbee0c3c7cfb22409363036199cf755e452d461d1,TN,TCAP/TNReady (Tennessee Comprehensive Assessment Program) Achievement Test,,Math,Assessment,8,5b06019e75db74cb43ec4bcdbec2c6dc71392d6fca239bdc06827c808f38b72c,2024-2025,missing,5b06019e75db74cb43ec4bcdbec2c6dc71392d6fca239bdc06827c808f38b72c
008bcdfd87de75be31ad4075cc57af07050eb06f127f049a32166986152da4cc,TN,ACT Practice Tests,ACT Practice Tests,Math,Assessment,8,9b41baefd0d7404d6bedc57ef09f5077e74359bcae70236a76c1418927415066,2024-2025,present,9b41baefd0d7404d6bedc57ef09f5077e74359bcae70236a76c1418927415066
000449db4f36f2481f9dfc1a3f9c9dc3a64b41cf2a05bb8ab1b74f490e2cefcb,TX,STARR,,Math,Assessment,7,5b06019e75db74cb43ec4bcdbec2c6dc71392d6fca239bdc06827c808f38b72c,2024-2025,missing,5b06019e75db74cb43ec4bcdbec2c6dc71392d6fca239bdc06827c808f38b72c
0029db0d2356962c9501a1ff088a7000d242afddcc6ebd570f0ca0c8ce8fb953,TX,STAAR,,Math,Assessment,6,5528a5f7af0a0016edafee9f1f6a55638a6fa16bae5b3f7afca8967236f50421,2024-2025,missing,5528a5f7af0a0016edafee9f1f6a55638a6fa16bae5b3f7afca8967236f50421
0052460334b830d5ba6c8afc78f282d9baf7362dacf8070862cb25fccb097bf2,TX,Benchmark/SIA 2 (STAAR Interim**),,Math,Assessment,6,5b06019e75db74cb43ec4bcdbec2c6dc71392d6fca239bdc06827c808f38b72c,2023-2024,missing,5b06019e75db74cb43ec4bcdbec2c6dc71392d6fca239bdc06827c808f38b72c
0069ff38a7d14563415662ec036b1a6b003274f7deef6cdaf75d2f99276033a9,TX,PSAT,,Math,Assessment,10,e68a5b1beee66c66a24185ee630717efe9efd82b4dd439b407a4e8b2e46031c3,2024-2025,missing,e68a5b1beee66c66a24185ee630717efe9efd82b4dd439b407a4e8b2e46031c3
007d51284a4a0ae4e3cf6c1c5855c933f8427233802a2eeb0f736987e56a5447,TX,Summit K-12 Progress Monitoring - Pre-Screener,,Math,Assessment,9,9b41baefd0d7404d6bedc57ef09f5077e74359bcae70236a76c1418927415066,2023-2024,missing,9b41baefd0d7404d6bedc57ef09f5077e74359bcae70236a76c1418927415066
009a4341880d39e00044c9fc8623930c5e6fce11c1ddecf7ac7c442fb6359657,TX,STAAR,,Math,Assessment,6,5528a5f7af0a0016edafee9f1f6a55638a6fa16bae5b3f7afca8967236f50421,2024-2025,missing,5528a5f7af0a0016edafee9f1f6a55638a6fa16bae5b3f7afca8967236f50421
00af89e385b7bab4bd05379f5d647202a8c2468828a9ab7d38f3543546e39d50,TX,Circle,,Math,Assessment,NI,e683db893d37ef467bb44fb417abe79d2c2688b1854151d1e733092cf03c883f,2024-2025,missing,e683db893d37ef467bb44fb417abe79d2c2688b1854151d1e733092cf03c883f
002272626af2e7a672adc0843019f1fae028ffef355adccde9d69b998e8c20c7,TX,STAAR,Texas Education Agency,Math,Assessment,12,5528a5f7af0a0016edafee9f1f6a55638a6fa16bae5b3f7afca8967236f50421,2024-2025,present,5528a5f7af0a0016edafee9f1f6a55638a6fa16bae5b3f7afca8967236f50421
002afe9a6fabf7c0a05c61458e6013819294c95ae215d4ed6b651abbbe269071,TX,STAAR,Texas Education Agency,Math,Assessment,10,5b06019e75db74cb43ec4bcdbec2c6dc71392d6fca239bdc06827c808f38b72c,2023-2024,present,5b06019e75db74cb43ec4bcdbec2c6dc71392d6fca239bdc06827c808f38b72c
001cbc777c4c97c6fac1c44ed75ee591c36eae87c36f2d515631b002d0ffd560,UT,NAEP,,Math,Assessment,8,d0f524831b4a5fb961609a8dce8c85a7364ee9eb9853a8a80932b6835801feba,2023-2024,missing,d0f524831b4a5fb961609a8dce8c85a7364ee9eb9853a8a80932b6835801feba
002bb1a11fabdb8a688fee3045c605233a4939916a187a5032cfa7170701af50,UT,RISE test,,Math,Assessment,6,5b06019e75db74cb43ec4bcdbec2c6dc71392d6fca239bdc06827c808f38b72c,2024-2025,missing,5b06019e75db74cb43ec4bcdbec2c6dc71392d6fca239bdc06827c808f38b72c
006642997b8da5727a18abd84b3a3f8dae0987b727546cc1d478010e2875d7f7,VA,DreamBox,,Math,Assessment,NI,08401263bab5798100dfe4e9992e846549c7ac26941753b82f2eb684ba20c640,2024-2025,missing,08401263bab5798100dfe4e9992e846549c7ac26941753b82f2eb684ba20c640
00c3b2f77d830c53251238a48c5e689616d7d16bac2ad183d404767f752a3ebc,VA,Benchmark Testing,,Math,Assessment,4,8bc4b916ea5ccc05c4810bf1e3bd7d078b7a86856fdf67184bf63e3609de57b9,2023-2024,missing,8bc4b916ea5ccc05c4810bf1e3bd7d078b7a86856fdf67184bf63e3609de57b9
00532da471390e0fa99cef6d9fd53da69e7575898d25548159ff3e8f03251a57,WA,WIDA Access,,Math,Assessment,7,c353c087e273dfcdbabf4a7e0eb5b671871de89ac1722099111ca390b8b70fa5,2023-2024,missing,c353c087e273dfcdbabf4a7e0eb5b671871de89ac1722099111ca390b8b70fa5
007eb1b11f879cc8376e52980f74dac9a33695afd31fa54d887bb859345a76ec,WA,Smarter Balanced,,Math,Assessment,3,a193c1174801b4a108ad3fd62cc510746b53b05a1fa982ca1bd8689ec04f0d65,2024-2025,missing,a193c1174801b4a108ad3fd62cc510746b53b05a1fa982ca1bd8689ec04f0d65
009fcc3bf4d934fee359895fcce65a9ae47e04e3c43b8e64fd85f5f9f756ee8b,WA,SBA,,Math,Assessment,3,a193c1174801b4a108ad3fd62cc510746b53b05a1fa982ca1bd8689ec04f0d65,2024-2025,missing,a193c1174801b4a108ad3fd62cc510746b53b05a1fa982ca1bd8689ec04f0d65
00af33bb83cb6bb74247f2a4f486552c4b8338a9590429a7006ae51a067c9146,WA,SBA,,Math,Assessment,8,a193c1174801b4a108ad3fd62cc510746b53b05a1fa982ca1bd8689ec04f0d65,2024-2025,missing,a193c1174801b4a108ad3fd62cc510746b53b05a1fa982ca1bd8689ec04f0d65
000152962b02b4c03ba34710fb9e26a1cb2cc49c780e0d4aebc33f695a68a7fe,WI,Teaching Strategies GOLD,,Math,Assessment,PK,c64e890965bcb20a141029a23c6aedafb1e561835a01f9514705c8719c34761f,2023-2024,missing,c64e890965bcb20a141029a23c6aedafb1e561835a01f9514705c8719c34761f
0077594fa5d00395dd280b9adea520535e8ed1b16f2d7d68996ad85546e3bb9e,WV,DLM,,Math,Assessment,11,e8981ac7bc4c59e1072b24160cd1a28f170dc20cd8564bf57159810523c505d7,2024-2025,missing,e8981ac7bc4c59e1072b24160cd1a28f170dc20cd8564bf57159810523c505d7
01573ed0f8fce94e4ebc4ea06f4efed1e3d82476e1507f2566556a1598952ff5,AK,They Say / I Say,Norton,ELA,Core Curriculum,10,04493768c6c42f375c9ebf23f4fd3fad0dc0884c9d23c911a36cd8498e5c0181,2024-2025,present,04493768c6c42f375c9ebf23f4fd3fad0dc0884c9d23c911a36cd8498e5c0181
0096e117f95b2b3426ae12d32bd16c7727dd164aaeae2b3b2d44979f67bc7814,AL,Benchmark Workshop,,ELA,Core Curriculum,5,40c7f8334c7c32e9db795584a096749f14b43457c8a6cbe9fd46073fccf2d109,2024-2025,missing,40c7f8334c7c32e9db795584a096749f14b43457c8a6cbe9fd46073fccf2d109
00ec1efbb4dafae25ba2e24d0a110a4fc4088b80f845a338fc3a81514484cfd3,AL,PH Literature Alabama Common Core Edition (MFS: CY),PH,ELA,Core Curriculum,7,21497bd28b871bbc5a06b4c3f6f35933ee0783b13e96b7be81673ab0ce8c25d8,2023-2024,present,21497bd28b871bbc5a06b4c3f6f35933ee0783b13e96b7be81673ab0ce8c25d8
01936c34948c396cc9d8d8ee87619eaf7e2c34aac2b5e71a032b1c01377d5082,AR,Amplify CKLA,,ELA,Core Curriculum,3,ca796085390a68eae851c8dc2a01367e6662c569dd09f4465ad0d2c1591e99d8,2024-2025,missing,ca796085390a68eae851c8dc2a01367e6662c569dd09f4465ad0d2c1591e99d8
0051773e0e5b6c143d2072a157a9ca2689edc6111fb242632c41397916ee5017,AZ,Reading Street,,ELA,Core Curriculum,4,070c4fd9c66cb7a41355e7e240f2ca638d38631a8185d7f14430b5af16e1bfc0,2024-2025,missing,070c4fd9c66cb7a41355e7e240f2ca638d38631a8185d7f14430b5af16e1bfc0
006b929da661a0f1af4747f7919b1052ca397334b3bf472be6077dc407993aa5,AZ,Journeys,,ELA,Core Curriculum,2,49176140eceef4fe4ec673ac5347dd15633e1e30195fbfa0739c93c1ebaf7b40,2023-2024,missing,49176140eceef4fe4ec673ac5347dd15633e1e30195fbfa0739c93c1ebaf7b40
005173e9bfffebfc4d2b08c912304674f401b6f2c36068f604cad4bddbfe676d,AZ,Fundations,Wilson Language Training,ELA,Core Curriculum,K,32994eae3785e27e76377e138af673c45ca38ef58ebcb806bfc7fccf91c6df4e,2024-2025,present,32994eae3785e27e76377e138af673c45ca38ef58ebcb806bfc7fccf91c6df4e
000059a4514304b33d389ec533c8b05cf5b3d716ce6df7ae418cfe0830c917f5,CA,McGraw Hill,,ELA,Core Curriculum,6,0c052fb5fb3873875ac87c68d6beabb4a07183145e3cd4d14de290394ab6f8ff,2024-2025,missing,0c052fb5fb3873875ac87c68d6beabb4a07183145e3cd4d14de290394ab6f8ff
0018f7693e6a5ec327ac0e92c908bd3570971271700ad4d568745e73a3893f48,CA,Wonders McGraw-Hill,,ELA,Core Curriculum,7,24e853362df539c970399d60a8d2a72b635e2ed8b7e66660f237336ba623b493,2024-2025,missing,24e853362df539c970399d60a8d2a72b635e2ed8b7e66660f237336ba623b493
001fdbfd7f9f3162464faf63044b2ed9ecf3812c98c6dc0d16846aee7cd79a6d,CA,Renaissance ELA,,ELA,Core Curriculum,6,5a6378ffb4ff1afc6c94d4f845997fa0bfef3c7af5713ae0c58b677030fed5b8,2024-2025,missing,5a6378ffb4ff1afc6c94d4f845997fa0bfef3c7af5713ae0c58b677030fed5b8
00354324e37541dc4012a8410a0ca1aaf0625ba28891e0f42f8e270f783492f4,CA,"English 3D, Houghton Mifflin (Intervention and EL instruction) 2014",,ELA,Core Curriculum,9,ddd8d8466f7056c9cffc3082e4a9bcbfc71cbb65dd8e7aae30f8d1c3890e375b,2023-2024,missing,ddd8d8466f7056c9cffc3082e4a9bcbfc71cbb65dd8e7aae30f8d1c3890e375b
004078622150ccef4d2dbf3c925059fad60e80cc95385de425dc3165f2a58612,CA,Step Up to Writing,,ELA,Core Curriculum,4,111853e8aa9e408078e7bbb30b9bf1bdb1fe8320e14a706e13e766677c1d934e,2024-2025,missing,111853e8aa9e408078e7bbb30b9bf1bdb1fe8320e14a706e13e766677c1d934e
0042325fd693f168e6c40bcd1eddb77d42c96a10025711bf783dc54385733f5c,CA,Scholastic Read 180,,ELA,Core Curriculum,2,5895064eb747df3b238600e72d418a2eed6395219bbde59421e99fa54109ee7a,2024-2025,missing,5895064eb747df3b238600e72d418a2eed6395219bbde59421e99fa54109ee7a
0045c549e97551d051d906757b33d46a0ef0fe193c93d7d8fe88a70f7d40f485,CA,Lexia (PL program),,ELA,Core Curriculum,7,5fb10758249670e6952d5f6ce2be127c3d9e0ce34c4fa86b96769758cbf60b33,2024-2025,missing,5fb10758249670e6952d5f6ce2be127c3d9e0ce34c4fa86b96769758cbf60b33
004e102123e8fd314785c1290f1cd91c2a4b3a577c34479657c6605fcdac64b5,CA,Everyday Spelling (Spanish),,ELA,Core Curriculum,1,8e709f5c587e895b7e1a4cd16ce73c84680bfc960570fcd7c391d61bbff2a3a9,2024-2025,missing,8e709f5c587e895b7e1a4cd16ce73c84680bfc960570fcd7c391d61bbff2a3a9
00786f5f376f66133101370bbf46461ec7dd83e766b53daf0cf7b24f5aaf00ef,CA,Benchmark Advance,,ELA,Core Curriculum,6,1a94657eac066f1b03064c9d86aba361fb104a1e33c05909142b1fb430dbafce,2024-2025,missing,1a94657eac066f1b03064c9d86aba361fb104a1e33c05909142b1fb430dbafce
007a77070f56ec21a295791dcd155c2568af7874c5fce363373b99e15279cb81,CA,Foundations of Language and Literature,,ELA,Core Curriculum,11,785717b3219747a8026f178b852910f55ebe3aa4a61a030264782b43375538d1,2023-2024,missing,785717b3219747a8026f178b852910f55ebe3aa4a61a030264782b43375538d1
007fe38c3374389b9dce087fff714170455a6f4d6edf3120b4aa91db0f20b46d,CA,Lucy Calkins' Units of Study ELA,,ELA,Core Curriculum,3,c1cd93aa276ef1fba2eb43d6b3cfdbda9825c9000a50b82c9c5017acf35b2247,2024-2025,missing,c1cd93aa276ef1fba2eb43d6b3cfdbda9825c9000a50b82c9c5017acf35b2247
0081c955ef04e1245bf502a1ba410c39158a43b3d5b96e3952cb81b966200678,CA,ELA Benchmark Universe,,ELA,Core Curriculum,3,5e8258ec628d93cbc970a83e42d3d39af4c4e51d1c166add814a30cd1111b9d8,2023-2024,missing,5e8258ec628d93cbc970a83e42d3d39af4c4e51d1c166add814a30cd1111b9d8
0084d4b05167ac3e5f6dfbddb6a66e02f648467c45cf49b9eb8942fe204f6431,CA,Heggerty Phonemic Awareness,,ELA,Core Curriculum,2,7a9bcda36c91cc60eef3efec604a8815088f1c026d3f27860aa568d8393b4f78,2024-2025,missing,7a9bcda36c91cc60eef3efec604a8815088f1c026d3f27860aa568d8393b4f78
00007ee359171519319d33d5e25bb94b59a7f687923621d3e108a99a385aedfa,CA,Units of Study,Heineman,ELA,Core Curriculum,4,c1cd93aa276ef1fba2eb43d6b3cfdbda9825c9000a50b82c9c5017acf35b2247,2023-2024,present,c1cd93aa276ef1fba2eb43d6b3cfdbda9825c9000a50b82c9c5017acf35b2247
00009bbe6b6e266a9677f549e5298fca0178f42643c1b186c514d1b0d9cb7a1e,CA,Bilingual: Maravillas & Wonders,Houghton Mifflin,ELA,Core Curriculum,1,24e853362df539c970399d60a8d2a72b635e2ed8b7e66660f237336ba623b493,2023-2024,present,24e853362df539c970399d60a8d2a72b635e2ed8b7e66660f237336ba623b493
0002cb5d9096c42b2336045c1740a76f78dd820fb35a6f568541f5929e4152bd,CA,Journeys,Houghton Mifflin Harcourt,ELA,Core Curriculum,K,19abec53f2a0665bc41e1aa85c708bf2b82e9025c115618e374655c12f032ff2,2023-2024,present,19abec53f2a0665bc41e1aa85c708bf2b82e9025c115618e374655c12f032ff2
0004b057a8e313e81022b9f74590b0736989663965d3b2cfccfed35ea6509920,CA,CA Collections,Houghton Mifflin Harcourt,ELA,Core Curriculum,6,8c58e0a19a30687cedccdd464e35f03c0f255803d212e036b2f771a1c2f34c8d,2023-2024,present,8c58e0a19a30687cedccdd464e35f03c0f255803d212e036b2f771a1c2f34c8d
001c8125f7c9018c1e891c4a71c2ae6405ddc9f65a5f4394b8f0a9908e08604c,CA,Benchmark Advance,Benchmark Education Company,ELA,Core Curriculum,2,1a94657eac066f1b03064c9d86aba361fb104a1e33c05909142b1fb430dbafce,2023-2024,present,1a94657eac066f1b03064c9d86aba361fb104a1e33c05909142b1fb430dbafce
001cc7577fe769a770ce78c2547bec4a873c4ee31003d8fac94383372d0a948a,CA,Wonders,McGraw Hill Education,ELA,Core Curriculum,3,24e853362df539c970399d60a8d2a72b635e2ed8b7e66660f237336ba623b493,2023-2024,present,24e853362df539c970399d60a8d2a72b635e2ed8b7e66660f237336ba623b493
001fff84404c968accf947ac6188c5a4d9d637d21fe9ca75df271a6655c10b13,CA,National Geographic 6th -8th,National Geographic,ELA,Core Curriculum,8,291c4f8eb9952bf02da3ffb7035116bdf9af3246331353d375e8cd879fd2c314,2024-2025,present,291c4f8eb9952bf02da3ffb7035116bdf9af3246331353d375e8cd879fd2c314
0023a4297b443028c28d29561fe796b83842bb3d7b2dbfec5f5254819a28c16d,CA,"Expository Reading and Writing Course, CSU",CSU,ELA,Core Curriculum,11,ad8bf73c9ec83bf9f8d5a8236ffc1e2a0ac7a6523fd572673ac1fa87c5b68067,2023-2024,present,ad8bf73c9ec83bf9f8d5a8236ffc1e2a0ac7a6523fd572673ac1fa87c5b68067
002656a380c53a991fbb60ec0d957dba69c39c7778eedf320cef475169ef2e4e,CA,McGraw Hill Wonders (K-5): ELA,McGraw Hill,ELA,Core Curriculum,4,bd94b3f4065c150f81fe00ee938858fdd39d6d61798f05b28371642870e64d4a,2024-2025,present,bd94b3f4065c150f81fe00ee938858fdd39d6d61798f05b28371642870e64d4a
003b5d13b8b4841ee5b14914778f638c9dc3ab9737aa6da43fd39102a5a711dd,CA,Timeless Voices,Savvas Learning Company,ELA,Core Curriculum,11,c4286d8760566ce6aadba22074c402bbe628edb52a2afb36be8e2349c3f2a8c7,2023-2024,present,c4286d8760566ce6aadba22074c402bbe628edb52a2afb36be8e2349c3f2a8c7
003d2ada54d7b8f333c519da4cced97f440ed1beba5cbc49d70714dfbc9bc0fd,CA,Wonders,McGraw Hill,ELA,Core Curriculum,1,bd94b3f4065c150f81fe00ee938858fdd39d6d61798f05b28371642870e64d4a,2023-2024,present,bd94b3f4065c150f81fe00ee938858fdd39d6d61798f05b28371642870e64d4a
0043d41cb8b0f8015691011e68f5fcfe5b597f9a91f4d4f701f120e87583d52b,CA,Writer's Inc. Student Handbook College Career Readiness,Houghton Mifflin Harcourt,ELA,Core Curriculum,11,fd7e6ca81f213598910072211b357012231a81c3750cad2301a33edf725670b2,2023-2024,present,fd7e6ca81f213598910072211b357012231a81c3750cad2301a33edf725670b2
0045e34b7cbccd3a16a9a846da94e61152a2c968945e93388a88dd955cc9a9e5,CA,California Journeys,Houghton Mifflin Harcourt,ELA,Core Curriculum,3,1bd95119d6c4061a2674148f057e87870fc955f36928b01b8e91c1a0c7969ca3,2023-2024,present,1bd95119d6c4061a2674148f057e87870fc955f36928b01b8e91c1a0c7969ca3
004956a89648a69bd33be8159066235e63e4ec2535159f0d2a478245147dde87,CA,Wonders,McGraw-Hill,ELA,Core Curriculum,4,bd94b3f4065c150f81fe00ee938858fdd39d6d61798f05b28371642870e64d4a,2023-2024,present,bd94b3f4065c150f81fe00ee938858fdd39d6d61798f05b28371642870e64d4a
00510374cf2c9182e52294b15b3300558c1d1fcde4c820a16172a324a30f0a19,CA,StudySync,MGH,ELA,Core Curriculum,6,3516ee9cf52a7bfb74962e1a6b573b509f2014dd2adcc864588dd2bb47dce290,2024-2025,present,3516ee9cf52a7bfb74962e1a6b573b509f2014dd2adcc864588dd2bb47dce290
0057836103467fe7ca4af89536cfe428df5fcb90e81f27d406703ec2f2d91462,CA,The Language of Literature,McDougal Littell,ELA,Core Curriculum,6,aae967d9ae0863e410a9bbb523c3183a852ca02c6b2ec461c00bc0c8be9e60e2,2023-2024,present,aae967d9ae0863e410a9bbb523c3183a852ca02c6b2ec461c00bc0c8be9e60e2
0058da9f1fe124e5714e78240fdd9916d959dd973d8f6d05960eb344388ff144,CA,Step up to Writing,Sopris West,ELA,Core Curriculum,11,111853e8aa9e408078e7bbb30b9bf1bdb1fe8320e14a706e13e766677c1d934e,2023-2024,present,111853e8aa9e408078e7bbb30b9bf1bdb1fe8320e14a706e13e766677c1d934e
00651cbc5f942463812a319366933d94fa75955dc9b06e0e54dc94569f67c05c,CA,Wonders,MGH,ELA,Core Curriculum,1,24e853362df539c970399d60a8d2a72b635e2ed8b7e66660f237336ba623b493,2024-2025,present,24e853362df539c970399d60a8d2a72b635e2ed8b7e66660f237336ba623b493
00660ea268ad0df97badd9dd3c0da800d8b69f70ebfcb8bc7268b1fb0312d7ba,CA,Wonders,McGraw Hill,ELA,Core Curriculum,4,cbdf8886160e258175bf4009e22c434db999340ae849a3b47c94f43524c3b6c3,2024-2025,present,cbdf8886160e258175bf4009e22c434db999340ae849a3b47c94f43524c3b6c3
006738aa2d4130e3b86c00dffd1f9abdb1a8a644b5afe29a5424908eaaddc634,CA,CA Journeys,HMH,ELA,Core Curriculum,2,1bd95119d6c4061a2674148f057e87870fc955f36928b01b8e91c1a0c7969ca3,2024-2025,present,1bd95119d6c4061a2674148f057e87870fc955f36928b01b8e91c1a0c7969ca3
007acec9a4e2dfd5c4e3391666ca6bb6b894a2c7ede10333f10b35100a4b5527,CA,myPerspectives,Pearson,ELA,Core Curriculum,11,d73bc7365397232d9379118e659c5586f637c8e9e842e774de8b108106c96b9b,2023-2024,present,d73bc7365397232d9379118e659c5586f637c8e9e842e774de8b108106c96b9b
008d32e4847526eaac992809f9e95b54108603512de658f63762911d1ef3c72e,CA,My Perspectives,Savvas,ELA,Core Curriculum,11,17a57c109b19bdb552612657f95fa631fc7ded8bc5de0631749810800e876f79,2024-2025,present,17a57c109b19bdb552612657f95fa631fc7ded8bc5de0631749810800e876f79
008d9a8ef43decf707370f406a1432d18687758f511ef9c4f5532dd293441f3b,CA,Grammar for Writing,McDougal Littell,ELA,Core Curriculum,K,3aabbdfae638e77a49184005a9b1b36ca2f41364e9bbef4d44fb078c82bf236a,2024-2025,present,3aabbdfae638e77a49184005a9b1b36ca2f41364e9bbef4d44fb078c82bf236a
008deaa29d63f1abc00956724bc081248c9f9471d31f8b38f88c6aada79023bb,CA,National Geographic,Cengage,ELA,Core Curriculum,3,291c4f8eb9952bf02da3ffb7035116bdf9af3246331353d375e8cd879fd2c314,2024-2025,present,291c4f8eb9952bf02da3ffb7035116bdf9af3246331353d375e8cd879fd2c314
008dfc21049ea9172d032b7fe39e515bc7ec6aa631f69377c385823d3543d44e,CA,Amplify: ELA: MS,Amplify,ELA,Core Curriculum,8,f3713f830e87d55be72b497e68c272ee90ccb116667cf3f3f09080f0d211b4ed,2024-2025,present,f3713f830e87d55be72b497e68c272ee90ccb116667cf3f3f09080f0d211b4ed
0037cbfe50e8c083816a224e296aa279a3786e0d4123cfe9bffa546415b66249,CO,95% Group,,ELA,Core Curriculum,1,7cfb2f53f9d35259ded9f4ae9a12be65cbefe3156d53970e065cf628d1e3e013,2024-2025,missing,7cfb2f53f9d35259ded9f4ae9a12be65cbefe3156d53970e065cf628d1e3e013
0005be56ddfc251004b8b5265fe5661818f83ed9dabb6207c18aa33fc842dbba,CO,MyView Literacy,Savvas Learning Company,ELA,Core Curriculum,1,9e7471a8a3b88bbd019d09aca323ad86fe7f3414909c4f659e0bbd6476a30774,2023-2024,present,9e7471a8a3b88bbd019d09aca323ad86fe7f3414909c4f659e0bbd6476a30774
00180b46d97a823eaf2071e913788ad4735d7efb07819c48d8b1be339ea4b02e,CO,Vocabulary for the Achievement,Great Source,ELA,Core Curriculum,11,6aa0e9397189125288521b6580cfb060c21d0ece0a838c4b40ec4e13f1cf4a60,2023-2024,present,6aa0e9397189125288521b6580cfb060c21d0ece0a838c4b40ec4e13f1cf4a60
00791f4c3faff04ab0317c4f52480e83e93b354a096c230ef9a5af422f570d8a,CT,district created ELA,,ELA,Core Curriculum,5,b65b70726fc7a18dafdc8ee592b6326cb3c7f0be4b057a03a0374017999fc5b0,2024-2025,missing,b65b70726fc7a18dafdc8ee592b6326cb3c7f0be4b057a03a0374017999fc5b0
0031fcb31130c989eaa63b523210b98e9adcc2bf0ac1791906c4968d3285a130,FL,SAVVAS,,ELA,Core Curriculum,11,c267775ee43314bd44b975fba6a425915ad51b984c8f1340a3d0446ad1f96015,2024-2025,missing,c267775ee43314bd44b975fba6a425915ad51b984c8f1340a3d0446ad1f96015
0022cb643eb7a74ceacbcec6dfc3a4f7649aa25214d2c403c7ab6b777b628721,FL,FLORIDA mYPERSPECTIVES,SAVVAS,ELA,Core Curriculum,10,c267775ee43314bd44b975fba6a425915ad51b984c8f1340a3d0446ad1f96015,2023-2024,present,c267775ee43314bd44b975fba6a425915ad51b984c8f1340a3d0446ad1f96015
0030f22167e4a9a0a5fd99f18f95aed112b7f99de35dfe56a698bea9d37317b2,FL,FLORIDA mYPERSPECTIVES,SAVVAS,ELA,Core Curriculum,7,c267775ee43314bd44b975fba6a425915ad51b984c8f1340a3d0446ad1f96015,2023-2024,present,c267775ee43314bd44b975fba6a425915ad51b984c8f1340a3d0446ad1f96015
004e4e0868a35ce34fad5b8d768fe408324cde07e0b0106378e2e2189baabd61,FL,StudySync,McGraw Hill,ELA,Core Curriculum,8,5c6c10abee7965f3669e8676485bac210b075b2cfed448481d9fb35bbfb53536,2023-2024,present,5c6c10abee7965f3669e8676485bac210b075b2cfed448481d9fb35bbfb53536
005ffb9a95c47597f79a9c49226b30f2b99159ad0e881937fb09fe130f988199,FL,FL myPerspectives,Savvas Learning,ELA,Core Curriculum,8,c267775ee43314bd44b975fba6a425915ad51b984c8f1340a3d0446ad1f96015,2023-2024,present,c267775ee43314bd44b975fba6a425915ad51b984c8f1340a3d0446ad1f96015
0135bd985bd9cc5da4a46f73f251773fb605569ce00ff80546cc6f6fc760beb2,GA,i-Ready,,ELA,Core Curriculum,2,938eeb820d597c9f049fe4d48ec94efb92d40901e5ef96207afec8bde462347a,2024-2025,missing,938eeb820d597c9f049fe4d48ec94efb92d40901e5ef96207afec8bde462347a
0012b5983758d1bb6879bccb8488b6ae6c70f384921f072615d23ae5d998b3a2,GA,Into Reading,HMH,ELA,Core Curriculum,4,f92391e6a87234e00c7d34d86fa6e5f7e04ae0e9350d0b70f484b1ce58de6e50,2024-2025,present,f92391e6a87234e00c7d34d86fa6e5f7e04ae0e9350d0b70f484b1ce58de6e50
0052eb3f79a5cf4dcebe07428ec07db0c7552f8b619b1aa14231a05b85ad2603,GA,IRLA,American Reading Company,ELA,Core Curriculum,K,575102793e4fe288819874e2911467dcb35864469d1932ddde6baaff32f5d8b1,2023-2024,present,575102793e4fe288819874e2911467dcb35864469d1932ddde6baaff32f5d8b1
003f428db2756af0a7520153c5a94de993b32ef4e0f8144c910d2dedbf208bb1,IL,Lucy Calkins Writing,,ELA,Core Curriculum,8,c1cd93aa276ef1fba2eb43d6b3cfdbda9825c9000a50b82c9c5017acf35b2247,2023-2024,missing,c1cd93aa276ef1fba2eb43d6b3cfdbda9825c9000a50b82c9c5017acf35b2247
00693fdc841d598c5d3d77a241237d88d7857a0074a4248a004535ea8ae790c7,IL,Units of Study,Heinemann,ELA,Core Curriculum,7,c1cd93aa276ef1fba2eb43d6b3cfdbda9825c9000a50b82c9c5017acf35b2247,2024-2025,present,c1cd93aa276ef1fba2eb43d6b3cfdbda9825c9000a50b82c9c5017acf35b2247
0286f4e2946ca26d896ed5b6e7d0ca69b3497ab2e057d8199232de79aaa48b6c,IN,Core Knowledge Language Arts (CKLA),,ELA,Core Curriculum,1,40a77e0c3f2dc80723d8cab67c9e93cb6afcfa72ca2d19057b05b9db1fb61a05,2024-2025,missing,40a77e0c3f2dc80723d8cab67c9e93cb6afcfa72ca2d19057b05b9db1fb61a05
001adfbbd87e3e1fd975e538b15607a4833afbb434db4bbf64a8b2c177fad257,IN,Creative Writing: Four Genres in Brief,David Starkey,ELA,Core Curriculum,12,5dcf1c41ff00bde2dfb251fcb4e8a4bfa127858b3f3f41821c0ee14743aeeb6c,2024-2025,present,5dcf1c41ff00bde2dfb251fcb4e8a4bfa127858b3f3f41821c0ee14743aeeb6c
002a07897c092a6c295f160ea59a10e47e6a53646a4a6ef5b685b783ed0ac794,IN,Fountas & Pinnell Benchmark System,Heinemann Publishing,ELA,Core Curriculum,1,1fa60556a69fa3d062b67f1382643cdad849c9b1dadc6df421e09788ab6b4891,2024-2025,present,1fa60556a69fa3d062b67f1382643cdad849c9b1dadc6df421e09788ab6b4891
01dc57efe596c6f547b8a7473407e82fbf1c6d03ae28c7da6c54c06fe19173b2,LA,Into Literature,,ELA,Core Curriculum,10,d1ba454ecb5d4a04812dfc76347362e43691540c8edd23316058543a937440b3,2024-2025,missing,d1ba454ecb5d4a04812dfc76347362e43691540c8edd23316058543a937440b3
006a7272f9add821b1db5737bf232337f42a7a296ff7ae7c1ce681e6dd29559d,MA,Letterland,,ELA,Core Curriculum,3,2f84d84b56461f3b31cd19bfbafcc7bd9c8738251bb86f9c40cb93bb8d2f6e6c,2024-2025,missing,2f84d84b56461f3b31cd19bfbafcc7bd9c8738251bb86f9c40cb93bb8d2f6e6c
00532bfe8f497bd4453e9c3b9a0904c4f0defc32fe1f4e025e2fbb93515f78bf,MD,Springboard,,ELA,Core Curriculum,11,249381bb0ce74798330f0f6154c85373495ba52924ca38dac62fa366587295cf,2023-2024,missing,249381bb0ce74798330f0f6154c85373495ba52924ca38dac62fa366587295cf
004b724ab53f112c0b196f1c68a38ffb72816ac64ed434c162f0f217b8c4d860,MI,MAISA,,ELA,Core Curriculum,9,8efd8453de43d755ed46ff358fae4bed3d9850e13796bb56ad2a86fd40749a1b,2024-2025,missing,8efd8453de43d755ed46ff358fae4bed3d9850e13796bb56ad2a86fd40749a1b
0010690a6c49e7478efbb06799d6dd433179e133a7513dfe1227971f0a1352a4,MO,Lucy Calkins Units of Study,,ELA,Core Curriculum,5,c1cd93aa276ef1fba2eb43d6b3cfdbda9825c9000a50b82c9c5017acf35b2247,2024-2025,missing,c1cd93aa276ef1fba2eb43d6b3cfdbda9825c9000a50b82c9c5017acf35b2247
01ae7af0e8ae0b249e74e21502f7a414274c7c5d61649af077c15b6598e8b63a,NC,Reading Horizons Elevate,,ELA,Core Curriculum,8,fc1bda00e502656d2e0294d8c6e8c8f20cab301a395cb550e6e678c266a94db5,2023-2024,missing,fc1bda00e502656d2e0294d8c6e8c8f20cab301a395cb550e6e678c266a94db5
001eeeff800f47c985de76c9ea7dc84f380aa7e97fd74848cc2bbcfb07f700aa,NJ,Literacy by Design,,ELA,Core Curriculum,2,d75d956db83925d87c6228a82b571a026e2ac95aa50ceb1ba8122a4364e9c450,2023-2024,missing,d75d956db83925d87c6228a82b571a026e2ac95aa50ceb1ba8122a4364e9c450
005ccf883a22b80763de6dc1fbcb419b13274244352d25f93f95cdb4fbfc66cb,NJ,Into Literature,,ELA,Core Curriculum,7,1fc5fe86aa0604e13799165c59312ef2cae2b2e11e378e3f781b2e24760b8b77,2023-2024,missing,1fc5fe86aa0604e13799165c59312ef2cae2b2e11e378e3f781b2e24760b8b77
00992972ea823198534a774c5dd6bf8fbfbc1632907a7f076d4b35dee57a0d5e,NJ,Fundations Curriculum,,ELA,Core Curriculum,5,32994eae3785e27e76377e138af673c45ca38ef58ebcb806bfc7fccf91c6df4e,2024-2025,missing,32994eae3785e27e76377e138af673c45ca38ef58ebcb806bfc7fccf91c6df4e
0006ecd72bf60be7d764f8b7e29abf0086648dc914e8c3c57efe4782a33ef560,NJ,"The Sundance Writer: A Rhetoric, Reader, Handbook",Thomas Wadsworth,ELA,Core Curriculum,11,ff4b0208eb4a63982ab2178f1d31b8d8389a1eb7c2f403c009abdd0c5b13d83d,2024-2025,present,ff4b0208eb4a63982ab2178f1d31b8d8389a1eb7c2f403c009abdd0c5b13d83d
00f654b867de7f9d3574d56be194b111ce924847706aff06bcd52a8910e1fffc,NM,HMH Into Literature New Mexico,,ELA,Core Curriculum,7,1fc5fe86aa0604e13799165c59312ef2cae2b2e11e378e3f781b2e24760b8b77,2024-2025,missing,1fc5fe86aa0604e13799165c59312ef2cae2b2e11e378e3f781b2e24760b8b77
000646aaefd9e1c74eca3f6678b79f139d0d114e98790f149652af0cdf7045ac,NY,EngageNY,,ELA,Core Curriculum,7,8db70b88b5a6b20912256288b0cdcbd47734f827b44c6b31f89a17be9500e307,2023-2024,missing,8db70b88b5a6b20912256288b0cdcbd47734f827b44c6b31f89a17be9500e307
0015b419ee6e5c3dcdf17af18944bd515e533204d6cc6bff9d2758a305401a1e,NY,EL Education,,ELA,Core Curriculum,5,8832281176db08135f5f4a0e4a339ed1dc836ab661e3a0c3f69c9ec7f5a94ca0,2023-2024,missing,8832281176db08135f5f4a0e4a339ed1dc836ab661e3a0c3f69c9ec7f5a94ca0
0045c6265f5f29c0e97b66b5cc7525e5bb05c5e0ca342d3c1737c933cbd49108,OH,Fundations Phonics,,ELA,Core Curriculum,2,32994eae3785e27e76377e138af673c45ca38ef58ebcb806bfc7fccf91c6df4e,2024-2025,missing,32994eae3785e27e76377e138af673c45ca38ef58ebcb806bfc7fccf91c6df4e
008958a4cb8b0511dcb8262a8f4e2a59df2f08f24c0d58667ac25a916cbdb368,OK,Heggerty: Bridging the Gap,,ELA,Core Curriculum,6,3dfec1b8f50cb70a66d2df87657c1463547797d6e11b05ce9fa40c334dd17731,2023-2024,missing,3dfec1b8f50cb70a66d2df87657c1463547797d6e11b05ce9fa40c334dd17731
00dca06b3e0c4c0675ab1fe24a88a3b528d3c2e7c074696f92e05ab8d6ff1cad,OR,HMH Into Reading,,ELA,Core Curriculum,3,f92391e6a87234e00c7d34d86fa6e5f7e04ae0e9350d0b70f484b1ce58de6e50,2023-2024,missing,f92391e6a87234e00c7d34d86fa6e5f7e04ae0e9350d0b70f484b1ce58de6e50
00583f6691238914bdd7e68f177d387205886cc8f5cd3a347ba679f628fe324a,PA,Elements of Literature Bookk,,ELA,Core Curriculum,6,763d2beb4c2306b4824f1eec2d570dd1cfe3b58ec548dc2727f51d4bc57a4c65,2023-2024,missing,763d2beb4c2306b4824f1eec2d570dd1cfe3b58ec548dc2727f51d4bc57a4c65
020af5afd6ac1ed0ee42c808087df3f923bac718c0f1829c9611edd40cd66559,RI,Conversations in American Literature,Bedford St. Martins,ELA,Core Curriculum,9,37f99c2af94705da9b4718f15eed866845e6fc11eb1a514fdeedff9e27bd3108,2024-2025,present,37f99c2af94705da9b4718f15eed866845e6fc11eb1a514fdeedff9e27bd3108
01000fd60ab40b337429c9f1a7b83a7b72ddb6b1c33ea51f9089d82bdca1c4cb,SC,"The Language of Composition: Reading, Writing, Rhetoric, 2nd Edition","Bedford, Freeman and Worth (Macmillan Holdings LLC)",ELA,Core Curriculum,11,5b493e062bb1e34d87a1e65e0c3f734943d9c332b442cca5bcb51621fc5ec475,2023-2024,present,5b493e062bb1e34d87a1e65e0c3f734943d9c332b442cca5bcb51621fc5ec475
000bf82b66e903f3667be11be6fc4e7f58c70a2c29329e5871344343e0f85852,TN,My Perspectives,Savvas Learning Company,ELA,Core Curriculum,10,17a57c109b19bdb552612657f95fa631fc7ded8bc5de0631749810800e876f79,2023-2024,present,17a57c109b19bdb552612657f95fa631fc7ded8bc5de0631749810800e876f79
00780bda858fa25a07b7474e6a7eafc21c9c0d43e8a72db5d81bff09fe4eabe9,TX,MyPerspectives,,ELA,Core Curriculum,11,a6654b0755a21219c86be95abc9d3e35a72a7b6a8842b5ecd4bda7903b264f0b,2023-2024,missing,a6654b0755a21219c86be95abc9d3e35a72a7b6a8842b5ecd4bda7903b264f0b
0015e0fcf19849a392e838d8b8e4db7cd24be37638d78f59ccc1bc3a10cf13cb,TX,into literature,harcourt,ELA,Core Curriculum,9,1fc5fe86aa0604e13799165c59312ef2cae2b2e11e378e3f781b2e24760b8b77,2023-2024,present,1fc5fe86aa0604e13799165c59312ef2cae2b2e11e378e3f781b2e24760b8b77
0018cbbee9cff1eead588f09f6b21f8da56c1f2f600455e98861cfc693d8bf9c,TX,myperspectives,savvas,ELA,Core Curriculum,6,d73bc7365397232d9379118e659c5586f637c8e9e842e774de8b108106c96b9b,2023-2024,present,d73bc7365397232d9379118e659c5586f637c8e9e842e774de8b108106c96b9b
00303866d86831dac8536b44f27168484772bfce73012be67463667c53b42eed,TX,readwritethink,ncte,ELA,Core Curriculum,5,ea79f952294e7d52c19efa67b2a23b695e4fd2f89e1d0b89daef20c3128152ce,2023-2024,present,ea79f952294e7d52c19efa67b2a23b695e4fd2f89e1d0b89daef20c3128152ce
007dfd9df66ede5ddaf6257ee7ee131ff5e2190d69ae329cceb983a095efa7fb,UT,DSD Phonics e-Book,DSD - District Created,ELA,Core Curriculum,2,b65b70726fc7a18dafdc8ee592b6326cb3c7f0be4b057a03a0374017999fc5b0,2023-2024,present,b65b70726fc7a18dafdc8ee592b6326cb3c7f0be4b057a03a0374017999fc5b0
0063ebd8a0a7b2994000b3e6238724734535477cd74ce0fcf9ff84582f42bbd7,VA,District created,,ELA,Core Curriculum,12,b65b70726fc7a18dafdc8ee592b6326cb3c7f0be4b057a03a0374017999fc5b0,2024-2025,missing,b65b70726fc7a18dafdc8ee592b6326cb3c7f0be4b057a03a0374017999fc5b0
0034a86543dbb57e07de48c2bf33a65dac9344cbf640215bc72d9db559d144a9,VA,Wonders,MGH,ELA,Core Curriculum,4,371fb164889157519feb76adb751b9fc28b92e1965ad8b8471d4d0f7595da840,2024-2025,present,371fb164889157519feb76adb751b9fc28b92e1965ad8b8471d4d0f7595da840
0023cfcb013bc058ffe639aeca0a1a7cc2ea7e4aef5c0988c34d80c44a63c21f,WA,Zaner Bloser Handwriting,,ELA,Core Curriculum,K,76227d46ba941cb902608b4c01acd2a777110ad764f6613f093c847034a29d72,2024-2025,missing,76227d46ba941cb902608b4c01acd2a777110ad764f6613f093c847034a29d72
000a654c002aaeb82b23220e4f4752b76d4b2afba5102bd907a98c5f3ee1ea95,WA,SpringBoard,College Board,ELA,Core Curriculum,9,9fa50aa69c407600aa9d67df28e7cc3cd6e9c41609e609a7a815382af77beca2,2023-2024,present,9fa50aa69c407600aa9d67df28e7cc3cd6e9c41609e609a7a815382af77beca2
001da647b24889cde9214d197a89c0dff756abddee20c8ac622a7d492de204d8,WY,Springboard,College Board,ELA,Core Curriculum,6,9fa50aa69c407600aa9d67df28e7cc3cd6e9c41609e609a7a815382af77beca2,2024-2025,present,9fa50aa69c407600aa9d67df28e7cc3cd6e9c41609e609a7a815382af77beca2
0008c7b73b589a6982c9431808c9876e3e856adeb61a023c5d7bafe2f09398a7,AK,ALEKS,,Math,Core Curriculum,10,8788316b911b89e177b2099398872b77833e02a4b0ccd96fa6aaf1a44f35f058,2023-2024,missing,8788316b911b89e177b2099398872b77833e02a4b0ccd96fa6aaf1a44f35f058
0100f3a6d465cbc21805dea7021f4ac7bbc24977378d9433669d396b37211b3c,AK,Financial Algebra,Cengage,Math,Core Curriculum,12,a2245f4e7ae4a96e5689c1d211e05b73c436c2e2c2030bfffa4da29385645680,2024-2025,present,a2245f4e7ae4a96e5689c1d211e05b73c436c2e2c2030bfffa4da29385645680
009e85fa801882fb1d2072218145e04f574de20dc759474f4663b56e2f23c1fd,AL,Math Nation A|G|A,,Math,Core Curriculum,11,5ba9e933fd53db98d622cb599483be8cd066d28674eda92c0dd595fc7fe9f349,2024-2025,missing,5ba9e933fd53db98d622cb599483be8cd066d28674eda92c0dd595fc7fe9f349
00a967ac5c73718eb0921c71698d40ad564186d58d4fa31a8dd965c0762d9e07,AL,enVision,SAVVAS,Math,Core Curriculum,11,4ff5c810f83cdc1b9bf69b3db48018bee754a3a76da58902ad1143760cf7a7f3,2024-2025,present,4ff5c810f83cdc1b9bf69b3db48018bee754a3a76da58902ad1143760cf7a7f3
0007c04efad767c93d4a1a81892ac8434de7dfa5793cd3e7f66bcb9d8b5c9a5d,AR,AP Statistics College Board,,Math,Core Curriculum,11,22f4b1e97ecbf7e89df03072828806cbcb89a5f636649cd94b62195906bf71db,2024-2025,missing,22f4b1e97ecbf7e89df03072828806cbcb89a5f636649cd94b62195906bf71db
00192142cf6441efaead2e27d5856085085b04ed71440770cc1066efa6e0fb2e,AZ,Cengage Math,,Math,Core Curriculum,8,5478685bcf44b0658f33fe1b6d1c3b2acddab6f656f68a1da8cf672a0312b729,2024-2025,missing,5478685bcf44b0658f33fe1b6d1c3b2acddab6f656f68a1da8cf672a0312b729
00dbe3b52a6667bcf9fe5b9d3999d1a7e5941a7f3d5ac84dcf856393666d66c5,AZ,SpringBoard Mathematics,College Board,Math,Core Curriculum,11,41c0a4b3ef4da859ce7ce5cdf36db0257d37dfe5b4e8fe1f60e76931584bdcf0,2023-2024,present,41c0a4b3ef4da859ce7ce5cdf36db0257d37dfe5b4e8fe1f60e76931584bdcf0
010557862be3ab4ac5606f581d87f8e8618fc9a6a72dc333269c6affb6a0e992,AZ,Illustrative Mathematics,Kendall Hunt,Math,Core Curriculum,12,6afb80b88ee3933fd9c76c34f5f490e9d6360a9fb50cfedca0ea3d4a7da83985,2024-2025,present,6afb80b88ee3933fd9c76c34f5f490e9d6360a9fb50cfedca0ea3d4a7da83985
0022cfcd6a70edb32f165171dfe920b3cbebd6196aee202f1fda8c27a4ba4755,CA,College Preparatory Mathematics,,Math,Core Curriculum,8,1e05ec36d0784abc7237ffc7263fbef2c54e18a20158c3539b6380a7c7768440,2024-2025,missing,1e05ec36d0784abc7237ffc7263fbef2c54e18a20158c3539b6380a7c7768440
002536f56a6b8cf0c28a28bc8075bd96a672c3e863264da33f6f53df96c98626,CA,"Carnegie Math 1,2 Integrated",,Math,Core Curriculum,11,a2c3a3229333989443cba0574c85db4b9dc2d599f83bff8e0d2e0f4be8890aaa,2024-2025,missing,a2c3a3229333989443cba0574c85db4b9dc2d599f83bff8e0d2e0f4be8890aaa
002baa3989220b278d52b444b44df960ec908e688df08dbf1d10b33aaefd4631,CA,Carnegie Learning HSMS Integrated Math,,Math,Core Curriculum,11,f689873c9accdbf57ea35a1fdc0923ba631eed9bd94fdfb24e44fa13fe1c638a,2024-2025,missing,f689873c9accdbf57ea35a1fdc0923ba631eed9bd94fdfb24e44fa13fe1c638a
002c98a0deef7b4692c090cb78ef297da2d1ee70a0224e3cb7ddb80384fa8846,CA,CPM,,Math,Core Curriculum,9,0da51044351e7957d8d350d8920f677373c6ac47191f3ebb620e53e216f31b37,2024-2025,missing,0da51044351e7957d8d350d8920f677373c6ac47191f3ebb620e53e216f31b37
002f14823bc87aaa833ca97612f25cf4f9b19d2988b8ae0530bbfecbc41d89c5,CA,"Eureka Math,2016",,Math,Core Curriculum,4,e56fba9a8f3438466fce4d4a48d6b83c7e33d9e37ecfd7915835e2ac678fb0ee,2024-2025,missing,e56fba9a8f3438466fce4d4a48d6b83c7e33d9e37ecfd7915835e2ac678fb0ee
0034185c851e1c9956a065ad1cb9b22c11031311939ac5b6bde73b4d439b78e2,CA,Single Variable Calculus AP,,Math,Core Curriculum,11,02031df9880071cad276f4500b9a1295afebf56dc529eff08c88ede340570937,2023-2024,missing,02031df9880071cad276f4500b9a1295afebf56dc529eff08c88ede340570937
003d28ee694d7e81d7023fc47b6fa3ad14d8a5e79f16a60b9fbc5a3417b6c124,CA,Open Up Math,,Math,Core Curriculum,1,f17be9e65a637ac6448cb0dc0d5f6e69029287ca8165271bd2ad0cf474b1a2f2,2024-2025,missing,f17be9e65a637ac6448cb0dc0d5f6e69029287ca8165271bd2ad0cf474b1a2f2
0041606b6c043d0ab108a7223c5365c8f00a250e5d879922a2143d34f12def34,CA,Pearson,,Math,Core Curriculum,12,5f81a995f089f8b73d02d533c2040285cc324ef3e65fb92765aabf44e8f7eb83,2023-2024,missing,5f81a995f089f8b73d02d533c2040285cc324ef3e65fb92765aabf44e8f7eb83
0043f8cec5244030f5ddefeb925b986e048d3be96a09d25ad435060c60b84c2e,CA,NY Math,,Math,Core Curriculum,3,ce8a7633ff2b4761ca954c6ddeb0e90df2e7b5b0dd603879f9d770d6e4b0c3c1,2024-2025,missing,ce8a7633ff2b4761ca954c6ddeb0e90df2e7b5b0dd603879f9d770d6e4b0c3c1
00467b352eecd39eeb3a0d840461e3812a124ef24dea0ea7bd7688bb04f61261,CA,Illustrative Mathematics,,Math,Core Curriculum,4,7eb5c3b8ebb34b71bb59b5a1fc4b2333f217e7683b91aa52b0b002bf4c44543b,2023-2024,missing,7eb5c3b8ebb34b71bb59b5a1fc4b2333f217e7683b91aa52b0b002bf4c44543b
0053b42132f9d418dbf136bc443ceda1556470f2f8ba494507399ec2c028ef21,CA,"District Developed Materials, Common Core",,Math,Core Curriculum,7,5a16b6d78645fa76fb5b81164c42d6c7259d11a243e225f3ccb9f67a6bcb58d1,2024-2025,missing,5a16b6d78645fa76fb5b81164c42d6c7259d11a243e225f3ccb9f67a6bcb58d1
005453f00648bcd2bbc4700701e99cbbfb4a5b5f044066a94cc769961a884962,CA,Math in Focus,,Math,Core Curriculum,8,8d67181d51cb5c15a2b2c89c5c60b9ea6cad7db441f3ef64c21b002eb1203591,2023-2024,missing,8d67181d51cb5c15a2b2c89c5c60b9ea6cad7db441f3ef64c21b002eb1203591
0072700fdbdbec33350f504bf58921665f02fbe38f10ac3508336e0d9624ad66,CA,Core Connections Integrated Math,,Math,Core Curriculum,12,c259a3c6928cd7fd0a033c763800d4cbb0a4f1ad504a4d424dfbb811e2378d70,2023-2024,missing,c259a3c6928cd7fd0a033c763800d4cbb0a4f1ad504a4d424dfbb811e2378d70
0002b66ff3cb747479e12e5c6c1575a000ed746098ad82dbfd7f6bc24b4a29c3,CA,World of Work,American Guidance Service Inc,Math,Core Curriculum,11,dcc0c672422ae6fd792460b9824cf42d2a85c8b60223af0224aa74caa38b389e,2023-2024,present,dcc0c672422ae6fd792460b9824cf42d2a85c8b60223af0224aa74caa38b389e
00030f7c34ee9f1101e3c3a24c72c4057c1b73ebbf1ecfe17bef810930206745,CA,"Go Math!, Houghton Mifflin",Houghton Mifflin,Math,Core Curriculum,K,1b39ca1293af71eb431ef3964f00dabf369bdfcb704dedb65e1761a65efea38f,2023-2024,present,1b39ca1293af71eb431ef3964f00dabf369bdfcb704dedb65e1761a65efea38f
0004835bef6c2280b24c4cb8b2cdcd68696a25b176f0555d641b15671124f59b,CA,Everyday Mathematics,McGraw-Hill,Math,Core Curriculum,2,d5b12d7d7384c8a0c1d05c5b1485b441207e5a461e4eda17820da7441724a622,2024-2025,present,d5b12d7d7384c8a0c1d05c5b1485b441207e5a461e4eda17820da7441724a622
000626b16eae4c85c6a8959b14e63569d5a76f4cfbe8911a34ef55eacdad3d5d,CA,"2019/ 2024 Cengage Learning, Calculus of a Single Variable",Cengage Learning,Math,Core Curriculum,12,95b94368115e1de45a521466ee285150660f073b96aec44d70a6080d484afec4,2024-2025,present,95b94368115e1de45a521466ee285150660f073b96aec44d70a6080d484afec4
000c1c6de08ce751ec51561eb31de8c9ca603bb99c1de900c48107fbbd1c929d,CA,Illustrative Mathematics,imagine learning,Math,Core Curriculum,1,cda03b0ef2b939527412ce23bbd6a1c07c2943b1eb08db8c4e0a7d1acc2fbb8a,2023-2024,present,cda03b0ef2b939527412ce23bbd6a1c07c2943b1eb08db8c4e0a7d1acc2fbb8a
000c59b94e52ab085302bde1569dce9243387132e88637ac59ee31082a034a86,CA,Calculus,Houghton Mifflin,Math,Core Curriculum,12,22ab837cae1e134e707c0c02f4c3c00e2c6dfa1f5f7a588989dfbc7e3e6a9e1f,2023-2024,present,22ab837cae1e134e707c0c02f4c3c00e2c6dfa1f5f7a588989dfbc7e3e6a9e1f
00204a386bf58121a139c35deaee827938bdc2e8355ab5495404afe386184c2e,CA,Pre-Calculus - Glencoe/ McGraw-Hill Â©2014,Glencoe/ McGraw-Hill,Math,Core Curriculum,12,73d8a47daced5b6125e5fef6d1b365b4c34ef9031737077686ee62176981f38a,2024-2025,present,73d8a47daced5b6125e5fef6d1b365b4c34ef9031737077686ee62176981f38a
0023c2932ae738f278351d4de26ae58cbf306e4b8dd804823a433f5aa78ab09e,CA,Reveal,McGraw Hill,Math,Core Curriculum,5,954e552ed3d3fc4ced64c14e99985a1a9f141bd230dbb6744ea861c8c745c988,2024-2025,present,954e552ed3d3fc4ced64c14e99985a1a9f141bd230dbb6744ea861c8c745c988
00242bf9a416749308d7d3a75ad3666378b37d45e7e804e47b3a2c35de5be9af,CA,Go Math!,HMH,Math,Core Curriculum,2,474e4c4d1222773208cf71e1c738c5f57b31ce451bd143dcefb004a62931d342,2024-2025,present,474e4c4d1222773208cf71e1c738c5f57b31ce451bd143dcefb004a62931d342
00281c86867346e02608c29a4eab49390f7b152d1655b535709ec18f08c4146f,CA,Everyday Math,McGraw Hill/Wright Group,Math,Core Curriculum,5,93fcb9dbe58e0b446f8072eaccf7159cfe8fb291baf85c58cf1be3452acd79a1,2023-2024,present,93fcb9dbe58e0b446f8072eaccf7159cfe8fb291baf85c58cf1be3452acd79a1
0030310cc5eec1a811bf32e5478af14a94547bd7f44380fd5d74e6b10afa21bf,CA,Engage NY,NY State Education Department,Math,Core Curriculum,1,ce8a7633ff2b4761ca954c6ddeb0e90df2e7b5b0dd603879f9d770d6e4b0c3c1,2023-2024,present,ce8a7633ff2b4761ca954c6ddeb0e90df2e7b5b0dd603879f9d770d6e4b0c3c1
0032dbdbb8f7fea71c693d341a8885d028879a1541e899ed6c0349a8e10c9587,CA,"Calculus of a Single Variable, Cengage Learning 2016",Cengage Learning,Math,Core Curriculum,10,95b94368115e1de45a521466ee285150660f073b96aec44d70a6080d484afec4,2024-2025,present,95b94368115e1de45a521466ee285150660f073b96aec44d70a6080d484afec4
003789b4f2010b188b43f2ab36fad123f78ea3aa4ea78b20876e6052a37e5c1a,CA,Go Math,Houghton Mifflin Harcourt,Math,Core Curriculum,K,4b882f477d8420f3e699571d88f29089731fd2be0826764aa1b682c5805fcb5c,2024-2025,present,4b882f477d8420f3e699571d88f29089731fd2be0826764aa1b682c5805fcb5c
00383a433ed1fd9150b134aebe78fa3b7fcf55f23134db0d50c8d4094a89e822,CA,My Math (SARC),McGraw Hill,Math,Core Curriculum,3,a2106d01f72fd8cce0576840f4c10b2cdcbd65e61215c670a5a7a2af9217d445,2024-2025,present,a2106d01f72fd8cce0576840f4c10b2cdcbd65e61215c670a5a7a2af9217d445
0042eba1a071bb6ea8cb076b8527753db2115c7a7304e9b57cd501646f9c0fc7,CA,Renaissance Learning STAR Math,Renaissance,Math,Core Curriculum,8,c9be7dc77cc464a55073366b335dc04a2b896477cd4d3918c1dbba083c65d8b0,2024-2025,present,c9be7dc77cc464a55073366b335dc04a2b896477cd4d3918c1dbba083c65d8b0
0044248ec855f46ac413cc6e42bb317c5b37b258bf74c9e9d5e7868891380031,CA,precalculus,Pearson,Math,Core Curriculum,9,e4b55548ee0b5cfdf864982f22d02c2b2db0441538382c62d0b2aaa531b95e97,2024-2025,present,e4b55548ee0b5cfdf864982f22d02c2b2db0441538382c62d0b2aaa531b95e97
00444cab0a8471d15c0578918c36d03ad76a61617cd5544cbfb11e90265d21e5,CA,"Trigonometry, 1st Ed",Pearson,Math,Core Curriculum,11,c2fa161e0e44ffcacac333cfe952ff59c69f0a711f36d323513ed737b3b8c75f,2023-2024,present,c2fa161e0e44ffcacac333cfe952ff59c69f0a711f36d323513ed737b3b8c75f
004c3e2f785892406796af003cb50f4960f2711a14f44b2bee70a2955fe4211f,CA,California Go Math,Houghton Mifflin Harcourt,Math,Core Curriculum,1,4b882f477d8420f3e699571d88f29089731fd2be0826764aa1b682c5805fcb5c,2023-2024,present,4b882f477d8420f3e699571d88f29089731fd2be0826764aa1b682c5805fcb5c
00527279968cf94c86b24dd4bd4b795dd8eaf705af82d448ed3df452f88e651c,CA,Go Math,Houghton Mifflin Harcourt,Math,Core Curriculum,3,1b39ca1293af71eb431ef3964f00dabf369bdfcb704dedb65e1761a65efea38f,2023-2024,present,1b39ca1293af71eb431ef3964f00dabf369bdfcb704dedb65e1761a65efea38f
005570cca7b693e74936123769a30820a419e88c82a88a20e5e80321ec20da8c,CA,"Calculus Graphical, Numerical",Prentice Hall,Math,Core Curriculum,11,aac4dde2e6a61372075006478b258bf3bc2fa6ee79d4aa42163087eefc799ab8,2024-2025,present,aac4dde2e6a61372075006478b258bf3bc2fa6ee79d4aa42163087eefc799ab8
00595669e82487f0e3ddde01d8f947bd808f0c8280eee4ea97254963d416b490,CA,McGraw Hill - Reveal Math Integrated I-III,McGraw Hill,Math,Core Curriculum,10,4766063ceed3caa410154cfc8f7d1e239521d60d331cfbb5b13d0a57afda9dcf,2024-2025,present,4766063ceed3caa410154cfc8f7d1e239521d60d331cfbb5b13d0a57afda9dcf
005a90a021a4ac437b5a42b6aa9b88628a73cfa26337d6282f488db6435f55e5,CA,Envision Math,Pearson,Math,Core Curriculum,5,0cc92c71702f3b4a7c76ca294cc51dbde90867c183e6e308be80a51deae1f614,2023-2024,present,0cc92c71702f3b4a7c76ca294cc51dbde90867c183e6e308be80a51deae1f614
005c1ceca46cc5a3542f5a806653f3b0dfd11644652a19fc7fd3c15fc3a9378a,CA,K-5: Illustrative Mathematics,Imagine Learning,Math,Core Curriculum,K,cda03b0ef2b939527412ce23bbd6a1c07c2943b1eb08db8c4e0a7d1acc2fbb8a,2024-2025,present,cda03b0ef2b939527412ce23bbd6a1c07c2943b1eb08db8c4e0a7d1acc2fbb8a
00646a8620f042259cca7eb63ecbb56afcbda8c78b3f56dc7a80f5edd160ba11,CA,"Mathematics Core Connections Course 1-3 (College Preparatory Mathematics) 2013/ CPM Core Connections, Course 1 (2017)",College Preparatory Mathematics,Math,Core Curriculum,8,1e05ec36d0784abc7237ffc7263fbef2c54e18a20158c3539b6380a7c7768440,2024-2025,present,1e05ec36d0784abc7237ffc7263fbef2c54e18a20158c3539b6380a7c7768440
0064c91e5aa712dade10f98c9e8a763f255b6ed20efd09933ee99bee70063b85,CA,Math & You: The Power and Use of Mathematics,Larson Texts,Math,Core Curriculum,12,7bcfdc4c4659733e92954c7ffd122d82e540659bc00a9f6fb151c6393dfb8663,2023-2024,present,7bcfdc4c4659733e92954c7ffd122d82e540659bc00a9f6fb151c6393dfb8663
0065cfe8b8e2fcec00b2f14a05b134feac5f67d3b614fd293b6fa724ee7c3646,CA,"Cengage Learning: ""Big Ideas Math: Integrated Math I""",Cengage Learning,Math,Core Curriculum,11,6b5683f93beb143123afc0750959dcd8c327658bc37dd55fd69a542b0379133b,2023-2024,present,6b5683f93beb143123afc0750959dcd8c327658bc37dd55fd69a542b0379133b
006b970c0a04e9ff92fce19b5c208b9e64313b914ea3cdc4627473fd3c68a909,CA,8th-12th Mathematics,Glencoe/McGraw Hill,Math,Core Curriculum,9,a1c5c17e943a1572a358531e6c6528989783666884ead98e86ea2cbaab0ed7a9,2023-2024,present,a1c5c17e943a1572a358531e6c6528989783666884ead98e86ea2cbaab0ed7a9
007b30b5f1836b46b5d1c1127ec4888f8bf5e62aee309c344a53a04d1391bf8b,CA,Functional Math,McGraw-Hill,Math,Core Curriculum,12,8788316b911b89e177b2099398872b77833e02a4b0ccd96fa6aaf1a44f35f058,2024-2025,present,8788316b911b89e177b2099398872b77833e02a4b0ccd96fa6aaf1a44f35f058
00891ab1a3caf2d2f3d25567c7fa7e0a54d6dbf6ecde1972b09849f4c2a0ba39,CO,Springboard,,Math,Core Curriculum,8,3f5793365300da76674b00a98105881e445a5ddea26bd6b1e28af8d1bb446c44,2024-2025,missing,3f5793365300da76674b00a98105881e445a5ddea26bd6b1e28af8d1bb446c44
0006c602933dd4a52d9813c17195d24201357d701391b3b1453afd9e1541ccc5,CO,"Blitzer Thinking Mathematically, 7e",Pearson Education,Math,Core Curriculum,9,2ae9219da42776dee8b69eb058fb6817c43ab12d89ffd64094481c6b73d3c5b0,2024-2025,present,2ae9219da42776dee8b69eb058fb6817c43ab12d89ffd64094481c6b73d3c5b0
000752144f316551a57acdff8a70ff1be13f10368e972b389d3847af78bcb570,CO,enVision Mathematics,PearSon School,Math,Core Curriculum,7,cbf7be3e87682a71ce3b8db1d1abbbd91e4fec07a1e25ecc4a1893a2f9ee0206,2023-2024,present,cbf7be3e87682a71ce3b8db1d1abbbd91e4fec07a1e25ecc4a1893a2f9ee0206
0060b886df7ea5afb4ec7b1d038f37ea578aea8db63ec4cafb34a63be8e93b70,CT,Manuevering the Middle,,Math,Core Curriculum,7,4fde5d2e4b852f2d2b55fa16a14b0416c2c7e73fad9e5f6e15bf3b70cfdc3704,2024-2025,missing,4fde5d2e4b852f2d2b55fa16a14b0416c2c7e73fad9e5f6e15bf3b70cfdc3704
0067a0f2dabc534ec9decdd469c4e2af7d483549621c89b11cca1e098486c5ce,FL,Florida B.E.S.T. Math Savvas Envision,,Math,Core Curriculum,8,b0b42f4e6947a27029f5ef302c6746445a175f2aa8954232a815cb6a7e9273d0,2024-2025,missing,b0b42f4e6947a27029f5ef302c6746445a175f2aa8954232a815cb6a7e9273d0
00730549b385135961d6c390207f3f4add9e48ff12c85de2ae35005639b3988c,FL,Calculus Graphical Numerical Algebraic Demana PH,,Math,Core Curriculum,10,aac4dde2e6a61372075006478b258bf3bc2fa6ee79d4aa42163087eefc799ab8,2024-2025,missing,aac4dde2e6a61372075006478b258bf3bc2fa6ee79d4aa42163087eefc799ab8
001014d3d7b4d67ad22eea8bdc1da39bbcd1201021064e52628b4cf2ccd66b2d,FL,Precalculus,Savvas,Math,Core Curriculum,9,d31f1be00fd07bdf9820f3bbae3c95e3770156be729e07d2c5e5d226b2007000,2024-2025,present,d31f1be00fd07bdf9820f3bbae3c95e3770156be729e07d2c5e5d226b2007000
00130a68f1d3bee74f9e495e31c63023acb37e0b0812f9613f5ce988540021f7,FL,Math for College Algebra,Houghton Mifflin Harcourt,Math,Core Curriculum,12,3837746f98869fdb6cb3b5a540d937e4a7f16949a3055432fc73d564128be729,2024-2025,present,3837746f98869fdb6cb3b5a540d937e4a7f16949a3055432fc73d564128be729
0035a7200257afefcb86d54efd013808ea95e6ec73988435bcfefa1cfa6ff2f9,FL,Florida EdGems Course 2,EdGems,Math,Core Curriculum,7,fb9ad36a6385f225f0cf2bcf0ca98d9938c178e73fce119a61a877dd9a069fe5,2024-2025,present,fb9ad36a6385f225f0cf2bcf0ca98d9938c178e73fce119a61a877dd9a069fe5
004339dd3b29b2997832d003ffff13903fab830c7bf5d69945842f4cbf8ae383,FL,Reveal,McGraw-Hill,Math,Core Curriculum,5,7403034e62b4091db724797ad0010d6fd604672cf08c1345e24537dc5672eb3e,2023-2024,present,7403034e62b4091db724797ad0010d6fd604672cf08c1345e24537dc5672eb3e
004db19440f2770a3269f9d3df81f857494fe008de16cd5351557885181080a0,FL,Florida's B.E.S.T. Math,Math Nation,Math,Core Curriculum,9,1763f8c61856d912a80909808839f4feb2ddf37f17ac396686dfa23ec8df0aec,2024-2025,present,1763f8c61856d912a80909808839f4feb2ddf37f17ac396686dfa23ec8df0aec
007b7a324da7b4214cef96fbb4f44e401218273534c4946528313c8730358eda,FL,"Mathematical Excursions, 4E",Cengage,Math,Core Curriculum,9,7dc99d42a29136a42a5e2fadad496c657d3cfca3d1d698a8e5690900ef71d66e,2024-2025,present,7dc99d42a29136a42a5e2fadad496c657d3cfca3d1d698a8e5690900ef71d66e
015665af5a0cd7f33068aeece11cfd72528c6575c86e4ae98afd84d1560706bc,GA,Hand2Mind,,Math,Core Curriculum,5,3af4801ae89c575d170e99d5f3777826e7eda3990b39076f6ab823a0b6f43ce2,2024-2025,missing,3af4801ae89c575d170e99d5f3777826e7eda3990b39076f6ab823a0b6f43ce2
004b8ddc4bb37d3a2f8a0e659c224caee19dcac96d2ffbc4862b174074dd5dc8,GA,Foundations of Algebra,Savvas,Math,Core Curriculum,7,aa940ca218c9f2775c2156f5c79f83563305b5b5bb5ae7409e34babd256fbf98,2024-2025,present,aa940ca218c9f2775c2156f5c79f83563305b5b5bb5ae7409e34babd256fbf98
0068d03ef623ed2cc5fcbf5484ca7f348e1cc86ed3e81327c36ad3c47767d003,GA,Georgia A|G|A,Holt McDougall,Math,Core Curriculum,9,c7f88f761ae4e51dc910b34c78cce6de556362137346c418571138a58f003b50,2024-2025,present,c7f88f761ae4e51dc910b34c78cce6de556362137346c418571138a58f003b50
0075f09ebce0cfbceefb46bf6fdc63470a7ac065bbb1bfe0edef5a59cc83cc8e,ID,Sullivan & Sullivan Precalculus Enhanced,Pearson,Math,Core Curriculum,9,89b432142e74065df05c21b90090bfc0da909c407cde608ea05a4a86a9f190ad,2024-2025,present,89b432142e74065df05c21b90090bfc0da909c407cde608ea05a4a86a9f190ad
003ab9c3e9e1ac98ac4f9855c60e6702f3ad740053baee47077bc94af01705a5,IL,CPM Calculus,,Math,Core Curriculum,11,f91f27af8489e75d4bdb055eb3ed4b3c83e3e1933f65f273d7d57f856f1df291,2024-2025,missing,f91f27af8489e75d4bdb055eb3ed4b3c83e3e1933f65f273d7d57f856f1df291
00e2f7d715c4ecb799452137118e84693724c8c7e865a00e6f138ca6d003bbb2,IL,"Demana, Waits, Foley, Kennedy: Precalculus",Savvas Learning Company,Math,Core Curriculum,9,aac4dde2e6a61372075006478b258bf3bc2fa6ee79d4aa42163087eefc799ab8,2023-2024,present,aac4dde2e6a61372075006478b258bf3bc2fa6ee79d4aa42163087eefc799ab8
00d83d98bfe3bb44b0929897ee42600bd36fe5e2572a72bdd5966614a2527f87,IN,Precalculus With Limits: A Graphing Approach,,Math,Core Curriculum,9,80e191d87297d7d8e5e048e1eab7708d05e0973a4426e20c65e94d4c166138e9,2024-2025,missing,80e191d87297d7d8e5e048e1eab7708d05e0973a4426e20c65e94d4c166138e9
00352454a2f1e5333e853bb05ae0f3128c8da15c80eab7bc23278f19a969a4fb,IN,Discovery Education Techbook,Discovery Education,Math,Core Curriculum,11,c359e506c1927e0a5573d7e48e77fa8109eadfb798684f8fd6fa98554ec8a894,2024-2025,present,c359e506c1927e0a5573d7e48e77fa8109eadfb798684f8fd6fa98554ec8a894
006d867f0c521ea650179f7e532b8da9a41b6abbc9d8ce2c6ddb78532241ebb6,KS,EngageNY - EngageNY Mathematics,EngageNY - EngageNY Mathematics,Math,Core Curriculum,2,ce8a7633ff2b4761ca954c6ddeb0e90df2e7b5b0dd603879f9d770d6e4b0c3c1,2023-2024,present,ce8a7633ff2b4761ca954c6ddeb0e90df2e7b5b0dd603879f9d770d6e4b0c3c1
00e7dd718158bc70a790df05ba1c058d491939bd6160fc966b3c118400904ab8,LA,Zearn Math,,Math,Core Curriculum,3,40decdf570e89f690df296cc0f8dba4daddb63bfd631760eab9c835cca153e5f,2023-2024,missing,40decdf570e89f690df296cc0f8dba4daddb63bfd631760eab9c835cca153e5f
0070df1790116606dec4e3d2b6b9f13a4fa7cb61474581797d80d74e0bc4953b,LA,Agile Mind Core Mathematics: Unspecified,Agile Mind,Math,Core Curriculum,7,c17571f0094f02da30bc382a3d4056c5d813c6bb012025c794d1706fde17eb59,2023-2024,present,c17571f0094f02da30bc382a3d4056c5d813c6bb012025c794d1706fde17eb59
004125fefe681b36fbcc5b2164322added1f46af20b8b77e1d64e74643c50b7d,MA,Fishtank Plus,,Math,Core Curriculum,6,8a2f469e0f06960a4794a1f8f91b9a488efec291ac9f51c81f34c083e9807164,2024-2025,missing,8a2f469e0f06960a4794a1f8f91b9a488efec291ac9f51c81f34c083e9807164
000c38fd2f65150b418a236956911a037db033045dca8609710ab53273c7d014,MD,"Precalculus with Limits, A Graphing Approach (7th edition)",,Math,Core Curriculum,10,8a0fe33bd6f2afd5223b22692e0165249a39a5b8df02709552d7a19c52f2e79b,2023-2024,missing,8a0fe33bd6f2afd5223b22692e0165249a39a5b8df02709552d7a19c52f2e79b
011a941946d62b35127dd14e2a49a0d5a08b26fc4506e5b0c6800e8424f2c16c,MD,Eureka Math,Great Minds,Math,Core Curriculum,2,2382d8b3e7b50f4dd6efc37ce43213cccb5e06b1670130a138add2f5946efca5,2023-2024,present,2382d8b3e7b50f4dd6efc37ce43213cccb5e06b1670130a138add2f5946efca5
0070b815d6882fe6455416345fe4ee98738f26d0f0095a943b243c3153c580e8,MI,Eureka Math,,Math,Core Curriculum,6,2382d8b3e7b50f4dd6efc37ce43213cccb5e06b1670130a138add2f5946efca5,2023-2024,missing,2382d8b3e7b50f4dd6efc37ce43213cccb5e06b1670130a138add2f5946efca5
01487346dd65ae76c197574ffc817da70442e4ef77a32e35e41a16e70eb8671e,MO,Big Ideas A|G|A,,Math,Core Curriculum,11,f7d799298a472128027608e5e316afe999b347eaf0fa361b8c5176831e7b591d,2024-2025,missing,f7d799298a472128027608e5e316afe999b347eaf0fa361b8c5176831e7b591d
00b4ef2dc37dc9b7af4f5f35a2391e43d14d838ce88917605a54272e480a1953,MO,Reveal Math,McGraw Hill Education,Math,Core Curriculum,12,af976d1c04a421be1a062b33cf7e88b1862ce10f18eb541730aeabc1400509eb,2023-2024,present,af976d1c04a421be1a062b33cf7e88b1862ce10f18eb541730aeabc1400509eb
00aef129222e7a0e84f48245d25e67dc7d22f36188e8ea1b1f01eb8267a50a07,NC,iReady,,Math,Core Curriculum,6,138112c4754319d3202c78823a5b20721fe7dabc74a27307411f1b2150279835,2023-2024,missing,138112c4754319d3202c78823a5b20721fe7dabc74a27307411f1b2150279835
00014b8f73354bedc80c51549095cfdda931af9fa45a2f5092276fe276e7d8cb,NJ,Envision Math,,Math,Core Curriculum,3,5b03f743c139c9e1b76c00c046f8dbfaecb8fbf4f658f3b3bb9e36039353e70f,2024-2025,missing,5b03f743c139c9e1b76c00c046f8dbfaecb8fbf4f658f3b3bb9e36039353e70f
0025746e8de88dff930b792fe5c539d15a101589b4aa8204038839b526f194b7,NJ,Go Math,,Math,Core Curriculum,K,1b39ca1293af71eb431ef3964f00dabf369bdfcb704dedb65e1761a65efea38f,2024-2025,missing,1b39ca1293af71eb431ef3964f00dabf369bdfcb704dedb65e1761a65efea38f
002a6682024bffb9f160fe468dbc401a1a4c7ed15773be3f0ed48b520baa32c8,NJ,Demana Precaclulus,,Math,Core Curriculum,10,1160e1dd4b9ba8ed20da49ab36fb3b940be44f43de06321c1d9f87573e2be5b8,2024-2025,missing,1160e1dd4b9ba8ed20da49ab36fb3b940be44f43de06321c1d9f87573e2be5b8
0009a68ef5a0de3c6bfe4d75c87b774444deecf4ab90039da9620a8dba434fda,NJ,Pearson enVision,Pearson,Math,Core Curriculum,10,d0d8b6773d11e0ed0aea937bfe6616cded227b713eae0e3beeff521d023e8790,2024-2025,present,d0d8b6773d11e0ed0aea937bfe6616cded227b713eae0e3beeff521d023e8790
005539e31817c051513babc036655cf9fa8939f78f642d835531577893498c5e,NJ,Go Math,Go Math,Math,Core Curriculum,K,474e4c4d1222773208cf71e1c738c5f57b31ce451bd143dcefb004a62931d342,2023-2024,present,474e4c4d1222773208cf71e1c738c5f57b31ce451bd143dcefb004a62931d342
0041db5ba39b170c8de6677b9c85053614bf43db605c3746302fe4b7260b2953,NM,Stepping Stones,,Math,Core Curriculum,5,dd956710003354d0902f6dffaeb1706d5eea5a13c398601340326f7f754aabf8,2023-2024,missing,dd956710003354d0902f6dffaeb1706d5eea5a13c398601340326f7f754aabf8
017527d6dc7cc9316902ec63f6816629158bdcdca7106cd80e348c5da62ce556,NV,Eureka Math Squared,,Math,Core Curriculum,8,8b015e0d055b800ab059e0322dcca94ba3e3a5da3e40636be1ae2870927ee0cd,2024-2025,missing,8b015e0d055b800ab059e0322dcca94ba3e3a5da3e40636be1ae2870927ee0cd
00790289940750c98d2ac645a8f3cf4bfc7d5caee4fdb064db43f375be7b984b,NY,i-Ready Classroom Math,,Math,Core Curriculum,6,2b8cc7a14fcb074f66d4714b69942d7d2d2a1098979a2b3eb204795e7eaf98ee,2024-2025,missing,2b8cc7a14fcb074f66d4714b69942d7d2d2a1098979a2b3eb204795e7eaf98ee
01552967fa825789d083da57e3c549ce98acdcb902e3121aa5b61502cd86e309,OH,iReady,,Math,Core Curriculum,5,138112c4754319d3202c78823a5b20721fe7dabc74a27307411f1b2150279835,2024-2025,missing,138112c4754319d3202c78823a5b20721fe7dabc74a27307411f1b2150279835
00c25e713358fa63b25878732ae50948751eb5305f2cfcf69915d37564b88fc2,OK,Apex Math,,Math,Core Curriculum,7,f3d75ecbe25d6354a86346e61968c6988b61bbcd525c7083716f0d4c6f2a8766,2024-2025,missing,f3d75ecbe25d6354a86346e61968c6988b61bbcd525c7083716f0d4c6f2a8766
00c042237835388d923794084683def60e7e87fbda4199ba465c9844561e9781,OK,Precalc with Limits,Cengage,Math,Core Curriculum,9,80e191d87297d7d8e5e048e1eab7708d05e0973a4426e20c65e94d4c166138e9,2024-2025,present,80e191d87297d7d8e5e048e1eab7708d05e0973a4426e20c65e94d4c166138e9
00f2aa9a40dbd2c9835107688d00b05cdc50579e8b85681fe8df45ed9f18b608,OR,LearnZillion,,Math,Core Curriculum,5,b13423955a112533735cedfdf62dc64ab4e02389722ae794251ecfff0daabb99,2024-2025,missing,b13423955a112533735cedfdf62dc64ab4e02389722ae794251ecfff0daabb99
000b0caf75c09afb585b4bb5ea2b9aca726416989371db0fcb6a8a4f31827a97,PA,Go Math!,,Math,Core Curriculum,K,1b39ca1293af71eb431ef3964f00dabf369bdfcb704dedb65e1761a65efea38f,2024-2025,missing,1b39ca1293af71eb431ef3964f00dabf369bdfcb704dedb65e1761a65efea38f
001a4aa200dec30762f260f40a2886659124a3a088cc622e803789ffbee40647,PA,Illustrative Mathematics,Imagine Learning,Math,Core Curriculum,10,6821dbae7113505820ccb461606044a5677fe7815b350dc81f9cef51e6a4aa7a,2023-2024,present,6821dbae7113505820ccb461606044a5677fe7815b350dc81f9cef51e6a4aa7a
003ffd5756f0b291ea7ce5a59d4c89e8e83d92d3458cd2aa66dd9e32beef547a,RI,Precalculus,Glencoe,Math,Core Curriculum,12,73d8a47daced5b6125e5fef6d1b365b4c34ef9031737077686ee62176981f38a,2024-2025,present,73d8a47daced5b6125e5fef6d1b365b4c34ef9031737077686ee62176981f38a
00f1973cd967fa563256e5d42e07fab2c677b48a46052d53c100a783d8b2aef0,SC,"EnVision Algebra 1, SC 1st Edition",Savvas,Math,Core Curriculum,8,4ff5c810f83cdc1b9bf69b3db48018bee754a3a76da58902ad1143760cf7a7f3,2023-2024,present,4ff5c810f83cdc1b9bf69b3db48018bee754a3a76da58902ad1143760cf7a7f3
0025f5ce2a3163c4db1f833280cc0f752b5f9f8ddd4b4f8135ab83b88cf3158d,TN,Reveal Math,Savvas,Math,Core Curriculum,5,cc31033712bda39a4acff5406686468950259c6e5b2fb61a991af2900168df6c,2023-2024,present,cc31033712bda39a4acff5406686468950259c6e5b2fb61a991af2900168df6c
002a96fd448151ce3ffd80bef73fe658f38923a2f806d5aee2e92ec12f707fd2,TN,Envision Mathematics,Savvas,Math,Core Curriculum,9,4ff5c810f83cdc1b9bf69b3db48018bee754a3a76da58902ad1143760cf7a7f3,2023-2024,present,4ff5c810f83cdc1b9bf69b3db48018bee754a3a76da58902ad1143760cf7a7f3
00b3620534126537e6017ecb1ff7d3d4abed0d75d4507391cf9bf556de82d07b,TX,Go Math!,,Math,Core Curriculum,2,828267e0d53d86583f2d1de6a160efc9bdbdbf2c1e7a21562faf155ee24655ee,2023-2024,missing,828267e0d53d86583f2d1de6a160efc9bdbdbf2c1e7a21562faf155ee24655ee
0030d08f7de7eb77230b69e054d2ec7baf1285142b482c428f5e3dbf9b4a5fc4,TX,CALCULUS,CENGAGE,Math,Core Curriculum,10,1ede25ac21b336f5b7c0f2f46b9d004730dd8d719f721e66a9e2917e1578b493,2023-2024,present,1ede25ac21b336f5b7c0f2f46b9d004730dd8d719f721e66a9e2917e1578b493
009b82117f1ad6dfa843d0ec4a7b54c050122ec9eefa953cf15966c685116676,TX,Eureka Maths TEKS,Great Minds,Math,Core Curriculum,K,0fcaadeb21fea7c92d188b2c1b3b6756b23b5acc576a347f2036c11ad0114942,2023-2024,present,0fcaadeb21fea7c92d188b2c1b3b6756b23b5acc576a347f2036c11ad0114942
011fdc5aed45f440c8e94675b26238e016051314e95d1431876b920fb7f3055c,TX,"Precalculus, TX ed",McGraw Hill,Math,Core Curriculum,10,f16a08af9cf9d285c2477d2f2a6bedfad516f5a98d6cbbc95f9f1ad4988f9629,2023-2024,present,f16a08af9cf9d285c2477d2f2a6bedfad516f5a98d6cbbc95f9f1ad4988f9629
013a21b28a5a92af7f24797638d7022bddf7dddb2fc5bfc0f0cda7ec9de0dfa2,VA,envision Algebra 1,,Math,Core Curriculum,11,4ff5c810f83cdc1b9bf69b3db48018bee754a3a76da58902ad1143760cf7a7f3,2024-2025,missing,4ff5c810f83cdc1b9bf69b3db48018bee754a3a76da58902ad1143760cf7a7f3
00193c3ad5198633e1de001e5d21e97f600eacec5e67eb511045dd31071f0af4,VA,VA Glencoe Math,"McGraw-Hill School Education, LLC",Math,Core Curriculum,6,13db829b869d377e95994107a8a6f3526430474b59dfd2842151afbf57a8bc3b,2023-2024,present,13db829b869d377e95994107a8a6f3526430474b59dfd2842151afbf57a8bc3b
00c05b81debc9a5c3924b88ad7f2957f87a58902e3dffc272dd93162c796a191,VA,"The Practice of Statistics, 2nd Edition","Yates/Moore Starnes,  W.H. Freeman",Math,Core Curriculum,12,d6465315ebb32cf33e7e2e74c71cb12534187c55f6abf224ad248b95d3d41664,2024-2025,present,d6465315ebb32cf33e7e2e74c71cb12534187c55f6abf224ad248b95d3d41664
0156fcd331b8856dd5a7fa33d7120dae17f26fa3106e1ef9e42e88a42f7f0e43,WA,"Algebra 1, Geometry, Algebra 2",,Math,Core Curriculum,9,596ff4235c15a2275aa1811373e37607b5c0c81b60205ccfde1ded7013210f28,2024-2025,missing,596ff4235c15a2275aa1811373e37607b5c0c81b60205ccfde1ded7013210f28
000cd6506ff9eefb712fd518925496921e341bc979da22f871428f99cbc6cbc6,WA,Intermediate Algebra - Functions & Authentic Applications,Pearson/Prentice Hall,Math,Core Curriculum,9,5e6df22080b1b431677a31c6753d2abafbcf271efccc78d2bdfa7c99b45a9ca3,2024-2025,present,5e6df22080b1b431677a31c6753d2abafbcf271efccc78d2bdfa7c99b45a9ca3
00243e50871899a6fd3577def3d190e89470ea8d272a6178b19f7e4207bbf8b9,WA,Prentice-Hall Algebra/Geometry/Algebra 2,Prentice Hall,Math,Core Curriculum,11,8f36d2a84069fbec3b9e9deaf07427d3fafa25415a937d7ae1f0247cdf2d262e,2023-2024,present,8f36d2a84069fbec3b9e9deaf07427d3fafa25415a937d7ae1f0247cdf2d262e
00f90f290c19c4e628a24a82b8cdf41836582fe00e5fd49d8ac98accc0a08969,WY,Open Up Resources,Open Up Math,Math,Core Curriculum,11,dfb7155db3a298ec70d7b6348017bb19e5a4e03979759b1981d7c980f7abfc66,2024-2025,present,dfb7155db3a298ec70d7b6348017bb19e5a4e03979759b1981d7c980f7abfc66
0060186b6e8906855d8705b921ac28387e7148a10047aef0d25c0d86298c8e4e,AK,"Environmental Science: Your World, Your Turn",Savvas,Science,Core Curriculum,12,432f9207fd781e1346b1276b7b5831af0615706726260a2ee00bb6395377c222,2024-2025,present,432f9207fd781e1346b1276b7b5831af0615706726260a2ee00bb6395377c222
0102f76ed709c0528aed7e89ae60749c9c213fe29a80b67e7c69318315cc4a0a,AL,Studies Weekly,,Science,Core Curriculum,2,caaf1fdd646eed5e97edcce777291dae915cd456b68e20ae2427472bdc4353f7,2024-2025,missing,caaf1fdd646eed5e97edcce777291dae915cd456b68e20ae2427472bdc4353f7
00581a90bafd0fc76211a5937939725849fe6036e458be9b97142657a79c7d9e,AL,Essential of Human Anatomy & Physiology,Savvas,Science,Core Curriculum,12,df1f0f1cd65b12dc0c30289cbc6cc45eae32e038def57ff903d44ad7747bb4ed,2024-2025,present,df1f0f1cd65b12dc0c30289cbc6cc45eae32e038def57ff903d44ad7747bb4ed
002ed2aca497f2161a215f54626bcb8c19b5a4c4f76ea95a542505ca719292e5,AR,Biology College Board,,Science,Core Curriculum,10,6ece68cee9a943310e046cf60dcdd68a05b0617cf49b5616d8c8e6345ff1220d,2024-2025,missing,6ece68cee9a943310e046cf60dcdd68a05b0617cf49b5616d8c8e6345ff1220d
0025e51697d8416b27727017480169bb4cca6a55c343d516536d93ebc95407e9,AZ,Conceptual Physics,,Science,Core Curriculum,10,1ca0bf0ee96a1bc43ad3938a50b908f0b5b5d6f66d0ae62efbba5333c7194a0c,2024-2025,missing,1ca0bf0ee96a1bc43ad3938a50b908f0b5b5d6f66d0ae62efbba5333c7194a0c
0018c019ecdd4e65339fda9b84c0104c1aa09e1952a7801f221a24ed3fa2101f,AZ,Science Dimensions,HMH,Science,Core Curriculum,7,7e6f995b13d55ca926e41942c262a9653bfd2de2f306bb657d49976c15d13af7,2023-2024,present,7e6f995b13d55ca926e41942c262a9653bfd2de2f306bb657d49976c15d13af7
007cfa446f4c416d387768d4377dd237dfe0785d861d373fdd61909182b8128b,AZ,Chemistry the Central Science,Pearson,Science,Core Curriculum,11,96570b056c085041e02fc7ad0cfdc9581ce705f26bf239f67e717a02691ea9ef,2024-2025,present,96570b056c085041e02fc7ad0cfdc9581ce705f26bf239f67e717a02691ea9ef
000ae830e07c1ebb9952f625f66a23d5ffc0de86933edf4f67d3f108e0654285,CA,FOSS Scienc,,Science,Core Curriculum,K,427d5c20c5d577767658a4930743ef085d550c70560033097e4387642cb351b3,2024-2025,missing,427d5c20c5d577767658a4930743ef085d550c70560033097e4387642cb351b3
000f4fd696c0ec5a0e37fb8271edc9239af243bfc2a5c2c3610272d19f920ec2,CA,Elevate,,Science,Core Curriculum,6,ad928c0d45724bbfee13001da4d05fb4205f57fc82fa61ac6ac29c493f1e36cc,2024-2025,missing,ad928c0d45724bbfee13001da4d05fb4205f57fc82fa61ac6ac29c493f1e36cc
001180d350774dd89a41d6a999f230398190e6b12bcee1be5a4a24a91f92b88a,CA,TWIGs Science Curriculum,,Science,Core Curriculum,1,079f25766781f92fea83a9637cd1009bc2effc32096bb45ebf27d21a7a3a7100,2023-2024,missing,079f25766781f92fea83a9637cd1009bc2effc32096bb45ebf27d21a7a3a7100
001724dc42c6cd134408182925af08e4221c9e6c41745c125e41531fe51e4e6a,CA,Amplify Science,,Science,Core Curriculum,5,6de334255aab7171f49755fc0392bdb97eb983eb33b4361a640dfce91e80ad6a,2024-2025,missing,6de334255aab7171f49755fc0392bdb97eb983eb33b4361a640dfce91e80ad6a
002a338a34281f7c0ebb0837de3b4a725e2621558f8ead48933d0c537a42c367,CA,Chemistry in the Earth Systems,,Science,Core Curriculum,9,08d188e2198faab1059eb0e23e5028b63eb21da33eb36f60168b442e0ca450bd,2024-2025,missing,08d188e2198faab1059eb0e23e5028b63eb21da33eb36f60168b442e0ca450bd
003512348e433a4b5f2853cd2c0192ae8f388907140160a2cb5aadb04acfb6c9,CA,Apex,,Science,Core Curriculum,10,f3d75ecbe25d6354a86346e61968c6988b61bbcd525c7083716f0d4c6f2a8766,2024-2025,missing,f3d75ecbe25d6354a86346e61968c6988b61bbcd525c7083716f0d4c6f2a8766
0042a3c99f94a0c328a368fa62bce15c872389fd6e3ce8a6a3f232a6c6f3640b,CA,Amplify Science,,Science,Core Curriculum,4,6de334255aab7171f49755fc0392bdb97eb983eb33b4361a640dfce91e80ad6a,2023-2024,missing,6de334255aab7171f49755fc0392bdb97eb983eb33b4361a640dfce91e80ad6a
0051c51ef139603ca0ce1b7817b560e0eecce959033971cdbf74be242d5d14e3,CA,TCI Science: Bring Science Alive!,,Science,Core Curriculum,1,a30f7fdea6f1fe9fbe6427aa17cb0a5b57ab4484d03b0ee7979a1e02a96f8910,2023-2024,missing,a30f7fdea6f1fe9fbe6427aa17cb0a5b57ab4484d03b0ee7979a1e02a96f8910
0053590f14ea4b8bb471e41e034ac47d0576572de876f83537b4e05f426e01e4,CA,Carolina Biological Science,,Science,Core Curriculum,3,c72d888dba5dd886c7ba2a66826dce77ae1e372fc2e64c9b165d4d398abbdba3,2024-2025,missing,c72d888dba5dd886c7ba2a66826dce77ae1e372fc2e64c9b165d4d398abbdba3
0054c14e19325052685157f2cd923bc2877c87b9f0ff6a20106c8e1ce5cd0aef,CA,Exploring Environmental Science for AP,,Science,Core Curriculum,11,5e284a2e3aaecf4d5853fa90c2c50d2a6eed89fe8ce24ce70cb5c717a7771429,2024-2025,missing,5e284a2e3aaecf4d5853fa90c2c50d2a6eed89fe8ce24ce70cb5c717a7771429
0055f59f834cf34aa60c5aab6a5ea42e98b517a6800990a3c7f6a52912757c5a,CA,Harcourt Brace Science,,Science,Core Curriculum,5,cfac3d239b2c3295a80c7e34575a00401bd1442e6ccefb73f1ef243f42d540fb,2023-2024,missing,cfac3d239b2c3295a80c7e34575a00401bd1442e6ccefb73f1ef243f42d540fb
00685fdaa6da1d7cfb48bec935919b11a937ab8f6d35d152a7f98a06bfa50bc0,CA,FOSS Science Curriculum,,Science,Core Curriculum,6,dc3b25e1deb2605573efd4292fde57bc8a7995daafd30b4495bd59f2b1920f79,2023-2024,missing,dc3b25e1deb2605573efd4292fde57bc8a7995daafd30b4495bd59f2b1920f79
006b591eef1e40181971db0d0a38a4a5c548be4f9568a848112d21510210dfcc,CA,Conceptual Physics: The High School Physics Program. Hewitt./ Conceptual Physics Pearson (12 Edition)/ California Edition Conceptual Physics,,Science,Core Curriculum,10,1ca0bf0ee96a1bc43ad3938a50b908f0b5b5d6f66d0ae62efbba5333c7194a0c,2023-2024,missing,1ca0bf0ee96a1bc43ad3938a50b908f0b5b5d6f66d0ae62efbba5333c7194a0c
008232b5fce0aed1f6e027240fcc2c48b493cf30885fc9dde523e23d0821069a,CA,Twig,,Science,Core Curriculum,6,6d12c3e0cb30d659b221ca74aa5927ed1277fcc60b2f73edead81ff86ad4855b,2024-2025,missing,6d12c3e0cb30d659b221ca74aa5927ed1277fcc60b2f73edead81ff86ad4855b
001137dffb61f3fed545f1e77cc985d5680a6610302efb69b397b0e9246ef37d,CA,BrightThinker: HS SCI,BrightThinker,Science,Core Curriculum,9,e249af7efb6e452263e2aa66d1d285f3ba4b6df3d875b6b9764699d1f270e82a,2024-2025,present,e249af7efb6e452263e2aa66d1d285f3ba4b6df3d875b6b9764699d1f270e82a
001926d2e2b0ed0afa3804771f6cee3cc39163205c7f5d1540bbb103d6133c0f,CA,Physics: Principles & Problems,glencoe,Science,Core Curriculum,12,57ac3b548c1c0db013cdd493bbdf8f0b9d640a47930665f3d24fdb222069d550,2024-2025,present,57ac3b548c1c0db013cdd493bbdf8f0b9d640a47930665f3d24fdb222069d550
0019b1712686416d3d64aaff90e75008174794d5cdf48023e37bd7458f2ab6e0,CA,Amplify Science,Amplify Education,Science,Core Curriculum,8,cacf278f81a9f0ca1eb3853ae6ac55ca419c5454675cc869c576f7d098a5eb9f,2024-2025,present,cacf278f81a9f0ca1eb3853ae6ac55ca419c5454675cc869c576f7d098a5eb9f
0019df5a335b25f568a20815c37fb0f0b833db6652a49775e4c9f5269e3ec882,CA,Physics,Glencoe,Science,Core Curriculum,11,57ac3b548c1c0db013cdd493bbdf8f0b9d640a47930665f3d24fdb222069d550,2023-2024,present,57ac3b548c1c0db013cdd493bbdf8f0b9d640a47930665f3d24fdb222069d550
001a484320e29cb5ead4ddfed9c5f199e20380dbbec6eb8f7fb8e8596fc5e30a,CA,Carolina 3D Science,Carolina,Science,Core Curriculum,K,c72d888dba5dd886c7ba2a66826dce77ae1e372fc2e64c9b165d4d398abbdba3,2024-2025,present,c72d888dba5dd886c7ba2a66826dce77ae1e372fc2e64c9b165d4d398abbdba3
001d6e64377130ee41ff5498b8a8be8b753e62e6f09f7d2075db67ec77133c1c,CA,AP Chemistry,MGH,Science,Core Curriculum,10,cc3e47c567e3ae8c097bb1b4225d92f8b166d68795299d7c193e868a81c4f4d8,2023-2024,present,cc3e47c567e3ae8c097bb1b4225d92f8b166d68795299d7c193e868a81c4f4d8
001e270bb960dbfa6105e01aafffa6bcf942b3d0258615163691a43bedfb0143,CA,Psychology,BFW,Science,Core Curriculum,10,6ec6070513c19c58de77aec30da6796cde57dff20845bd467399fe7d5e9ba27e,2024-2025,present,6ec6070513c19c58de77aec30da6796cde57dff20845bd467399fe7d5e9ba27e
001fb7e12dd23af8a919b649a1f2bd3baa803047ad85218e4b21ba9d3dd4506f,CA,"Chemistry, AP Edition",Cengage,Science,Core Curriculum,12,86388abe37343a7c0d02f1e6c82d5376ce368b372a05c8dc86b6a9d94021a948,2024-2025,present,86388abe37343a7c0d02f1e6c82d5376ce368b372a05c8dc86b6a9d94021a948
002250977bbbdea0b57682c1e1888e165541bef4e228b6968e2763c66724fcab,CA,Biology,Acellus,Science,Core Curriculum,11,a37c26cbf13c37b376c29912c58c1b652c6469fa6684c6eabffdcd0ac258831e,2024-2025,present,a37c26cbf13c37b376c29912c58c1b652c6469fa6684c6eabffdcd0ac258831e
0028ff156f8fbc07403fec40343571edc8ec54aa1d7a4e2ee0ead3afde799c80,CA,Biology Campbell,Savvas,Science,Core Curriculum,10,832106a5396e9245d06d56deb5a4d87d9f6f4c9b5f1059dde5045aaae8ce21b6,2023-2024,present,832106a5396e9245d06d56deb5a4d87d9f6f4c9b5f1059dde5045aaae8ce21b6
0029213d15fea6882936e59b818969392754625019614697e2d49fb11b1f5f47,CA,CA Inspire Chemistry,McGraw Hill,Science,Core Curriculum,12,d858fd4dc8ee4fdd4c51b46cc21c65c26153908dfdcc7a41645872061b2cb8a5,2023-2024,present,d858fd4dc8ee4fdd4c51b46cc21c65c26153908dfdcc7a41645872061b2cb8a5
002968703d37fd4c34b8d64071f598cbbd84bdda54bdb04f3bb3c3b42a21babe,CA,Inspire Chemistry,McGraw Hill Education,Science,Core Curriculum,11,d858fd4dc8ee4fdd4c51b46cc21c65c26153908dfdcc7a41645872061b2cb8a5,2023-2024,present,d858fd4dc8ee4fdd4c51b46cc21c65c26153908dfdcc7a41645872061b2cb8a5
002f615e792f13effa5e9107509f3cb1f648b10b508723dac25b345238b41dca,CA,Reach for Reading,Cengage Learning,Science,Core Curriculum,2,291ed91b6d2352af83225fa8ed9c86d577c0fe602301210e8fc03276abf1f43d,2023-2024,present,291ed91b6d2352af83225fa8ed9c86d577c0fe602301210e8fc03276abf1f43d
0032423b93cbd6980d5ecca6f75fe1733eae6186fb47e9ef6ce8bdeebdcf72fa,CA,Integrated Principles of Zoology 18th Ed,McGraw-Hill,Science,Core Curriculum,12,a6f94504900f9f141452c0a3058ffaaa3fb50246222e1e685487fdec84d409a1,2023-2024,present,a6f94504900f9f141452c0a3058ffaaa3fb50246222e1e685487fdec84d409a1
0036633b8ef44a3d4998157b9d94262525f0af75bfff3452b441fa9ce7778fc5,CA,California Inspire Science,McGraw-Hill,Science,Core Curriculum,6,7c3787f2ce46c14400c444a079393fc1cc0a71628a1696e36fedc3ee8ffa35c7,2024-2025,present,7c3787f2ce46c14400c444a079393fc1cc0a71628a1696e36fedc3ee8ffa35c7
003a227ce124218762924c2fea80472178f6144789f7b66e36228ec0c6c20d5e,CA,Inspire Chemistry CA Edition,McGraw Hill,Science,Core Curriculum,11,d858fd4dc8ee4fdd4c51b46cc21c65c26153908dfdcc7a41645872061b2cb8a5,2023-2024,present,d858fd4dc8ee4fdd4c51b46cc21c65c26153908dfdcc7a41645872061b2cb8a5
003b6aed42053c790e54f3317c46789662ce0eabfb5a9d7b2f0f2c696f8e3c0b,CA,Chemistry 10th Ed. - NGL/Cengage Â©2023,NGL/Cengage,Science,Core Curriculum,12,86388abe37343a7c0d02f1e6c82d5376ce368b372a05c8dc86b6a9d94021a948,2024-2025,present,86388abe37343a7c0d02f1e6c82d5376ce368b372a05c8dc86b6a9d94021a948
003f74374f2f00e5a00db8c2cfa96185a78626ef56cd2c2ef55ff9c8a82d79bb,CA,Miller and Levine Biology,savvas,Science,Core Curriculum,10,ba2b387296c3883b736079bed4981fb10a9edd6245a4463b181c821bd31146c2,2024-2025,present,ba2b387296c3883b736079bed4981fb10a9edd6245a4463b181c821bd31146c2
004270c3318a2a6ba45ffb3781d66d77f2399827c0b58edd7027ec62a7b72312,CA,Marine Science 2nd Edition,McGraw Hill,Science,Core Curriculum,11,072060c6fbf7f7647c2a33157aa68ddcc9cebc2ef2a9053c0c3ede65fc778a65,2023-2024,present,072060c6fbf7f7647c2a33157aa68ddcc9cebc2ef2a9053c0c3ede65fc778a65
0044dbcc733c475bab3d146eab26d673017affa12426462874074679409a4368,CA,California Inspire Science,McGraw-Hill,Science,Core Curriculum,8,7c3787f2ce46c14400c444a079393fc1cc0a71628a1696e36fedc3ee8ffa35c7,2024-2025,present,7c3787f2ce46c14400c444a079393fc1cc0a71628a1696e36fedc3ee8ffa35c7
0048f284096f9ec1838754ea66dab1fba5364059761ab9b5527e5b91a77b555f,CA,"California Inspire Science,",McGraw Hill,Science,Core Curriculum,7,7c3787f2ce46c14400c444a079393fc1cc0a71628a1696e36fedc3ee8ffa35c7,2024-2025,present,7c3787f2ce46c14400c444a079393fc1cc0a71628a1696e36fedc3ee8ffa35c7
005153856b1f76eb4f4840b6537924f415629dc13cd1868e9cde888a638bae17,CA,"FOSS Next Generation/ Delta Education, Foss Science Resources",Delta Education,Science,Core Curriculum,5,2be0132f5c268958af5e968ea745ff940fd33cd182b59f6e207360c3c2c130ed,2024-2025,present,2be0132f5c268958af5e968ea745ff940fd33cd182b59f6e207360c3c2c130ed
0051a29a49f35f6025a66f2a1425c76d185abdc69a3cdfe8c2d6125fab0ebb0a,CA,Experience Physics,Savvas,Science,Core Curriculum,11,199ed7d4e7f5f8699f29eb10055fae3afa3a4c1ea4094e70676dc56cdbf5ac5c,2024-2025,present,199ed7d4e7f5f8699f29eb10055fae3afa3a4c1ea4094e70676dc56cdbf5ac5c
0051ff193d35abbdb2f92f184c5521204315b753c93466420eeccb9b8a5aabd9,CA,Twig Science,Twig Education Inc,Science,Core Curriculum,K,6d12c3e0cb30d659b221ca74aa5927ed1277fcc60b2f73edead81ff86ad4855b,2024-2025,present,6d12c3e0cb30d659b221ca74aa5927ed1277fcc60b2f73edead81ff86ad4855b
005306db7279b1776c45df8ac76add48f20d11e457a489d29751a4320c5f7ed5,CA,Intro to Marine Biology 3rd ed,"Karleskint, Turner and Small",Science,Core Curriculum,9,c2984d548d079d87d7e9370260c4f16eb23c454480bfdbf1ab7eab9044d63f90,2024-2025,present,c2984d548d079d87d7e9370260c4f16eb23c454480bfdbf1ab7eab9044d63f90
0055ca1b3bd9afb21399ded6ef50cd31cec528b93f3c02b7673959ff42006569,CA,Earth Science CA Edition,prentice hall,Science,Core Curriculum,12,a279aca3facafd87453de6fb34cbdf40c0b838285d2f07a655070580c9ea92d3,2023-2024,present,a279aca3facafd87453de6fb34cbdf40c0b838285d2f07a655070580c9ea92d3
0056c48a63a9f1dcd23417a66524dec71704f1bc6d64fdce91c5ddce218fa152,CA,California Elevate Science,Pearson,Science,Core Curriculum,3,95cdc92935aade187042e2004f8cd23e4144da922258a50eeadd86ec8fbe1988,2023-2024,present,95cdc92935aade187042e2004f8cd23e4144da922258a50eeadd86ec8fbe1988
0057c1ba91f841dd5d3dc2faf0225e77cd3a4fa62958312bf558ba99d3865d10,CA,Environmental Science,Holt,Science,Core Curriculum,10,c705adf21d577c19cb1f73ecc5534f685d784b1c2979cb27642b115a62f617ff,2023-2024,present,c705adf21d577c19cb1f73ecc5534f685d784b1c2979cb27642b115a62f617ff
005af1b8c79f90ce960843d5d5874d4be37b3151f0d09e9ebe221455ae9d4bc2,CA,glencoe physical science,MGH,Science,Core Curriculum,9,99eb1e9a53db4b7f1c36f9a6d252086c5e102341f90e6dd6ac7d0f93f517f089,2024-2025,present,99eb1e9a53db4b7f1c36f9a6d252086c5e102341f90e6dd6ac7d0f93f517f089
005caac188c73476f8cf464d9aa09cdbcd4932be7c1d536bcef4d1e337ec55fd,CA,Living by Chemistry,BFW Freeman,Science,Core Curriculum,10,fb5997cfcc59e08cf0bca2781655dede4677a2f69b20eb57aed1356a3536d628,2023-2024,present,fb5997cfcc59e08cf0bca2781655dede4677a2f69b20eb57aed1356a3536d628
0065d9be3906474d077c1758f2ac27231f56775b6807279cc1110f218971cf0e,CA,MGH Science,MGH,Science,Core Curriculum,5,fb5942d63cfea1a577ef200b25a08e4e2d892838a87c7a4c83b631f04780e424,2024-2025,present,fb5942d63cfea1a577ef200b25a08e4e2d892838a87c7a4c83b631f04780e424
00eb634db6631796d5e6379c10ee701b3a538cf485c1e7cef81125e184eeca2b,CO,Generation Genius,,Science,Core Curriculum,2,9f583c27584182cab5aa63adeb1a80749dc4aa70cb2fda459472e47856774750,2024-2025,missing,9f583c27584182cab5aa63adeb1a80749dc4aa70cb2fda459472e47856774750
01b5be9ef79244e9e39bdb99f143ccaff091e799349d47da2c19a6b5c37752cc,CO,FOSS Next Generation,FOSS,Science,Core Curriculum,2,427d5c20c5d577767658a4930743ef085d550c70560033097e4387642cb351b3,2023-2024,present,427d5c20c5d577767658a4930743ef085d550c70560033097e4387642cb351b3
01f1283808dc10bf9cd76ff2dc6824420b660792dea697c317053304661b29bc,CO,Experience Chemistry,SAVVAS Learning Company,Science,Core Curriculum,12,8bdb46adcc145c5abfe43f2d8845042f12e628801473d2196198a0a46bd0e8a5,2023-2024,present,8bdb46adcc145c5abfe43f2d8845042f12e628801473d2196198a0a46bd0e8a5
001bc446b306d92ec6558870f77a14eabbaa71e5a34ec3032cc6123ac6cf9bd8,CT,SAVVAS,,Science,Core Curriculum,12,8e1c37c762f33ef3eb4c59128c8cc796b2ecd4519608ae97eaa7eb123e69b998,2024-2025,missing,8e1c37c762f33ef3eb4c59128c8cc796b2ecd4519608ae97eaa7eb123e69b998
00659bd535a1ef5a9c37a07c8ec361f8f68e5d0b6d4b48b4b01179823a242ecd,FL,SAVVAS FLORIDA ENVIRONMENTAL SCIENCE YOUR WORLD YOUR TURN,,Science,Core Curriculum,11,432f9207fd781e1346b1276b7b5831af0615706726260a2ee00bb6395377c222,2024-2025,missing,432f9207fd781e1346b1276b7b5831af0615706726260a2ee00bb6395377c222
000637c903ea59d9ad61b8d2e668e8af2c0dd8f61f8a78efdfb24e64818453d5,FL,FLORIDA SCIENCE FUSION,HOLT MCDOUGAL,Science,Core Curriculum,8,a46666d8a969aafcac06976081eb507cb91524239704f3f842ad614892794812,2023-2024,present,a46666d8a969aafcac06976081eb507cb91524239704f3f842ad614892794812
001b07866e8952c6e62c77063887bc5b687374113476fbaa6d96390188a94ff4,FL,Florida Holes Essentials of Human A&P,"McGraw-Hill School Education, LLC.",Science,Core Curriculum,10,bf4d364771d04040402a4aa0bf45797720493840cf02401b55d7a0dd72015fe7,2023-2024,present,bf4d364771d04040402a4aa0bf45797720493840cf02401b55d7a0dd72015fe7
001e11c95267aad9ca2ad869490f04fab86bcdcc6b9956b460afb8d7af95cacc,FL,McGraw Hill Marine Science,McGraw Hill,Science,Core Curriculum,12,072060c6fbf7f7647c2a33157aa68ddcc9cebc2ef2a9053c0c3ede65fc778a65,2023-2024,present,072060c6fbf7f7647c2a33157aa68ddcc9cebc2ef2a9053c0c3ede65fc778a65
0024288f77628de5ee3cbee1629327a8564cb8200f3a65a13e1448e2be0b338a,FL,Physics Principles and Problems FLorida,MGH,Science,Core Curriculum,10,57ac3b548c1c0db013cdd493bbdf8f0b9d640a47930665f3d24fdb222069d550,2023-2024,present,57ac3b548c1c0db013cdd493bbdf8f0b9d640a47930665f3d24fdb222069d550
0033b610b6d6283790715ecc0f30f3f18b6dac57f8abf2fe698318795d7fe71b,FL,Environment,Houghton-Mifflin-Harcourt,Science,Core Curriculum,9,c705adf21d577c19cb1f73ecc5534f685d784b1c2979cb27642b115a62f617ff,2023-2024,present,c705adf21d577c19cb1f73ecc5534f685d784b1c2979cb27642b115a62f617ff
00380cbf2a579ca83e772198a1961c73a5af3020e387cc3c80a4adef38834b9e,FL,"Foundations of Astronomy, 2019",Cengage,Science,Core Curriculum,10,640d691ebe649bee635c8b1efd1e2e6ef149754d2f88f376dcb39ddf5a19ddb9,2023-2024,present,640d691ebe649bee635c8b1efd1e2e6ef149754d2f88f376dcb39ddf5a19ddb9
004422d83feee46230a17ecf472e637b30e3bed83f01231933774fa1c2ec360b,FL,Anatomy and Physiology,BE Publishing,Science,Core Curriculum,11,b0b4d34761d0c7d5242fd0ff5ff3d7f5342f0d1e024ad4e5c783f12d7dd529b9,2024-2025,present,b0b4d34761d0c7d5242fd0ff5ff3d7f5342f0d1e024ad4e5c783f12d7dd529b9
005134a8410e0dc706e9293928caef80632e65b989cf492599bb486235106a8d,FL,Essentials of Human Anatomy & Physiology,Pearson Education,Science,Core Curriculum,9,df1f0f1cd65b12dc0c30289cbc6cc45eae32e038def57ff903d44ad7747bb4ed,2024-2025,present,df1f0f1cd65b12dc0c30289cbc6cc45eae32e038def57ff903d44ad7747bb4ed
00ea0fe4e42323f57075a0b155cc3b441d2177f4b73a7775365affb698d52856,GA,Stemscopes,,Science,Core Curriculum,1,bfd7ff9db105d737680b066411d97be815d13a03752fed0eb86e1734d74fbb97,2024-2025,missing,bfd7ff9db105d737680b066411d97be815d13a03752fed0eb86e1734d74fbb97
0013dff0e401420c0cf179efafd834e3e2c05b17aa840fb7d8d1c338de6b342b,GA,Cengage AP Chemistry OWL - Digital Platform,Cengage,Science,Core Curriculum,10,728341bf700302cb45ec4ea6611fc6ffecb933e24747bfc468de707a0fea0b38,2024-2025,present,728341bf700302cb45ec4ea6611fc6ffecb933e24747bfc468de707a0fea0b38
0028644a1d84c21a95ea3e0836dc3c6d2775bcac86bd970977466d590a120e16,GA,"HSP Science, Grade K, Harcourt (2009)",Harcourt,Science,Core Curriculum,1,cfac3d239b2c3295a80c7e34575a00401bd1442e6ccefb73f1ef243f42d540fb,2023-2024,present,cfac3d239b2c3295a80c7e34575a00401bd1442e6ccefb73f1ef243f42d540fb
004f3bfb12765f83f6e5315a2c3576d2df22997e4091129619f0e3bf451ff54d,GA,Modern Chemistry GA Ed,HMH,Science,Core Curriculum,12,eb725fde0fd3f0970cd4c83e68153a731a79c131d3da0c3538f305f952f472c1,2024-2025,present,eb725fde0fd3f0970cd4c83e68153a731a79c131d3da0c3538f305f952f472c1
01c8d8e9aef80ac8ec68ac235eadc50302cbb4efd97ca37ed3ed31c3fc7769e4,ID,Earth Science,McGraw Hill Education,Science,Core Curriculum,6,1f607921c8e94747e4068090618a4d10b5ab5e441b95ed8f5f566bd65e9516b0,2024-2025,present,1f607921c8e94747e4068090618a4d10b5ab5e441b95ed8f5f566bd65e9516b0
00d23f358d4a7c8e3c4210c1919fb24d6441cba03e39c9a5b9a8cb6bc2e461a0,IL,STEMscopes,,Science,Core Curriculum,6,bfd7ff9db105d737680b066411d97be815d13a03752fed0eb86e1734d74fbb97,2023-2024,missing,bfd7ff9db105d737680b066411d97be815d13a03752fed0eb86e1734d74fbb97
0002af2eb89ebc209864ce7ec409d0304bea22d2105a3e10473b133ead2ac3a9,IL,Life Science,MGH/Glencoe,Science,Core Curriculum,6,4744533ca46c78c2a6f2e2347318c4774908e63ac0b3d96b96b22554c562e4a1,2024-2025,present,4744533ca46c78c2a6f2e2347318c4774908e63ac0b3d96b96b22554c562e4a1
04b1b91f123bed567e045ac4550c3f0a9fdf1d65abdaaa45e866ef870adc2ba6,IN,Living In The Environment (Cs),,Science,Core Curriculum,12,b1689e0fc3784f05e2545852a18fd42f4730c2307221c63d9269a0e5c7c92cd7,2024-2025,missing,b1689e0fc3784f05e2545852a18fd42f4730c2307221c63d9269a0e5c7c92cd7
00a0ce4b12f6c4c43fe84ef735ac183061f0b2729c6617c438efd53cb2e717b0,IN,Honors Physics,Pearson Mastering,Science,Core Curriculum,12,3df5e6927b8be47d502a19ecc2aabe6455f5ae7c81f1a915b5fc05f978377b14,2023-2024,present,3df5e6927b8be47d502a19ecc2aabe6455f5ae7c81f1a915b5fc05f978377b14
018386138b65f461da81c7ada880cda6824931eb0982fb044ee2da84f37a121e,KS,Holt Physics,HMH,Science,Core Curriculum,9,9d74e14f9dfa761b8f8b1c1c535f6c380686eca68e5414fe351a1ccac82cb976,2024-2025,present,9d74e14f9dfa761b8f8b1c1c535f6c380686eca68e5414fe351a1ccac82cb976
00d7a480eed78d4f4c2fef06a1c1393f9187c4f1f27e6f1788c931a261c784ae,MA,OpenSci,,Science,Core Curriculum,7,8d17d2fc2b3b2ba0087d084c29693be80ee7ac43ac23981f714382d21308f7ed,2024-2025,missing,8d17d2fc2b3b2ba0087d084c29693be80ee7ac43ac23981f714382d21308f7ed
003990ca6eea4a3a5a8ac3946a55e9ab835661ccd69ce65d657056e7fa563d72,MD,FOSS Next Generation Science,,Science,Core Curriculum,1,427d5c20c5d577767658a4930743ef085d550c70560033097e4387642cb351b3,2023-2024,missing,427d5c20c5d577767658a4930743ef085d550c70560033097e4387642cb351b3
0147469eedb43baa5bf8d1f804034c525b8e7fd8648eb75ca979211e2f7adedb,MI,Mystery Science,,Science,Core Curriculum,K,5f9acdf3b777e0e00b450fac475568abda325dedfe17896eb1d5695dc124b22f,2023-2024,missing,5f9acdf3b777e0e00b450fac475568abda325dedfe17896eb1d5695dc124b22f
002ce2144ea44ba5387d2feb8325ef593d43ccd4b91950cefca3ad50d4860f10,MN,Modern Chemistry,,Science,Core Curriculum,9,eb725fde0fd3f0970cd4c83e68153a731a79c131d3da0c3538f305f952f472c1,2023-2024,missing,eb725fde0fd3f0970cd4c83e68153a731a79c131d3da0c3538f305f952f472c1
007435cb9b941e4729a5f84137ae93fc40a4d0c6e5756104ae655967cc9e0128,MO,CPO Science,,Science,Core Curriculum,11,bccabed403c5b7a3b4f4830a0cc58e1bc6d009c2eecd5499585cccb14ac00785,2024-2025,missing,bccabed403c5b7a3b4f4830a0cc58e1bc6d009c2eecd5499585cccb14ac00785
011721d6308bd32a62be19a88df67c888762eaa42a80a8a56d3cb8f506d964b3,MO,Mystery Science,Mystery Science,Science,Core Curriculum,4,5f9acdf3b777e0e00b450fac475568abda325dedfe17896eb1d5695dc124b22f,2023-2024,present,5f9acdf3b777e0e00b450fac475568abda325dedfe17896eb1d5695dc124b22f
0022c6b0f4cebfad2591c211182ca2eea0069912657556b138c83c05fae60fbd,NC,District,,Science,Core Curriculum,4,785692e59ab66a80058734a595952fc3cb2c7746f67fafb33df1abb4363980b2,2024-2025,missing,785692e59ab66a80058734a595952fc3cb2c7746f67fafb33df1abb4363980b2
000ac0744b2aaf099cc58c524e1250b9c24e280351de3d6a96b3736338ffad94,NJ,HMH Science Dimensions,,Science,Core Curriculum,7,b50c224b4aba638de1da3e9e327f69ae3404492d625207712cfe7992717d2bbb,2023-2024,missing,b50c224b4aba638de1da3e9e327f69ae3404492d625207712cfe7992717d2bbb
000ea3b1da0f3932f144b9bb222bc9cf061d8b70ce1599fc80226cfc5621d5e1,NJ,Glencoe Physics- Principles and Problems,,Science,Core Curriculum,11,57ac3b548c1c0db013cdd493bbdf8f0b9d640a47930665f3d24fdb222069d550,2023-2024,missing,57ac3b548c1c0db013cdd493bbdf8f0b9d640a47930665f3d24fdb222069d550
0020964ee9dff9b3f603fc35e4c546e101b7ae9ece12bc9af5426460082fdf54,NJ,Environmental Science,,Science,Core Curriculum,11,c705adf21d577c19cb1f73ecc5534f685d784b1c2979cb27642b115a62f617ff,2024-2025,missing,c705adf21d577c19cb1f73ecc5534f685d784b1c2979cb27642b115a62f617ff
0029263a3c863dec2c8f34f5cea6f0886cfbebf914fdd72f3b50c034ff49ac92,NJ,Chemistry Matter and Change,MGH,Science,Core Curriculum,10,cc3e47c567e3ae8c097bb1b4225d92f8b166d68795299d7c193e868a81c4f4d8,2024-2025,present,cc3e47c567e3ae8c097bb1b4225d92f8b166d68795299d7c193e868a81c4f4d8
00296fcabe871781e7988603d2a57d5c4424be7b98d2398e3556842e8d44ffbc,NJ,"Pearson Chemistry Foundation Edition (Copyright 2012), Textbook by Anthony Wilbraham, Dennis D. Stanley, Michael S. Matta and Edward L. Waterman.",Pearson,Science,Core Curriculum,11,c78bb00f6237dbc54b27ec0026df803cdc0085ffb6d484dedcdffce6563a77ec,2024-2025,present,c78bb00f6237dbc54b27ec0026df803cdc0085ffb6d484dedcdffce6563a77ec
002802c72eadc25472f2235227371abd21a51aed1605326caff241ad31f52b8e,NM,Elevate Science,,Science,Core Curriculum,2,ad928c0d45724bbfee13001da4d05fb4205f57fc82fa61ac6ac29c493f1e36cc,2024-2025,missing,ad928c0d45724bbfee13001da4d05fb4205f57fc82fa61ac6ac29c493f1e36cc
04738ec0dadbbb0712580e044f26d83133052acd604a33da31049205ddf339b7,NV,College Physics,Cengage Learning,Science,Core Curriculum,12,9baf7bf8b57714c6d4e1c8372e99a8a6ad6f884efc7f67e88e009a2fb8a650f4,2024-2025,present,9baf7bf8b57714c6d4e1c8372e99a8a6ad6f884efc7f67e88e009a2fb8a650f4
0288da10415c08c71d68a2021237c2b0af853f3d5ff5ee029f0a7a9bc9f4bcb4,NY,Next Generation Science Standards (NGSS),,Science,Core Curriculum,1,2771e895ab5c0493d9f257523c1849bf1a7799d6d93d2fcb49643a72066fd039,2024-2025,missing,2771e895ab5c0493d9f257523c1849bf1a7799d6d93d2fcb49643a72066fd039
0199c818cb50ccd6c6935fb0ba7d3d9d60d4c021fb9b053b7edd9394ae0a6e56,NY,McDougall Littell- Earth Science,McDougall Littell,Science,Core Curriculum,12,04b9c954fa5e7d16a9944fb92a70191785cddc14ebef1837feb275ba28f271db,2024-2025,present,04b9c954fa5e7d16a9944fb92a70191785cddc14ebef1837feb275ba28f271db
00bcd20809adc96e5049fb0bd351ed18d479d444aa417530934940c443426e95,OH,HOLE'S ANATOMY & PHYSIOLOGY,,Science,Core Curriculum,9,bf4d364771d04040402a4aa0bf45797720493840cf02401b55d7a0dd72015fe7,2023-2024,missing,bf4d364771d04040402a4aa0bf45797720493840cf02401b55d7a0dd72015fe7
0188e40aaf8d3694c0fa049e247d579f70527db3af7cd4a9f0143a8fc0b82189,OH,HOLEâS HUMAN ANATOMY & PHYSIOLOGY,McGraw-Hill,Science,Core Curriculum,9,c2df1a6616889405dea8995a4d9687aeea558350d41d0809fcf402c163c9e45a,2024-2025,present,c2df1a6616889405dea8995a4d9687aeea558350d41d0809fcf402c163c9e45a
00894baddea17861359325ca20c36b05fc2269ee618d490bda8bd8404b060997,OK,Inspire Science by McGraw Hill,,Science,Core Curriculum,8,a0ada121ca2addefc9674390efb80caf6e7fce83e375320ee2e54c55e2435b7a,2023-2024,missing,a0ada121ca2addefc9674390efb80caf6e7fce83e375320ee2e54c55e2435b7a
00213529a85b984514533b725035e9e7acdee48d7940e91fcaaec3554491b41d,OK,Human Anatomy & Physiology: Marieb & Hoehn Human Anatomy & Physiology,Pearson,Science,Core Curriculum,12,d8c863f05888a1f41cf799b23352eafe0dd13b84558f7ca3f0d29a657f0e86cf,2023-2024,present,d8c863f05888a1f41cf799b23352eafe0dd13b84558f7ca3f0d29a657f0e86cf
00bdd92f4ab512fb16a6a74933c6684aba4b61e6074e3e7829f1d2d96f00f7c8,OR,Project Lead the Way,,Science,Core Curriculum,2,dfdaf1ccd36e96adbeeca2250d30853ebd82813f556b0d9c9e8adccd518fb049,2024-2025,missing,dfdaf1ccd36e96adbeeca2250d30853ebd82813f556b0d9c9e8adccd518fb049
0141202be95dc320066153d3515f9a22e64187dce44b66dc24188628eaba3215,PA,"Biology in Focus AP Edition, 2014, Campbell",,Science,Core Curriculum,10,d63aa8923980534b9f97679055c642bc3da9afe4bce2366881304505f718d3ce,2023-2024,missing,d63aa8923980534b9f97679055c642bc3da9afe4bce2366881304505f718d3ce
004a41667acb82373da9d28505619dc633bac3c5aa374e6cac0fd9393d698bb6,PA,College Physics,Cengage,Science,Core Curriculum,10,9baf7bf8b57714c6d4e1c8372e99a8a6ad6f884efc7f67e88e009a2fb8a650f4,2024-2025,present,9baf7bf8b57714c6d4e1c8372e99a8a6ad6f884efc7f67e88e009a2fb8a650f4
001c1f59098636100e412a6cc78cfaacd7ca69b89922de2a3759dbcd512924db,SC,South Carolina Inspire Science,McGraw Hill LLC,Science,Core Curriculum,7,a0ada121ca2addefc9674390efb80caf6e7fce83e375320ee2e54c55e2435b7a,2023-2024,present,a0ada121ca2addefc9674390efb80caf6e7fce83e375320ee2e54c55e2435b7a
0040158de24f10f4a9ddf25b345a25d06c8c828aa005749a5cadbfb83a91660f,SC,Inspire Science Physics,MGH,Science,Core Curriculum,12,cfb40fe44e0e8fe9475dcde662d4f0a4e460b07fafa740d57326f3c0475fdf0d,2024-2025,present,cfb40fe44e0e8fe9475dcde662d4f0a4e460b07fafa740d57326f3c0475fdf0d
0018dfd0b28bdf3d02b39215d858eea4f1526edc03ba6c7a90bb89992ad1e1b1,TN,Chemistry: A Molecular Approach,Harcourt,Science,Core Curriculum,11,7e98bc0cdc7a95de9668a1f01888461c0ed0186d9a2891a10642bdee7ac98fec,2023-2024,present,7e98bc0cdc7a95de9668a1f01888461c0ed0186d9a2891a10642bdee7ac98fec
00252684f18c47653f9c59ec679707c530d0d017d57c6f9ea3d8031b4ae1a9b8,TN,Glencoe Physical Science,McGraw Hill,Science,Core Curriculum,10,99eb1e9a53db4b7f1c36f9a6d252086c5e102341f90e6dd6ac7d0f93f517f089,2023-2024,present,99eb1e9a53db4b7f1c36f9a6d252086c5e102341f90e6dd6ac7d0f93f517f089
00272435fbf6d1cf1884f7146cf23eb8172b6a9ba736b07163e8032842c7d8dc,TX,Discovery Education,,Science,Core Curriculum,K,4aa3f4963ddcdbd1765ff77ce4889a33dfd117fec57b31fbf1ccb0ad06c2cfa5,2023-2024,missing,4aa3f4963ddcdbd1765ff77ce4889a33dfd117fec57b31fbf1ccb0ad06c2cfa5
000ce868d7a4fbbbeb70cca0f19d83eb5bfcdcde02477e6019381c37dbcc67c2,TX,Holt Chemistry,Harcourt,Science,Core Curriculum,12,3343383aa626ebbb92bd7393b0204d7688cad37015decf53db6d693945098150,2023-2024,present,3343383aa626ebbb92bd7393b0204d7688cad37015decf53db6d693945098150
0015617894c95d66f502d05c08eacfe4fc69cdf5f7cd31dfc47cfd5438694e82,TX,Essential Physics - SE,Ergopedia,Science,Core Curriculum,9,1dedc7d844e8c86304a4df5ac4339928ede00ddc5918bd12aea1fac6c6b1e24e,2023-2024,present,1dedc7d844e8c86304a4df5ac4339928ede00ddc5918bd12aea1fac6c6b1e24e
004ecc4a059b8a22948210af40fbd275b56a4b241773ac9917e1463c8243e811,TX,sciencefusion,harcourt,Science,Core Curriculum,4,1a472b9e4b819737c7d64b623015bb61090497207e12a7f51e8584f6a770bc90,2023-2024,present,1a472b9e4b819737c7d64b623015bb61090497207e12a7f51e8584f6a770bc90
00d529e2b6df54bf2e0659b7637b15586a0db88876cc9bc92f4ac59105d8a90f,UT,OER Science,Open Resources,Science,Core Curriculum,2,b1411f5b4838efff0cba13294e337f9ed9838a78d48f0bfe1fced0bd7080479d,2024-2025,present,b1411f5b4838efff0cba13294e337f9ed9838a78d48f0bfe1fced0bd7080479d
005e6ce3dd4237b1b1087a92ba469db60ccd19e83c3163d9fbca15c445b11591,VA,Oceanography An Invitation to Marine Science,,Science,Core Curriculum,9,10db70614005e5f82a10a39a0d8a72c715feea93037a778cfaf811b0e8f5b472,2024-2025,missing,10db70614005e5f82a10a39a0d8a72c715feea93037a778cfaf811b0e8f5b472
0015df4a97da23b2f130691ed6e286ec02903f33c6381ae10e0aae502e61d916,VA,Physical Science,Savvas,Science,Core Curriculum,11,39c4366278865f95d049ecd5c83356b6355fece07be9cc5fcf9033183b5f4672,2023-2024,present,39c4366278865f95d049ecd5c83356b6355fece07be9cc5fcf9033183b5f4672
0018f38d8d2f641f26c188bb4764db1c60904e0ae5a361ac73d48d1e81a9fbc3,VA,Earth Science,Pearson,Science,Core Curriculum,9,a1f92f35f43f0bc2f13131683d4a69210b2622db604f13635413834308a08df4,2023-2024,present,a1f92f35f43f0bc2f13131683d4a69210b2622db604f13635413834308a08df4
009ee19fa7b0fa833ef27f35837498323daeb13a71f2ce8ea44d3ad1acdbd849,WA,Modern Physics,,Science,Core Curriculum,11,4e3e47b05cfa4ddd5c0ddffd8cb5003995c055444e2f988c783fb8e400b81ac0,2024-2025,missing,4e3e47b05cfa4ddd5c0ddffd8cb5003995c055444e2f988c783fb8e400b81ac0
001105d4a73900337194504329938362cafbf53ca8849d58db4dc2d87f1e386d,WA,Inspire Chemistry,McGraw Hill Education,Science,Core Curriculum,11,d858fd4dc8ee4fdd4c51b46cc21c65c26153908dfdcc7a41645872061b2cb8a5,2023-2024,present,d858fd4dc8ee4fdd4c51b46cc21c65c26153908dfdcc7a41645872061b2cb8a5
0087c30767ec1566b04922a67c11c9a23ecf3c38b28f7758f0d2fd463b0c9d86,WA,Science and Technology Concepts,Carolina Biological,Science,Core Curriculum,6,04afa5550d3fea1d4676e682f501cac25268a05a80385b0a31e94a86fc0e986f,2023-2024,present,04afa5550d3fea1d4676e682f501cac25268a05a80385b0a31e94a86fc0e986f
00e472725bf9c2b5d57a97226ff6582307688128a367eac8c1b47d5cad3f6530,WV,Science Dimensions Biology,Houghton Mifflin Harcourt,Science,Core Curriculum,9,27823c09910d6c0a6d07895abe25b3835161ecc0d38dbbf49677753cce241986,2024-2025,present,27823c09910d6c0a6d07895abe25b3835161ecc0d38dbbf49677753cce241986
003ed65deaa5bbd3829fd3f1be1277576911b130f79be23be1edf12667eff039,WY,STEMscopes,Accelerate Learning,Science,Core Curriculum,11,bfd7ff9db105d737680b066411d97be815d13a03752fed0eb86e1734d74fbb97,2023-2024,present,bfd7ff9db105d737680b066411d97be815d13a03752fed0eb86e1734d74fbb97
00599dfe01e3da5efb8cf20bfea68a235aeea6c28c09b5e8972ff889c8ab1bad,AK,United States - History and Geography (Modern Times),McGraw Hill,Social Studies,Core Curriculum,11,2f16aa394f3863f77d9b05e7afe2d6b1f36332084332ceaaf8ad873e43ed7c67,2024-2025,present,2f16aa394f3863f77d9b05e7afe2d6b1f36332084332ceaaf8ad873e43ed7c67
00c3fcd3cea93812ab21d46790e78fcb3386cb36d05294c7a2fa0ff2c2338c7c,AL,Discovering Psychology,Holt,Social Studies,Core Curriculum,9,088636b961e30c10266bee06122305387c2ebbac5d29e438e0c6268550d61960,2024-2025,present,088636b961e30c10266bee06122305387c2ebbac5d29e438e0c6268550d61960
000a955c1b3a9cd681c1af64dbd9f0331ff36224994d9b7c4a44d4b7f247ef0e,AZ,Time for Kids,,Social Studies,Core Curriculum,4,c9e8b0bf6f5e81e73cf1cf8c631411d3a7b826fcd928ee7fef4aa04fe10b23b7,2023-2024,missing,c9e8b0bf6f5e81e73cf1cf8c631411d3a7b826fcd928ee7fef4aa04fe10b23b7
004de28e5bfedc3c17a06458939e81457816792081b2d56b858b9d0f9879adca,AZ,Holt McDougal World History,Houghton Mifflin Harcourt,Social Studies,Core Curriculum,12,beee219c043e03146e3df873e0ba930d000adcd8c4e49839e84ebd69da424f99,2023-2024,present,beee219c043e03146e3df873e0ba930d000adcd8c4e49839e84ebd69da424f99
00713d731825c43498b50da57675805dfa209cb1f1bbf74c5b16b8dbf43d3153,AZ,myWorld Interactive World Geography 6-8,Savvas,Social Studies,Core Curriculum,8,850db477394daf0422c3054fc4ab001863c1493a87ca1d504224e667b7f90a4c,2023-2024,present,850db477394daf0422c3054fc4ab001863c1493a87ca1d504224e667b7f90a4c
00051840b3b7c2ee813eb9c8e7e94b7bf8d7b61af93bc54a32181fe871cf292a,CA,The Cultural Landscape 2020,,Social Studies,Core Curriculum,10,d605ed828016ea3be5f4a6b8983580aee1285ef107a04e05df5c11111f60ff18,2024-2025,missing,d605ed828016ea3be5f4a6b8983580aee1285ef107a04e05df5c11111f60ff18
000657902c80dbe89b4b19bac5ebc55a0e4e712b996aef43cfa0a81ab85bd527,CA,IMPACT California Social Studies,,Social Studies,Core Curriculum,1,9935eb3f4ea0766e914e9349e7d78557b17f15c9d7dada1637cf3a586968a64d,2023-2024,missing,9935eb3f4ea0766e914e9349e7d78557b17f15c9d7dada1637cf3a586968a64d
00294350bb781a28b3ef2f44a685e6d80a68ce3a9bd16d89fbc2d8f66a1731df,CA,HMH Social Studies,,Social Studies,Core Curriculum,9,72e195a4f68440cdae80bd174bd2f8a75a42850ff5de68c69b989d6a7cb3fdd9,2024-2025,missing,72e195a4f68440cdae80bd174bd2f8a75a42850ff5de68c69b989d6a7cb3fdd9
002c8ab279e4933efe554a6af4ec206ea89b5530af5730b0d278719219b2ce10,CA,Econ Alive!,,Social Studies,Core Curriculum,9,51ea4b263f628b88db9cb4761414dd78e88143c32b60c8fe47eff4010fd09183,2024-2025,missing,51ea4b263f628b88db9cb4761414dd78e88143c32b60c8fe47eff4010fd09183
004b45ce560e12f5940da0ecb7caff544afcabf03327a6315fa7bff2bacb1af7,CA,Studies Weekly,,Social Studies,Core Curriculum,1,16454b8c3084e955c445d1d4596e22b004d55ccf0cdf9ef20047fbb9c0e77401,2023-2024,missing,16454b8c3084e955c445d1d4596e22b004d55ccf0cdf9ef20047fbb9c0e77401
005a397cd9d5f045fb6d7d0b4a7f837d573cf9d324303ffaf70512080d011c3e,CA,Fabric of a Nation,,Social Studies,Core Curriculum,9,dc041841df387d0327a76d3d4321796375102d2f77b38858f68e1ba6751417cb,2024-2025,missing,dc041841df387d0327a76d3d4321796375102d2f77b38858f68e1ba6751417cb
0065202a83a0b045460e37ff5c8695d0a3e1b0350dcab8c6fa4a1bdc47c77fc2,CA,Holt Social Studies,,Social Studies,Core Curriculum,K,f3dccff7c470687eed18aea53d09ad5cde8508652800b0c64443c9c3638bdf9d,2023-2024,missing,f3dccff7c470687eed18aea53d09ad5cde8508652800b0c64443c9c3638bdf9d
0066a9524ce49bcce8e7035cc0998a968e389acd4fd05e23715b85ddc6ee88f7,CA,Studies Weekly,,Social Studies,Core Curriculum,5,16454b8c3084e955c445d1d4596e22b004d55ccf0cdf9ef20047fbb9c0e77401,2024-2025,missing,16454b8c3084e955c445d1d4596e22b004d55ccf0cdf9ef20047fbb9c0e77401
00723a89021c8b5ca21c925e36e67ea13f4a95eee20e428bf3fddfc9f1e6e093,CA,California Impact Social Studies (Digital and Consumables),,Social Studies,Core Curriculum,K,9935eb3f4ea0766e914e9349e7d78557b17f15c9d7dada1637cf3a586968a64d,2024-2025,missing,9935eb3f4ea0766e914e9349e7d78557b17f15c9d7dada1637cf3a586968a64d
009921cb976b40dc96706e56f71f6d135b31be540ddb29abde481402fede5e59,CA,World Geography,,Social Studies,Core Curriculum,12,60f1d17c724e6464f507e76fe629fb9ef92d59947049445670ddeeba2e850ae9,2024-2025,missing,60f1d17c724e6464f507e76fe629fb9ef92d59947049445670ddeeba2e850ae9
00ab62196321d0c3cb0f3aaba2731771a01705a8012964636c30324bc8bed110,CA,Pearson Scot Foresman,,Social Studies,Core Curriculum,K,ec5196a488c6b2d5528b3a6502bbf34db7774a38c56e733d76ad249f878db304,2023-2024,missing,ec5196a488c6b2d5528b3a6502bbf34db7774a38c56e733d76ad249f878db304
0001d5a29064f2ff01a5d9fb4419aa11936fed0f668757487a55e8a1421864b6,CA,Glencoe The American Journey,McGraw Hill Education,Social Studies,Core Curriculum,7,870a05ac32799a01383097c68e6e00e219ad96b3b379b7dc0bd69b47a4bd636d,2023-2024,present,870a05ac32799a01383097c68e6e00e219ad96b3b379b7dc0bd69b47a4bd636d
0002aca3730c8c195081f2c562c69f5ed65b955ee10c65d4088dc5eb8c11db03,CA,American Pageant 16th Ed,Cengage,Social Studies,Core Curriculum,9,c2c34232b3295282ddd6244386d1fd992545c554ef158b8e3aa965c622b80048,2023-2024,present,c2c34232b3295282ddd6244386d1fd992545c554ef158b8e3aa965c622b80048
0004a18eda3aa66626301c35c67610d0f10d3a8e4e999a2b1561eef15e6bf384,CA,California Magruder's American Government,Pearson,Social Studies,Core Curriculum,12,21839b59ae7affe172527d714bc5cf13f3b9bbce09ab8dca9c2a3ff639d93b48,2024-2025,present,21839b59ae7affe172527d714bc5cf13f3b9bbce09ab8dca9c2a3ff639d93b48
000d1b2b8d11890c7baa79de0d3e151e6037a6316c3e3ce353554a591744dbef,CA,"Impact,",McGraw Hill Education,Social Studies,Core Curriculum,10,aefeb278e3f9077a84b1ae0c8209c472567349e9245c1fe6d64e9d58b37bbd31,2024-2025,present,aefeb278e3f9077a84b1ae0c8209c472567349e9245c1fe6d64e9d58b37bbd31
000f1861f8f129853143cefa0fb1e6d03799648aa365b53a23c23e1820b983c4,CA,Myers' Psychology AP,"Bedford, Freeman & Worth",Social Studies,Core Curriculum,11,6ec6070513c19c58de77aec30da6796cde57dff20845bd467399fe7d5e9ba27e,2024-2025,present,6ec6070513c19c58de77aec30da6796cde57dff20845bd467399fe7d5e9ba27e
0014e72713f937e5ecd3792c84e35915b422a6eb0a5c11be0609fce16e3b24d8,CA,Glencoe Discovering Our Past,Glencoe/McGraw Hill,Social Studies,Core Curriculum,8,4e1658e09389f5858ae3a0c99536fd4c211e0c9c1d27f8556d1b851b443535c2,2024-2025,present,4e1658e09389f5858ae3a0c99536fd4c211e0c9c1d27f8556d1b851b443535c2
0019005648bce25bf9bfe3113b0d0c533cd235eeb699edaafcfeba87870b94f6,CA,"Voyages in World History (AP Edition, 3rd Edition)",Cengage,Social Studies,Core Curriculum,9,76297ba4c4c4df4b160a2a8f8abf0a45c942fb8bc5fd30a7a8399570826a4119,2024-2025,present,76297ba4c4c4df4b160a2a8f8abf0a45c942fb8bc5fd30a7a8399570826a4119
001a1884c76cf6d97b91624e5cb0342fe58e24fa640f68851729b9af4a3a4ab5,CA,Teacherâs Curriculum Institute,Teacherâs Curriculum Institute,Social Studies,Core Curriculum,K,0b0ceec0b500bd5be868ca0d172944b43470376ac31db4a7716ff47e4eee5785,2024-2025,present,0b0ceec0b500bd5be868ca0d172944b43470376ac31db4a7716ff47e4eee5785
001e29ad02529a12511d34b501ba1e7f1936e190c41d5c5b867fd02407a4899e,CA,Impact CA Studies - Principles of American Democracy,McGraw-Hill,Social Studies,Core Curriculum,12,9935eb3f4ea0766e914e9349e7d78557b17f15c9d7dada1637cf3a586968a64d,2024-2025,present,9935eb3f4ea0766e914e9349e7d78557b17f15c9d7dada1637cf3a586968a64d
0020e3f683814a847c2ec3a6cec1cb7d6df3fc4e6361d55ead1268857fc43036,CA,Magruderâs American Government,prentice hall,Social Studies,Core Curriculum,11,5af44eca887b46d4224531c634fedebd1b242c64890da031fcf97537f0c0ee0c,2023-2024,present,5af44eca887b46d4224531c634fedebd1b242c64890da031fcf97537f0c0ee0c
0023830422998a1eea4df771fc5e61c25d0d6d9f0decfbe49cc9a704c177480c,CA,"Pearson, Scott, Foresman","Pearson, Scott, Foresman",Social Studies,Core Curriculum,5,ec5196a488c6b2d5528b3a6502bbf34db7774a38c56e733d76ad249f878db304,2024-2025,present,ec5196a488c6b2d5528b3a6502bbf34db7774a38c56e733d76ad249f878db304
002406895a7ca621e8b83d53a12e3bb7d261cdccb78968c04ad58cd2e261bb05,CA,"2024 BFW, Myer's Psychology, 4th Ed.",BFW,Social Studies,Core Curriculum,9,6ec6070513c19c58de77aec30da6796cde57dff20845bd467399fe7d5e9ba27e,2024-2025,present,6ec6070513c19c58de77aec30da6796cde57dff20845bd467399fe7d5e9ba27e
002bf7544c8f6cabf08c19f7401b7b1cf5949d86d1def163e5ec41419acf2253,CA,IMPACT,McGraw Hill,Social Studies,Core Curriculum,8,369388ef79d7c91cf717eb58b39eb35827cda63f87039191f2f8512f0f115b4b,2024-2025,present,369388ef79d7c91cf717eb58b39eb35827cda63f87039191f2f8512f0f115b4b
00320e5b2c5c9757c13a1fac73c3f2a346a3d4a4ff8397e3c750f90094731ff8,CA,Impact Economics,MGH,Social Studies,Core Curriculum,12,9935eb3f4ea0766e914e9349e7d78557b17f15c9d7dada1637cf3a586968a64d,2023-2024,present,9935eb3f4ea0766e914e9349e7d78557b17f15c9d7dada1637cf3a586968a64d
0039770715f7118015fa7b6515893b293fa3007afb0fac4af44beed9024654c6,CA,Cengage - National Geographic 2019,Cengage - National Geographic,Social Studies,Core Curriculum,7,88edfc614e94c6d4d0a962cca22f533a35901bdf1ccf568fc586a0f9972eb211,2024-2025,present,88edfc614e94c6d4d0a962cca22f533a35901bdf1ccf568fc586a0f9972eb211
003a17ab80e68345a297efda01650ae0fe347dd27f0c49ffdf8ba679f1a4113b,CA,"McDougal Littell: Economics Concepts and Choices, 2011 edition",McDougal Littell,Social Studies,Core Curriculum,9,6988a39cf91ce2a15b35ed66b242abeb84633beca216c06b682b3052edfa7660,2024-2025,present,6988a39cf91ce2a15b35ed66b242abeb84633beca216c06b682b3052edfa7660
0044ae68ea8eb7d2fa1cfc0774432f1fada242e277b0f9bf08ee971bb5a46409,CA,Principles of Economics,MGH,Social Studies,Core Curriculum,10,62a8b007db54269cd9c3a9451553ab10db7e3e877c745992db7ce995bbc94f65,2024-2025,present,62a8b007db54269cd9c3a9451553ab10db7e3e877c745992db7ce995bbc94f65
00475757f2b320d0cf19b8991087e083ac9be0c286c8f5b36a3e331fc15c2130,CA,History Alive! California Middle Schools Program,Teacherâs Curriculum,Social Studies,Core Curriculum,8,a71cbac47f479056ef2b3788786cd3ad76ae146055051e29128a1c3fca6ccaf3,2024-2025,present,a71cbac47f479056ef2b3788786cd3ad76ae146055051e29128a1c3fca6ccaf3
0047882b0ea2015024972e13a70c394d9c8fb06bfdde72bcda4c47473144a0d8,CA,"AP Psychology: Bedford, Freeman, & Worth, Myers' Psychology for AP","Bedford, Freeman, & Worth",Social Studies,Core Curriculum,11,6ec6070513c19c58de77aec30da6796cde57dff20845bd467399fe7d5e9ba27e,2024-2025,present,6ec6070513c19c58de77aec30da6796cde57dff20845bd467399fe7d5e9ba27e
004cf63a80ec3a65894da1ca819183f93eef2d5acff46fd86857cd5dac068150,CA,"Government in America People, Politics, and Policy 2016 Presidential Election Ed",Pearson,Social Studies,Core Curriculum,9,ab6643109a6b76d0dd7173dde1192862765f3529f516d0a6ec5ed166b6013bc3,2024-2025,present,ab6643109a6b76d0dd7173dde1192862765f3529f516d0a6ec5ed166b6013bc3
005d5f0562662882a0dcc82f34a8be6a6cfaa79da33eaf3add0637529bd4b1b1,CA,Social Studies,NatGeo/Cengage,Social Studies,Core Curriculum,7,88edfc614e94c6d4d0a962cca22f533a35901bdf1ccf568fc586a0f9972eb211,2024-2025,present,88edfc614e94c6d4d0a962cca22f533a35901bdf1ccf568fc586a0f9972eb211
005ff8664f6b52e8b82057d7d90f3e82440a2bac012420c815acccd7697244d6,CA,Social Studies,Prentice Hall,Social Studies,Core Curriculum,9,ca97c330197057a505d1d7581d35e47c36e41c646d81dd9b4a908466b3781712,2023-2024,present,ca97c330197057a505d1d7581d35e47c36e41c646d81dd9b4a908466b3781712
006adacdbdd07563a8325fb01d68a6181be080a7a7189bce807744d2158296ed,CA,A History of Western Society,"Bedford, Freeman, and Worth",Social Studies,Core Curriculum,11,438e03018100c58d3c9d6576f4e0f84592598a9c213c8c4a0c8535b02d2e7e2c,2024-2025,present,438e03018100c58d3c9d6576f4e0f84592598a9c213c8c4a0c8535b02d2e7e2c
006e7b618c144d39da8a70a77e6a08f3a052d58aa835c46634f8a4873aff650d,CA,Economics Principles and Practice,Glencoe,Social Studies,Core Curriculum,9,62a8b007db54269cd9c3a9451553ab10db7e3e877c745992db7ce995bbc94f65,2024-2025,present,62a8b007db54269cd9c3a9451553ab10db7e3e877c745992db7ce995bbc94f65
006fd8d51624efbf41084a4a778bb93aa2ef9aefd418248f9310c710f5417430,CA,"The American Pageant, AP Edition",HMH,Social Studies,Core Curriculum,12,c2c34232b3295282ddd6244386d1fd992545c554ef158b8e3aa965c622b80048,2024-2025,present,c2c34232b3295282ddd6244386d1fd992545c554ef158b8e3aa965c622b80048
0071b2fd4cda27c886779cdb8251c4c8272fc927c46bf9b41a589295c64be4a8,CA,Pearson - MyWorld 2019,Pearson,Social Studies,Core Curriculum,4,3f703ad6dfc7210518c774f86bbc8a500f1faf8e4a22b0772434d4f7dd4249d9,2024-2025,present,3f703ad6dfc7210518c774f86bbc8a500f1faf8e4a22b0772434d4f7dd4249d9
00747539e7ddde397e99c7b6b6285fdb52ee0f701a7a1ce74ed5d1c38bac602b,CA,American Stories,National Geographic,Social Studies,Core Curriculum,8,ec0c54365beb9bdf527031a7b9239616d457c0d39575dd206f2d7b2883da3e32,2024-2025,present,ec0c54365beb9bdf527031a7b9239616d457c0d39575dd206f2d7b2883da3e32
00787f3d046dc8847c4060989f95c70e2d7efb14b4b631ea74f1db24817f9ea3,CA,Economics: Principles in Action,Prentice Hall,Social Studies,Core Curriculum,10,8f40fc5216a6b9de24e5b58b48a940dcf5f9d193791710c70e9cee8d0fe1d2c7,2023-2024,present,8f40fc5216a6b9de24e5b58b48a940dcf5f9d193791710c70e9cee8d0fe1d2c7
007e7a3be7e8d70a131e659ee65e41fb80e0ccb49e2922e74e063902fed0a233,CA,Impacto (dual language),MGH,Social Studies,Core Curriculum,1,9935eb3f4ea0766e914e9349e7d78557b17f15c9d7dada1637cf3a586968a64d,2023-2024,present,9935eb3f4ea0766e914e9349e7d78557b17f15c9d7dada1637cf3a586968a64d
007eca835b26d288556b93f0d357d2ddecfe4c9f995b050f58f4c02a2facda39,CA,History Alive! California Series grades 6â8 published by Teachersâ Curriculum Institute.,Teachersâ Curriculum Institute,Social Studies,Core Curriculum,7,a71cbac47f479056ef2b3788786cd3ad76ae146055051e29128a1c3fca6ccaf3,2024-2025,present,a71cbac47f479056ef2b3788786cd3ad76ae146055051e29128a1c3fca6ccaf3
0082243d5d5115619534dca26bb51c490fa2268cefa93731e60a32ce7995bdbe,CA,TCI History Alive! âThe United States Through Industrialismâ,TCI,Social Studies,Core Curriculum,8,a71cbac47f479056ef2b3788786cd3ad76ae146055051e29128a1c3fca6ccaf3,2024-2025,present,a71cbac47f479056ef2b3788786cd3ad76ae146055051e29128a1c3fca6ccaf3
05c74a70d151d3b6405e4d479e0b323a9cae600b94f14cd132dcaefca3d60dd5,CO,District Created Social Studies,,Social Studies,Core Curriculum,11,35a0cb00bd17d2e4534be8b2debb3168265af3e298dffb8dcd11b8ce5ef46ff6,2024-2025,missing,35a0cb00bd17d2e4534be8b2debb3168265af3e298dffb8dcd11b8ce5ef46ff6
005494dd853c0a540323de9c4117cbd5865127cd26a65e7aaadda23d458aa2e6,CO,World History: Perspectives on the Past,Houghton Mifflin Harcourt,Social Studies,Core Curriculum,9,2e247cab87cf4b381133948cd6a5380a30a6db6c2a0d18b8fdc42e188ae2c971,2023-2024,present,2e247cab87cf4b381133948cd6a5380a30a6db6c2a0d18b8fdc42e188ae2c971
00889c2df94424fadaac5448bbf87be5c95c71a16362dc34a66bcbf56940510c,CO,"World's History, The",Pearson,Social Studies,Core Curriculum,9,27b35ed66b1cc899a7ac068d93f3fc8c64cfd326211960a9a1052e8d974f774a,2024-2025,present,27b35ed66b1cc899a7ac068d93f3fc8c64cfd326211960a9a1052e8d974f774a
009dc157b142882c1cc860eea21f5ba6ee433bcb7b0ad5631e53084863f21ac6,CO,The American Journey: A History of the United States,Pearson/Prentice Hall,Social Studies,Core Curriculum,10,61950f002e255c7f0d01a2857a4cf99c236723983adb9a5a690bc3943918b42e,2023-2024,present,61950f002e255c7f0d01a2857a4cf99c236723983adb9a5a690bc3943918b42e
014d0c53f823c9aff960b0b0ff035372b0201ad842083a736f3e58a883a755d9,FL,Florida Social Studies Gallopade,,Social Studies,Core Curriculum,K,280eebd935e29fe3954d1b15fc3235d48490f344e6a0113349f64346cf3264f3,2024-2025,missing,280eebd935e29fe3954d1b15fc3235d48490f344e6a0113349f64346cf3264f3
00343ac828ed1c7786e35ccd373d09a8977d9eea6ccffca5e2584163fd63a678,FL,"The Cultural Landscape: An Introduction to Human Geography, 12th ed.",Pearson,Social Studies,Core Curriculum,11,d605ed828016ea3be5f4a6b8983580aee1285ef107a04e05df5c11111f60ff18,2023-2024,present,d605ed828016ea3be5f4a6b8983580aee1285ef107a04e05df5c11111f60ff18
0051264b25fc33a955189933451785ead5d6cea4dcbaced8d21ed6efed7a6bd3,FL,"Florida Collections, Sociology",Houghton Mifflin Harcourt,Social Studies,Core Curriculum,9,4b747fed4832cb1d5e7946b33d812e36ed087a4687c17912defa4b5ea89fa50e,2023-2024,present,4b747fed4832cb1d5e7946b33d812e36ed087a4687c17912defa4b5ea89fa50e
007ae96e55e6c0a98be47ae2c4da9ca5ff5c1a82f0f4f5bf4ca805fe6465fd1c,FL,"World History, Florida Edition",Prentice Hall,Social Studies,Core Curriculum,12,ffba2df5d3488ca6ea48d928e3da0495384564705320e7799f050d763ee58c5f,2023-2024,present,ffba2df5d3488ca6ea48d928e3da0495384564705320e7799f050d763ee58c5f
008099df8a8cf64598a5844abaccc3baf07d2718cb5951be709151a1015af712,FL,Gateway to American Civics and Government,Florida Transformative Education,Social Studies,Core Curriculum,6,45b75df3689055bd7f1b39621651aacdc6b40ec8e310794937817bac958c7148,2023-2024,present,45b75df3689055bd7f1b39621651aacdc6b40ec8e310794937817bac958c7148
0086f9e49870c3b4017e0ef82fd084421c597c8000c0ae78628f57fdf5ab00c1,FL,Economics,Pearson,Social Studies,Core Curriculum,12,8f40fc5216a6b9de24e5b58b48a940dcf5f9d193791710c70e9cee8d0fe1d2c7,2023-2024,present,8f40fc5216a6b9de24e5b58b48a940dcf5f9d193791710c70e9cee8d0fe1d2c7
0098f75beebc9650bb0c7bbcd2a8048e18ac7311cce7f6bc1dbc22dc8515c270,FL,Criminal Justice Today: An Introductory Text for the 20th Century,Pearson Prentice Hall,Social Studies,Core Curriculum,12,1c46333ae288e7c1c08363c20e40a64411c97e9b7bc31e4e6c2d556e99066ffc,2024-2025,present,1c46333ae288e7c1c08363c20e40a64411c97e9b7bc31e4e6c2d556e99066ffc
00a6a68f9bd7ea24d2e819a59ff8be5bdcd68f6c998bbf0deeb79bf068dc53c1,FL,"Magruder's American Government, Florida Edition",Savvas Learning Company,Social Studies,Core Curriculum,12,de35a54aee4392fa56c37f0e7b45872c4802eabb69adfc03617afb2be197cd94,2024-2025,present,de35a54aee4392fa56c37f0e7b45872c4802eabb69adfc03617afb2be197cd94
0076f0ef5d099b973d724c443090c7916fb4aa63357d1d02f18227c84486d668,GA,Gallopade,,Social Studies,Core Curriculum,3,280eebd935e29fe3954d1b15fc3235d48490f344e6a0113349f64346cf3264f3,2024-2025,missing,280eebd935e29fe3954d1b15fc3235d48490f344e6a0113349f64346cf3264f3
000e784d3c369e9db438b0f9bb7880efbdc8889700d5162cd86a1ed666461d37,GA,Magruder's Amican Govenrment,McGraw-Hill,Social Studies,Core Curriculum,10,5af44eca887b46d4224531c634fedebd1b242c64890da031fcf97537f0c0ee0c,2024-2025,present,5af44eca887b46d4224531c634fedebd1b242c64890da031fcf97537f0c0ee0c
0029b3d2bfef99e8583e2b8a82ef7e373aad52559afe2f571cafeeab1f7dccad,GA,Georgia Studies Weekly,Studies Weely,Social Studies,Core Curriculum,K,16454b8c3084e955c445d1d4596e22b004d55ccf0cdf9ef20047fbb9c0e77401,2024-2025,present,16454b8c3084e955c445d1d4596e22b004d55ccf0cdf9ef20047fbb9c0e77401
00551db413768cba52cd84124a5110e140563723508026d75eca0657e84ce722,GA,AMSCO AP Human Geography,Perfect Learning,Social Studies,Core Curriculum,10,8145ec9fe6f785b6efba30975a90d5551e31d99fde8d090d124a6dfaf439c12c,2024-2025,present,8145ec9fe6f785b6efba30975a90d5551e31d99fde8d090d124a6dfaf439c12c
00072944b37e7cc6f6f268ac005d48f2df0ea7e80b6ccbeb108c223c154712a0,ID,Discovery Education SS Techbook,Discovery Education,Social Studies,Core Curriculum,12,7c7a7802a106b2695ac81822e51a0df761f48e14333422ffb2b0991069cca587,2024-2025,present,7c7a7802a106b2695ac81822e51a0df761f48e14333422ffb2b0991069cca587
00667303d29739ebbb0456257a0ce4054013707418b3f82d1a596e96ed32c5cf,IL,Studies Weekly,,Social Studies,Core Curriculum,K,16454b8c3084e955c445d1d4596e22b004d55ccf0cdf9ef20047fbb9c0e77401,2023-2024,missing,16454b8c3084e955c445d1d4596e22b004d55ccf0cdf9ef20047fbb9c0e77401
004d8664dae478ec7642b677761e8ab38d94b6d08d4997ddba2d98af7acb37ec,IL,Civics Interactive,Savvas,Social Studies,Core Curriculum,9,d81a5cd98d6a6fc6825a10533093a56e368e3bd6c34704521e4ae19459d2635f,2024-2025,present,d81a5cd98d6a6fc6825a10533093a56e368e3bd6c34704521e4ae19459d2635f
00d18ee4ed3ebdeddf3e0b7a0d7d1b8c966ab9aa4d6ceb506f36034e20de8fab,IN,Street Law,Glencoe,Social Studies,Core Curriculum,9,b8e001760083ff3955b17bb00b81c788cd57122e439a0dbf16e7c54193b2fe5a,2023-2024,present,b8e001760083ff3955b17bb00b81c788cd57122e439a0dbf16e7c54193b2fe5a
00342f8113d509853d6c372ccf6c184647f0d379ba961f9d9da250a045a7a194,MD,The Modern Centuries: From 1500 to the Present,,Social Studies,Core Curriculum,12,ee0e74ef5a9b13b96a20931b1569cf5ca17a41a8fcd3900c9842f67064647a67,2024-2025,missing,ee0e74ef5a9b13b96a20931b1569cf5ca17a41a8fcd3900c9842f67064647a67
00fbeea6a592d1322c16a44037af8751f3536bb5b98ac5c65abe2bc4b2304829,MD,Holt Economics,"Holt, Rinehart and Winston",Social Studies,Core Curriculum,10,138fa9fc8544dc724a37dd95cce2d785b277dcf75c4e30ae31c4a402f7621cba,2023-2024,present,138fa9fc8544dc724a37dd95cce2d785b277dcf75c4e30ae31c4a402f7621cba
00b69a2d4c38aeb658fe7b0072b37cec2dac7b2bdd70c289827342712fbce599,MI,Michigan Citizenship Collaborative Curriculum,,Social Studies,Core Curriculum,2,35a0cb00bd17d2e4534be8b2debb3168265af3e298dffb8dcd11b8ce5ef46ff6,2023-2024,missing,35a0cb00bd17d2e4534be8b2debb3168265af3e298dffb8dcd11b8ce5ef46ff6
001d97fca7f95b405000819e78373b55e7e425f9137a08b61cb0b5d6c5354435,MO,ABC CLIO American Government,,Social Studies,Core Curriculum,12,689553a0a833d105b5e9c59eca54d516e0e08f414c302dc1b97dc6a8b84a18db,2024-2025,missing,689553a0a833d105b5e9c59eca54d516e0e08f414c302dc1b97dc6a8b84a18db
0036070d413e9abeddb18b4a08e009bc6cad0c28f529469c5da7b33efd45de3f,MO,AP World History,BFW,Social Studies,Core Curriculum,9,043512b6f4085bcbe2bb2300eb409b602005115bfaf5c56046737f96db9098aa,2024-2025,present,043512b6f4085bcbe2bb2300eb409b602005115bfaf5c56046737f96db9098aa
000653381216255387693ee1ddf350eef14d8f6a4d3e0b5f867266382ab44040,NJ,"Nystrom, Young Citizens Investigate, 2020",,Social Studies,Core Curriculum,4,dcc5555254fd92d09ede4fa3e3c18ec9c13b209387600649299f507233a6ae02,2023-2024,missing,dcc5555254fd92d09ede4fa3e3c18ec9c13b209387600649299f507233a6ae02
0034645582ced44b5d95cbdcee57c545b7b8f5ac0a8408d4ffa5be25704b1448,NJ,Human Geography A Spatial Perspective,,Social Studies,Core Curriculum,10,b0374618e8679962f5d5b4a5327eee2815adf38bf4b20f2f165aed0c940e61e6,2024-2025,missing,b0374618e8679962f5d5b4a5327eee2815adf38bf4b20f2f165aed0c940e61e6
0054d99ba73aca64bd262b83b60da220554c0576783a572e7a1f016d9497612e,NJ,United State History,Houghton Mifflin Harcourt,Social Studies,Core Curriculum,7,7ddf29408aa1b35e77a19081459cdc10685056c28ca464191676a861c7ae49bc,2024-2025,present,7ddf29408aa1b35e77a19081459cdc10685056c28ca464191676a861c7ae49bc
0122d923db3eac28b344502e5b28c581bbba7503a9c5d8b795076e2c315da584,NJ,World History Interactive Survey,Savvas,Social Studies,Core Curriculum,9,f3953214ae2410235f26c343c303ab3785a3aed8ab2ec99886f3418604649800,2023-2024,present,f3953214ae2410235f26c343c303ab3785a3aed8ab2ec99886f3418604649800
0087e0c59e31a5ae2a4dbbcda987f1066353dda073bdc7c3aa927b454f41ac26,OH,Sociology in our Times,Cengage,Social Studies,Core Curriculum,9,9943b8cc14d637a9ba050ffa783f443743eb42fd0db91c43023ba58963530893,2024-2025,present,9943b8cc14d637a9ba050ffa783f443743eb42fd0db91c43023ba58963530893
004134f3a82fac78eceb09d8363020e190d4a7c034bbd7cd0ea1836125732d78,OK,Economics - Oklahoma,,Social Studies,Core Curriculum,11,3e3c81d6bf456469d2862116604ad4924629f7ddce0fb9622aeb5f1a428c9d01,2024-2025,missing,3e3c81d6bf456469d2862116604ad4924629f7ddce0fb9622aeb5f1a428c9d01
004250286c3fd60eb54704a271ee3430e134ab9acd2229771b459d4d37754ec0,OK,McGraw Hill: U.S. Government: Our Democracy,MGH,Social Studies,Core Curriculum,9,56369ceb292d30a25b5f92ad64235fa66b9a4737789a0e906d4c083a61abfd76,2023-2024,present,56369ceb292d30a25b5f92ad64235fa66b9a4737789a0e906d4c083a61abfd76
00c9d5e3c2620a106b864526799ee3c419b5301fc910408b976e84d3f991cd84,PA,District Created Curriculum,,Social Studies,Core Curriculum,9,35a0cb00bd17d2e4534be8b2debb3168265af3e298dffb8dcd11b8ce5ef46ff6,2024-2025,missing,35a0cb00bd17d2e4534be8b2debb3168265af3e298dffb8dcd11b8ce5ef46ff6
0020f35b6044d4f0883d984f31333bc2b50f8c982d24ba4d743f4624d12716bc,PA,GOV'T STORIES OF A NATION,"BEDFORD, FREEMAN & WORTH PUBLISHERS",Social Studies,Core Curriculum,10,d9e45d27a135d629f19d4107b2955cfd471a1777588e58f26b0763f95fc04c10,2024-2025,present,d9e45d27a135d629f19d4107b2955cfd471a1777588e58f26b0763f95fc04c10
0002f8fd5934da700bfd01d594e9cf81ee88866988cccd7c03aa76daf7c1a3ec,SC,Contemporary Human Geography,Savvas,Social Studies,Core Curriculum,12,2b16b0038f3094cf918582ff8be35c8fca715923c54e9a21879918540e6d2f56,2024-2025,present,2b16b0038f3094cf918582ff8be35c8fca715923c54e9a21879918540e6d2f56
0065027b15300cfad94896b375cf60912435df0ae0deacf66758a9882e8bb627,SC,Personal Finance Literacy,Cengage,Social Studies,Core Curriculum,12,c64a1f0674029897c927d34fdc257a1c2d676f870e9e44bd0ea617c06d8d277c,2024-2025,present,c64a1f0674029897c927d34fdc257a1c2d676f870e9e44bd0ea617c06d8d277c
002868d41ff4c22d30ebce259c76799bee13cf5979fd587aea47faf63aa2ee5f,TN,U. S. History: Beginning to 1877,Holt,Social Studies,Core Curriculum,8,f21083271747cefe7cb945dc72a961a3f853563acf2fc45a89bab851ca960cc0,2023-2024,present,f21083271747cefe7cb945dc72a961a3f853563acf2fc45a89bab851ca960cc0
0051b6716bf9df9e9c14cb36ec4d5b496deaa25509c23e4d1d79c7abde70e2e4,TN,Understanding Psychology,McGraw Hill,Social Studies,Core Curriculum,11,3eb1c8f58a2898388c29fa5431af37767c93e5079a4d5e54f16de282f212dfbd,2023-2024,present,3eb1c8f58a2898388c29fa5431af37767c93e5079a4d5e54f16de282f212dfbd
010a01a76a1426742715a5e35226090896eb8017f47b463f6d9867ca7bfc7459,TX,Studies Weekly,,Social Studies,Core Curriculum,K,16454b8c3084e955c445d1d4596e22b004d55ccf0cdf9ef20047fbb9c0e77401,2023-2024,missing,16454b8c3084e955c445d1d4596e22b004d55ccf0cdf9ef20047fbb9c0e77401
00101ee8e5f5564d2e7c48894dae964c2dc5a64bceff11d0124e86a58dfdc517,TX,"Principles of Economics, 7th ed (AP)",Cengage,Social Studies,Core Curriculum,12,12326d2647cd03b242216a5d07d13d795c56c7e6cc7eaa1ab82973d419ae5f5b,2023-2024,present,12326d2647cd03b242216a5d07d13d795c56c7e6cc7eaa1ab82973d419ae5f5b
0025f4804fa913d15b84669161c30bc433d637009b8f2591f613b6378e3b0494,TX,US History to 1877 TX,MGH,Social Studies,Core Curriculum,7,7ecf5e0f1ccec0d8971bca433f327b65d52504d1b110d4de793b25984b3633e0,2023-2024,present,7ecf5e0f1ccec0d8971bca433f327b65d52504d1b110d4de793b25984b3633e0
00383be040732358380883fd0e1d105b3ea27474918405a874b2e9c8ea02b499,TX,world history texas,harcourt,Social Studies,Core Curriculum,12,3a4aa9d7ee3f3d9ff5285424322b0639439e19cb734d4beba64d999ada2486b1,2023-2024,present,3a4aa9d7ee3f3d9ff5285424322b0639439e19cb734d4beba64d999ada2486b1
003d9e3d74f0a4cb681d3e280c9d27d76a3e06416436aaa57c54d68561b9f064,TX,TEXAS HISTORY SE,MCGRAW-HILL,Social Studies,Core Curriculum,8,3bb72ad247975c8a76f02ec99574f732f19fc09d3a79ce626e01f8a20e3bad8a,2023-2024,present,3bb72ad247975c8a76f02ec99574f732f19fc09d3a79ce626e01f8a20e3bad8a
003f559c88cac7edff7215a1355268fb35d00fad01f6a13eb7d4ca8e3db910a5,TX,Myers' Psychology,BFW,Social Studies,Core Curriculum,9,6ec6070513c19c58de77aec30da6796cde57dff20845bd467399fe7d5e9ba27e,2023-2024,present,6ec6070513c19c58de77aec30da6796cde57dff20845bd467399fe7d5e9ba27e
003a1d8a2b3a904d85651c12e0c61ca64ef52a4d590a42792e64bd2163d738ac,VA,MAGRUDERS AMERICAN GOVERNMENT 2018 VIRGINIA STUDENT EDITION,,Social Studies,Core Curriculum,12,c4b4a9d2ce535dd5e6276e75e58d78b9b5999c8e72fb854ef0a744e94af95124,2024-2025,missing,c4b4a9d2ce535dd5e6276e75e58d78b9b5999c8e72fb854ef0a744e94af95124
000c5cecdbaed6a7ba1fe9c0705a24a2975fbfae83a5a164c089673eaebc035c,VA,Western Civilization,Cengage,Social Studies,Core Curriculum,9,e8463d40add09532947908e954a0c9e55779c3af6d7808e6d9c38e34c0c54254,2024-2025,present,e8463d40add09532947908e954a0c9e55779c3af6d7808e6d9c38e34c0c54254
00779a4ec2e6abd8f8709fb680747c2a3bb77e74a78dd846844d2ecc7024ae78,VA,Cengage/National Geographic National Geographic Learning- World Cultures and Geography Survey (Word),Cengage,Social Studies,Core Curriculum,12,8d82bc85f4401b711988156bed100b6ca2e4679c8e6790f27d170ebd925824c5,2023-2024,present,8d82bc85f4401b711988156bed100b6ca2e4679c8e6790f27d170ebd925824c5
00055f0ad99c140e8e80486cc7ebdaa67538f23ff308b280228a7736e073fb05,WA,Discovery Social Studies TechBook,,Social Studies,Core Curriculum,6,7c7a7802a106b2695ac81822e51a0df761f48e14333422ffb2b0991069cca587,2024-2025,missing,7c7a7802a106b2695ac81822e51a0df761f48e14333422ffb2b0991069cca587
0071273fbb73c0c30b92ec5c98ddfec6b67bc1e73e5c14f55651ef435e7fb98f,WA,AP US History 15th Ed.,McGraw-Hill Brinkley,Social Studies,Core Curriculum,10,37192dbb2da2167c3ad04e1e1621fcfdc06f262e748f6072f6d481d765f38cf5,2024-2025,present,37192dbb2da2167c3ad04e1e1621fcfdc06f262e748f6072f6d481d765f38cf5
00ad0a2272a9616095c93ccdef5e6c415ab6cf5d57acb5563fc87f8fb0e0befd,WA,United States History,PH,Social Studies,Core Curriculum,11,fdfe92bdb365cd5462ea9602de760226d6f3a7fd72b74a3dc58907afdf8f81c1,2023-2024,present,fdfe92bdb365cd5462ea9602de760226d6f3a7fd72b74a3dc58907afdf8f81c1
00dce7e61e6c896348ad104b875e04c9638fbb7ac82572f2b7fefd5c8b64ed6b,AK,Reading A to Z,,ELA,Supplemental,7,1e5baf53e09e52220510d90e40c7469104ea63281b5465359bdb1f0c57508cc2,2023-2024,missing,1e5baf53e09e52220510d90e40c7469104ea63281b5465359bdb1f0c57508cc2
0023f1407dbc1f1c0bd28f2da550f7db4114a33391644f7454444a32c5ab9372,AL,Readworks,,ELA,Supplemental,10,d081cb07f2977e5a0544df43ad6fed568cf83833f5f2ba523a28db9af26c9a33,2023-2024,missing,d081cb07f2977e5a0544df43ad6fed568cf83833f5f2ba523a28db9af26c9a33
00735342ff37ca401cab608033921ed4602e80347e23a65274c0d49b704ac271,AL,Flocabulary,,ELA,Supplemental,8,eb6f33af14cc1b365fcd2a856c9a116f6081d722d8a593e084b605d7872f1113,2023-2024,missing,eb6f33af14cc1b365fcd2a856c9a116f6081d722d8a593e084b605d7872f1113
009f0734b50c513668f6bdf46fde6940af6bc935ed60b4a97daa947944c93420,AL,Xello,,ELA,Supplemental,9,857b88a605ae44369a02a8413b02a6785583f84a40a134f58d277d1a35fd3352,2024-2025,missing,857b88a605ae44369a02a8413b02a6785583f84a40a134f58d277d1a35fd3352
00146cab23b9a4177749fb57e28f73c638564d716c5348e8aa2cb772a9727dba,AL,WriteShop,WriteShop,ELA,Supplemental,3,94c4e58d8b646960498ce207b44b8735ea86cfd013dbdff45f8867f997e672e1,2024-2025,present,94c4e58d8b646960498ce207b44b8735ea86cfd013dbdff45f8867f997e672e1
00287f2c85233e1e44bbb10628ef6f4de2f532bc903ef1b97ec134c976b6a913,AR,IXL,,ELA,Supplemental,3,854f236fa100a8173ef91142918fcef8ca3eddb70915b5bc75490037ac4aceab,2023-2024,missing,854f236fa100a8173ef91142918fcef8ca3eddb70915b5bc75490037ac4aceab
003f43b66ea8cb6cead9ff2c583aaf688daf29ff2af8ce7b8ac954fb2d40764d,AR,Epic!,,ELA,Supplemental,K,ba498f0d215f5b9fc0db5424bdd43b87c9e378a42c4c48c50727f6717e2fe288,2023-2024,missing,ba498f0d215f5b9fc0db5424bdd43b87c9e378a42c4c48c50727f6717e2fe288
000089dcd81019e884c724f6d81c8cc4fa8f85601e09ded96d1bbee24edc6f4b,AZ,Brain Pop,,ELA,Supplemental,K,1e8f0912b778ed1cd2558dc12b1fce318621bca8a8d0ec81e255976fc5c69d4f,2024-2025,missing,1e8f0912b778ed1cd2558dc12b1fce318621bca8a8d0ec81e255976fc5c69d4f
00032631c7d5d9452707c48c64a6ccbe32eb634ab990764c51f7d29211e5a3bf,AZ,Sora,,ELA,Supplemental,7,dc6fc56e599ebefd81378c68330227eaa48b0b51b14331abd9892e2f2d312e01,2024-2025,missing,dc6fc56e599ebefd81378c68330227eaa48b0b51b14331abd9892e2f2d312e01
00113ffc8ac131adbc10503032bc78610c123dc60198ac94adf12639dced8d37,AZ,Buzz,,ELA,Supplemental,11,72497327077ce37dfba0d4eea36af97cd314b6d6e3cb78150b008562a15be9e3,2023-2024,missing,72497327077ce37dfba0d4eea36af97cd314b6d6e3cb78150b008562a15be9e3
003671195a1752b482cb2a32c008c8f13003e211585010fbf3b74e7754141802,AZ,Language!,,ELA,Supplemental,5,b3c2afbdc338287c6be45c90afc69dc936fc157e08fdd9e11deb0532e179d9b8,2024-2025,missing,b3c2afbdc338287c6be45c90afc69dc936fc157e08fdd9e11deb0532e179d9b8
00459ec75a26c1a944722c2828be7692c8b9bbe16f68f2a2d61a8195e7fcfcb1,AZ,Reading A-Z,,ELA,Supplemental,7,1e5baf53e09e52220510d90e40c7469104ea63281b5465359bdb1f0c57508cc2,2024-2025,missing,1e5baf53e09e52220510d90e40c7469104ea63281b5465359bdb1f0c57508cc2
00153899ea1abcea07a9b690b1b08908b3e2593d50bb093fb980fb3383c24b50,AZ,Imagine Learning - Language & Literacy,Imagine Learning,ELA,Supplemental,10,f0c7ff4383cc8a1d1b478079be24d5705c6dc7acb7297c2c8059d6648854efc7,2024-2025,present,f0c7ff4383cc8a1d1b478079be24d5705c6dc7acb7297c2c8059d6648854efc7
00246087d58611a0dffac838b383ccbeaa7100ffee08779c5f1c9e7f55083b73,AZ,News ELA,Newsela,ELA,Supplemental,8,ca5d8c9beb2421ecd126976b763ce823292f6138bd941d6894d60c2e67d8a62d,2024-2025,present,ca5d8c9beb2421ecd126976b763ce823292f6138bd941d6894d60c2e67d8a62d
0040de3902b679e3d65e41f66cf0c4a3dafe029b31fc155f2495dc184cfaf110,AZ,Common Lit,CommonLit,ELA,Supplemental,3,fcb69992a6d0f0eb96f3ad05534fd1e4848cabbfad68ee37a87f4f9ea803b6cf,2023-2024,present,fcb69992a6d0f0eb96f3ad05534fd1e4848cabbfad68ee37a87f4f9ea803b6cf
000442bb955953be106dfb37d35ce538cc9202184237949a76afefe1a5afa35d,CA,Proquest,,ELA,Supplemental,8,f9cfbee04aef5441c2a365fa56d10159c3e22e62457c8263a97f00bdb1b07a70,2024-2025,missing,f9cfbee04aef5441c2a365fa56d10159c3e22e62457c8263a97f00bdb1b07a70
00082d0063bed4fbadbb173f86227300dda933fef94f44a47f4cb9f879a05a52,CA,IXL Lang,,ELA,Supplemental,3,854f236fa100a8173ef91142918fcef8ca3eddb70915b5bc75490037ac4aceab,2024-2025,missing,854f236fa100a8173ef91142918fcef8ca3eddb70915b5bc75490037ac4aceab
00091dbecaea411d83998b269e5dcb89306c09074d7582318bf5493cc80d73e0,CA,IXL,,ELA,Supplemental,K,854f236fa100a8173ef91142918fcef8ca3eddb70915b5bc75490037ac4aceab,2023-2024,missing,854f236fa100a8173ef91142918fcef8ca3eddb70915b5bc75490037ac4aceab
000939b68401403973043136076d6db5d6966a5052a9a5f7f5d84b6297ada4ca,CA,Epic,,ELA,Supplemental,5,ba498f0d215f5b9fc0db5424bdd43b87c9e378a42c4c48c50727f6717e2fe288,2024-2025,missing,ba498f0d215f5b9fc0db5424bdd43b87c9e378a42c4c48c50727f6717e2fe288
000b447b5d739a54965ea64f138a5becd3a43026ea08f8a68abbe4189b98c18c,CA,Gimkit,,ELA,Supplemental,8,9d0ff4c849a792e78ba9b5207e44542720fc71a9d3276754305a2f2cfef683d1,2024-2025,missing,9d0ff4c849a792e78ba9b5207e44542720fc71a9d3276754305a2f2cfef683d1
000c2b67500990a9c45cee8144a37a7a4a933af0156e3e19e136e9d41244d42a,CA,Book Adventure,,ELA,Supplemental,5,c25adf484f792ca3928601cd5ea1e4f114397645e0d7a6c55014d09f29626324,2024-2025,missing,c25adf484f792ca3928601cd5ea1e4f114397645e0d7a6c55014d09f29626324
0015ad367899f9451cf71422d0aa17a5a4055285ed58ac798b65bb7a72921077,CA,Bookshare,,ELA,Supplemental,6,6bbc2836401e928458c6995c34700713de9f097309ec0095813e26588b32896b,2024-2025,missing,6bbc2836401e928458c6995c34700713de9f097309ec0095813e26588b32896b
0018a860667d63d5b243be5aca17f177b9baf69169de437840ec0c1b8074a0e7,CA,Renaissance Learning,,ELA,Supplemental,7,c9be7dc77cc464a55073366b335dc04a2b896477cd4d3918c1dbba083c65d8b0,2024-2025,missing,c9be7dc77cc464a55073366b335dc04a2b896477cd4d3918c1dbba083c65d8b0
0019d82e195dae4fa3adda13e30ba2b39ee3e93f7b77a237c71e0a604d1ebd5e,CA,Plickers Quizlet,,ELA,Supplemental,3,4f036648f8d433ad384bc97448547061ea645b8a22afbba41b4345faf73cf6fe,2023-2024,missing,4f036648f8d433ad384bc97448547061ea645b8a22afbba41b4345faf73cf6fe
001c1a0cb29faf8219ec214f66efa023c2f70d6c878ac8919607f344f39ef61b,CA,Follet Destiny,,ELA,Supplemental,K,23fe88a0e95b773d522b70d467dfafbb0072a709ba6407caf992434ba5ba6740,2023-2024,missing,23fe88a0e95b773d522b70d467dfafbb0072a709ba6407caf992434ba5ba6740
0025e8cd77dc56af034e54b62ed3919b6937c7fe9a169dffd483001ad89ecb1d,CA,Read 180,,ELA,Supplemental,12,5895064eb747df3b238600e72d418a2eed6395219bbde59421e99fa54109ee7a,2023-2024,missing,5895064eb747df3b238600e72d418a2eed6395219bbde59421e99fa54109ee7a
002b2aa3c673cae2f15df213c634d3bea52cc1be62559c83bc8c8062ea43584b,CA,Britannica Encyclopedia (K-12),,ELA,Supplemental,11,1d2420c6594ac4d6dca0a2ca68d3c514e839386af9b9904a0bbce84f829c7e5c,2024-2025,missing,1d2420c6594ac4d6dca0a2ca68d3c514e839386af9b9904a0bbce84f829c7e5c
0030f60654336e4ced6072df0c320e7d880c151ccd18f066607bd0689500206b,CA,Story Bird,,ELA,Supplemental,9,0086c12f960676662f2c9f6cfb6f15364f81041d742be93f8285835c2a8b3b9d,2023-2024,missing,0086c12f960676662f2c9f6cfb6f15364f81041d742be93f8285835c2a8b3b9d
0033328e24e2735305215586f9da9bb2fc17dbe51ad68cd78ff487d88174e41c,CA,ProQuest ELA,,ELA,Supplemental,8,f9cfbee04aef5441c2a365fa56d10159c3e22e62457c8263a97f00bdb1b07a70,2024-2025,missing,f9cfbee04aef5441c2a365fa56d10159c3e22e62457c8263a97f00bdb1b07a70
003930fc8f7d207d1f28d46883936c8c7e477f4d19d357da6d21dcd76a18d455,CA,Book Creator,,ELA,Supplemental,3,12f3fa0928651dead9589f0ba542520521756d13f0ec93eac14850ccd9029a3d,2024-2025,missing,12f3fa0928651dead9589f0ba542520521756d13f0ec93eac14850ccd9029a3d
003f3c306bb4bbedcf9e2e8bfa962aa0fef81944ed5215d726dc3532e2b6023f,CA,Read 180 Universal Intervention,,ELA,Supplemental,K,e42ff45342e0b96283255ddee6d5b40818e624e1de2c594355471f32e6cc7f6e,2024-2025,missing,e42ff45342e0b96283255ddee6d5b40818e624e1de2c594355471f32e6cc7f6e
0049c6b13fcd3da64b8626088c16faa33a0abbf1a6c010ded6d4c5c22d98924d,CA,kahoot,,ELA,Supplemental,3,a8be91918bb396f4869532cf95baf97034fdc8153b842e62eed55f56587d8a5c,2023-2024,missing,a8be91918bb396f4869532cf95baf97034fdc8153b842e62eed55f56587d8a5c
004cce12c4d1d215441bdc3807ca60b024a04dadff24a61e50f5f9ab9709ab56,CA,Imagine Learning and Language,,ELA,Supplemental,8,f0c7ff4383cc8a1d1b478079be24d5705c6dc7acb7297c2c8059d6648854efc7,2023-2024,missing,f0c7ff4383cc8a1d1b478079be24d5705c6dc7acb7297c2c8059d6648854efc7
005464cf4175a9a2de798473c88c31256ee86411ac6199f50ba78ca52fa0a03b,CA,i-Ready,,ELA,Supplemental,7,938eeb820d597c9f049fe4d48ec94efb92d40901e5ef96207afec8bde462347a,2023-2024,missing,938eeb820d597c9f049fe4d48ec94efb92d40901e5ef96207afec8bde462347a
00550bf42ee613275bd2a6ae59500d076d3a003d5e07bd8dc6d4a781e9e42dcd,CA,Kahoot,,ELA,Supplemental,12,a8be91918bb396f4869532cf95baf97034fdc8153b842e62eed55f56587d8a5c,2024-2025,missing,a8be91918bb396f4869532cf95baf97034fdc8153b842e62eed55f56587d8a5c
00560fac32f1a3744c604f3f7dfc0c4a8782201d098389e96e9fba3af12c3c0f,CA,GoNoodle,,ELA,Supplemental,K,d35dd49c0e56a9ecf5dffff3df223fde420e027054b37bc41b823ef6a7cfb470,2023-2024,missing,d35dd49c0e56a9ecf5dffff3df223fde420e027054b37bc41b823ef6a7cfb470
005701068cc5fc1ad9e1c6fbaca4e705fb6edf99c74c91242894707205c1fb6b,CA,Khan Academy,,ELA,Supplemental,11,a20c6e858728ba2ab05e619880badae8bfa65d419a0ac636bc3abfae85b12891,2023-2024,missing,a20c6e858728ba2ab05e619880badae8bfa65d419a0ac636bc3abfae85b12891
005aecc923bfb3a34d5c9b617e90d58d02fae62c0e828371db7612b016976016,CA,Freckle,,ELA,Supplemental,5,999c857eba67f542ba8ac03c49d2d08904adc39f7d2c35f5283fdf9af9782f1d,2024-2025,missing,999c857eba67f542ba8ac03c49d2d08904adc39f7d2c35f5283fdf9af9782f1d
005d108a794036764e9c3f91f20a4a07517f66da0604ca34a0acec5b2c56f01f,CA,Sora,,ELA,Supplemental,4,dc6fc56e599ebefd81378c68330227eaa48b0b51b14331abd9892e2f2d312e01,2023-2024,missing,dc6fc56e599ebefd81378c68330227eaa48b0b51b14331abd9892e2f2d312e01
005e87e9be67e45d59bf7467059091e0baf9772157fcd858849c5761f12bfa14,CA,Common Lit,,ELA,Supplemental,8,fcb69992a6d0f0eb96f3ad05534fd1e4848cabbfad68ee37a87f4f9ea803b6cf,2024-2025,missing,fcb69992a6d0f0eb96f3ad05534fd1e4848cabbfad68ee37a87f4f9ea803b6cf
005ed622f5f8518d194556bea088853c45da2e1100b3c29e9a3b32160fbfe974,CA,We Video,,ELA,Supplemental,7,f8146a5a6d0f62dd10244166680d86415ee8e45c30c27401f162d5590fcce908,2024-2025,missing,f8146a5a6d0f62dd10244166680d86415ee8e45c30c27401f162d5590fcce908
0064f905c14aa5baf0c9803d3b8257febb48922ad2d158656a0bd96f66a39ea0,CA,Lexia PowerUp,,ELA,Supplemental,12,5fb10758249670e6952d5f6ce2be127c3d9e0ce34c4fa86b96769758cbf60b33,2023-2024,missing,5fb10758249670e6952d5f6ce2be127c3d9e0ce34c4fa86b96769758cbf60b33
0071679652eb8789c5cfdf97982da3cf1d8ae775b04a360b790b3f0568a30cfc,CA,Scholastic Story Starters,,ELA,Supplemental,4,b99649c40524f4c9ec7a6a4ff0d6b097d3606899770415a70c157a3da3b2ede1,2023-2024,missing,b99649c40524f4c9ec7a6a4ff0d6b097d3606899770415a70c157a3da3b2ede1
0029d231ad517099dec0b9041e10c8d72a030bb27194bd5204afe1df54908b83,CA,Read 180,Scholastic,ELA,Supplemental,K,5895064eb747df3b238600e72d418a2eed6395219bbde59421e99fa54109ee7a,2023-2024,present,5895064eb747df3b238600e72d418a2eed6395219bbde59421e99fa54109ee7a
0043033a11c2614a625fbceccc057aac4ee05b76b68e31bfc938a19919ed798d,CA,Gale: ELA,Cengage,ELA,Supplemental,10,043608b2002c12b10bd0b210537ae5072c5eb05235f1232d9ced87592356a809,2024-2025,present,043608b2002c12b10bd0b210537ae5072c5eb05235f1232d9ced87592356a809
0053e57b23a48fe194e8a9bf254874a1a9849a3c80a00530b7ff6fe9970936b3,CA,NoRedInk,NoRedInk,ELA,Supplemental,8,6eb217054d6070e1021088dfb523a9f285d8278edae92702e369806502ef1984,2024-2025,present,6eb217054d6070e1021088dfb523a9f285d8278edae92702e369806502ef1984
0068b7724caa1d7beffb7f444f1b9ff91867d2a8691122a55b09796a469f47fa,CA,Read 180,Houghton Mifflin Harcourt,ELA,Supplemental,12,5895064eb747df3b238600e72d418a2eed6395219bbde59421e99fa54109ee7a,2024-2025,present,5895064eb747df3b238600e72d418a2eed6395219bbde59421e99fa54109ee7a
006a0efa3d9560c1d690daa2dbf4b006f08d24d06a63c022b212bea75f45c4f4,CA,IXL Language Arts,IXL,ELA,Supplemental,5,854f236fa100a8173ef91142918fcef8ca3eddb70915b5bc75490037ac4aceab,2024-2025,present,854f236fa100a8173ef91142918fcef8ca3eddb70915b5bc75490037ac4aceab
00796f4d65557c9f3c13eee70c7e47393bdeb15213c78d1118c833ff2e3c4e4c,CA,SIRS Issues Researcher,ProQuest,ELA,Supplemental,6,08aa985f693e09393dd989971c25f5661f99341a3d87fa8f116f9f1920e70e5d,2024-2025,present,08aa985f693e09393dd989971c25f5661f99341a3d87fa8f116f9f1920e70e5d
007eb8fae119a5815b3fd96ef22c1d3d641a8a436583473fc9cd9f01cfe2f453,CA,Leveled Literacy Intervention,Heinemann,ELA,Supplemental,5,f1be9f9fd1b0a381f04d646e912a5c9de184dabd2aea65c96ad7b92fce8608a2,2024-2025,present,f1be9f9fd1b0a381f04d646e912a5c9de184dabd2aea65c96ad7b92fce8608a2
004edfdd291687a914111e5925f962db0f42884eff884d517357aad2edbd64a7,CO,Reading Counts,,ELA,Supplemental,10,7c0baf006eb91a2e5a10d9f6935a23bff6ee9fc10eb99246ce8bfd6ddf10671a,2023-2024,missing,7c0baf006eb91a2e5a10d9f6935a23bff6ee9fc10eb99246ce8bfd6ddf10671a
005e6aacddd644417661631aec39ff38b18e1bda4b078c0ab66b05d38455dc12,CO,Starfall,,ELA,Supplemental,2,15f41023216af3aa49639589356f78eef38328a6c30ad3cf341d818cfa18ec49,2023-2024,missing,15f41023216af3aa49639589356f78eef38328a6c30ad3cf341d818cfa18ec49
00a1dc0ed3faf16ddc842dbbdc93e623ff6968fe1e1be1ed6ea9aa84bc973a53,CO,Headsprout,,ELA,Supplemental,1,988726f5836347a50d6142f5fde92a60c918a725855bd0c5bfc937ed89ff5d00,2023-2024,missing,988726f5836347a50d6142f5fde92a60c918a725855bd0c5bfc937ed89ff5d00
0107f154b3923bcbfb8fb71820a7c34f91ad98756c0ce5477716384b25413c70,CO,Flocabulary,Nearpod,ELA,Supplemental,9,2ef53fafacf94e8bca97698bfc577f195f7a40ee225341302d6fb48a6349542d,2024-2025,present,2ef53fafacf94e8bca97698bfc577f195f7a40ee225341302d6fb48a6349542d
00e9d454d077dd092bedb2aa9d1e9656bb117e2f574a4ed383c01fb57d03e13a,CT,AVID,,ELA,Supplemental,9,d7b34d5c36d175b1a443f2932b45e3db0a5281fdfa09fb2c2365d24753f2ca52,2023-2024,missing,d7b34d5c36d175b1a443f2932b45e3db0a5281fdfa09fb2c2365d24753f2ca52
0005e3f181cd47d134c7ff2b487890a37aa1b17f5bc6bf41be08c6ce144e9f5f,FL,Quizlet,,ELA,Supplemental,K,4f036648f8d433ad384bc97448547061ea645b8a22afbba41b4345faf73cf6fe,2023-2024,missing,4f036648f8d433ad384bc97448547061ea645b8a22afbba41b4345faf73cf6fe
0007cae4acb9a3830e539fcb0ef364c76973db6b0b02996a60d018bf855c4370,FL,i-Ready,,ELA,Supplemental,8,4070ed016529cbe0d5fbe3ea96290b23411fd7c9d43c49f5025aa408c2b24e1c,2023-2024,missing,4070ed016529cbe0d5fbe3ea96290b23411fd7c9d43c49f5025aa408c2b24e1c
00142fb300439ebc0c82ab2356fb3f6139e19f7989ddf231c3a3f7ca820990e1,FL,Kahoot!,,ELA,Supplemental,6,a8be91918bb396f4869532cf95baf97034fdc8153b842e62eed55f56587d8a5c,2024-2025,missing,a8be91918bb396f4869532cf95baf97034fdc8153b842e62eed55f56587d8a5c
002c0a63dc2b4d50639c5ef388448b6c3e9cbb57099a4c46e93d2d777eee2a69,FL,GimKit,,ELA,Supplemental,11,9d0ff4c849a792e78ba9b5207e44542720fc71a9d3276754305a2f2cfef683d1,2024-2025,missing,9d0ff4c849a792e78ba9b5207e44542720fc71a9d3276754305a2f2cfef683d1
00414fb5bf62d18e2cda39429447c78db358cf98033652f6c0e4791e56bf3f5c,FL,Reading Rockets,,ELA,Supplemental,4,299aa69a09cbc83395a884a9f0755692a9edde6a4c06d93cc11ffb5b449e020f,2024-2025,missing,299aa69a09cbc83395a884a9f0755692a9edde6a4c06d93cc11ffb5b449e020f
00647ccf928953cf11e3f45491d87d08cb70ddab4d30d0e3fafbaf70cfb28d42,FL,Flocabulary,,ELA,Supplemental,1,eb6f33af14cc1b365fcd2a856c9a116f6081d722d8a593e084b605d7872f1113,2023-2024,missing,eb6f33af14cc1b365fcd2a856c9a116f6081d722d8a593e084b605d7872f1113
006ab5c68a57b60b7856fa20d4d922bc997c4d86547a8f1281fa1d4b4de51197,FL,Shmoop,,ELA,Supplemental,7,61bc20c2dedd3a039098cdfd66b20a63406cd7b6ef905a39b6c53489e673b7dc,2023-2024,missing,61bc20c2dedd3a039098cdfd66b20a63406cd7b6ef905a39b6c53489e673b7dc
006bcf572ef8d30b1c6277f1fc602729a0c6ab976c3bdd38949ac1b758042fbf,FL,Teen Book Cloud,,ELA,Supplemental,1,7bf6b0f2f670b76597cd87c2b0cbdc4922278538a3c787fb7b6c91241e9999e0,2024-2025,missing,7bf6b0f2f670b76597cd87c2b0cbdc4922278538a3c787fb7b6c91241e9999e0
00716dab1be264044b32cb68be4de508fa16cffb7a1154c9013eaae8bd1b071d,FL,Quizizz,,ELA,Supplemental,1,71be102632470ceddc59e9f2e4240c740f4f2c02567dd4cee949f34a7b0c8038,2023-2024,missing,71be102632470ceddc59e9f2e4240c740f4f2c02567dd4cee949f34a7b0c8038
0074ec1bf0d02cff35b146db7e79f439d4e54bd9d668885d95cf68f9cb4cbad9,FL,TumbleBooks,,ELA,Supplemental,1,923340b3f948d35f364297575b37c791c54f8ef5ccc431149b51b358960552e1,2024-2025,missing,923340b3f948d35f364297575b37c791c54f8ef5ccc431149b51b358960552e1
0024dbf7ebc75260cbb725faabeb6e8901c17e8082fc3705d509ef7c4cfb050c,FL,Ready Gen,Savvas Realize,ELA,Supplemental,1,b5fd096a28f78fadf9972f2407f5ec592ecbc67998cadb981d85d19a3d42bc54,2024-2025,present,b5fd096a28f78fadf9972f2407f5ec592ecbc67998cadb981d85d19a3d42bc54
002d7ca1a94484400ada9a8e77a21d91ec7cc58dae1abf205dd6a469f3fa16d9,FL,Leveled Literacy Intervention,i-Ready,ELA,Supplemental,7,4070ed016529cbe0d5fbe3ea96290b23411fd7c9d43c49f5025aa408c2b24e1c,2023-2024,present,4070ed016529cbe0d5fbe3ea96290b23411fd7c9d43c49f5025aa408c2b24e1c
003a811de696be1b0d3e66a4e244fe1aca1e6e832f315869ebe8600ab661824f,FL,FAST STAR,Renaissance Reading,ELA,Supplemental,6,6f509317ee90b6b109be3e328fe82c5ea40951498304c1639547c4945eaa4b07,2023-2024,present,6f509317ee90b6b109be3e328fe82c5ea40951498304c1639547c4945eaa4b07
005409d4f1effc3d021eb55ed0255578a489f9bb4081bea6b3ea8ff761471c84,FL,CommonLit,CommonLit,ELA,Supplemental,4,fcb69992a6d0f0eb96f3ad05534fd1e4848cabbfad68ee37a87f4f9ea803b6cf,2023-2024,present,fcb69992a6d0f0eb96f3ad05534fd1e4848cabbfad68ee37a87f4f9ea803b6cf
0004784d66c5203da364ed2f7151aebff66a59d42a62c5bb402dbc7957661b10,GA,Freckle,,ELA,Supplemental,K,5a6378ffb4ff1afc6c94d4f845997fa0bfef3c7af5713ae0c58b677030fed5b8,2023-2024,missing,5a6378ffb4ff1afc6c94d4f845997fa0bfef3c7af5713ae0c58b677030fed5b8
000a09ace5efecab64744485b0f18a70ac39f67a5740a67ee09941c18bcf7522,GA,Learning A-Z,,ELA,Supplemental,5,48bf52e4216b58b9b2f698c128378c8f4ba2f662821486f84b962a73ebc36d78,2024-2025,missing,48bf52e4216b58b9b2f698c128378c8f4ba2f662821486f84b962a73ebc36d78
001fb743d496fb729a320b650072dfdbcc59b75bfa003fb47fd072cca43f2f8c,GA,Imagine Learning,,ELA,Supplemental,2,4e112e1b917e5c343ec0adff0c6f6e9283ce3b086bd426146fead85004090796,2023-2024,missing,4e112e1b917e5c343ec0adff0c6f6e9283ce3b086bd426146fead85004090796
00755794cf0c5a69044c02aded889dd72c6d7394ae383b7ddd8f2260ec50d53e,GA,Achieve the Core,,ELA,Supplemental,4,b22f2352e3a39e2fae7c22982e64b4907c36489d5adf07fc38f381eb545b9eae,2024-2025,missing,b22f2352e3a39e2fae7c22982e64b4907c36489d5adf07fc38f381eb545b9eae
00191a018a54bcb47cecf741a07d299af763e0023592357f70132bf58f0e4645,GA,Achieve3000,McGraw Hill,ELA,Supplemental,11,c221bcee3e520fefdbca5d26baf9eb3aed11a411988a1e09585105e35efe801a,2023-2024,present,c221bcee3e520fefdbca5d26baf9eb3aed11a411988a1e09585105e35efe801a
0044ba76dc8de647108a8d9ada09d75a83895b716032667b272b7311af5be4c6,GA,Khan Academy,Khan Academy,ELA,Supplemental,10,a20c6e858728ba2ab05e619880badae8bfa65d419a0ac636bc3abfae85b12891,2023-2024,present,a20c6e858728ba2ab05e619880badae8bfa65d419a0ac636bc3abfae85b12891
009245e511b23e9765a098e693a33209e311d5a20b3f493af43be22c7931c592,IA,Britannica School,,ELA,Supplemental,3,1941dbbd02e12e39dae4dde84afc8bb25cb964b6d45afbbd53b252b7b7b745f0,2023-2024,missing,1941dbbd02e12e39dae4dde84afc8bb25cb964b6d45afbbd53b252b7b7b745f0
009649d1b77a5eb20b7a8f81305aa351b196cf114ac63f567fec9138bd730626,ID,Sora Digital Library,,ELA,Supplemental,3,dc6fc56e599ebefd81378c68330227eaa48b0b51b14331abd9892e2f2d312e01,2023-2024,missing,dc6fc56e599ebefd81378c68330227eaa48b0b51b14331abd9892e2f2d312e01
0029804661b5ba39d458fd7d8966a922ccde58337e87156608a9ece57295065d,IL,NoRedInk,,ELA,Supplemental,8,6eb217054d6070e1021088dfb523a9f285d8278edae92702e369806502ef1984,2023-2024,missing,6eb217054d6070e1021088dfb523a9f285d8278edae92702e369806502ef1984
00329784e254267b1844798aaa5adf635d6b59a5558e3b25928a8ca7c11e778f,IL,Discovery Education,,ELA,Supplemental,5,ccf3647357dd4fa8351ed337dac41ea6babc6a01e1fdbaab64ecf0914a090e91,2023-2024,missing,ccf3647357dd4fa8351ed337dac41ea6babc6a01e1fdbaab64ecf0914a090e91
0034b8064c296262faeae5eddd9e185a58320ceb43069a11a0bb07eeecdfdc5e,IL,SeeSaw,,ELA,Supplemental,K,ecb7f6ddee62334898c43927b06778d9d0f801c6dd0b6784a1cccc448f76e2bc,2023-2024,missing,ecb7f6ddee62334898c43927b06778d9d0f801c6dd0b6784a1cccc448f76e2bc
0048a10e410187b5b655333139d19d70328035f413a49b638f7d93080ed86917,IL,Language Live,,ELA,Supplemental,7,e266410f6a43774c64e4d3b53d0d2c9b676b6eca41e68b5c37f1ab9ab47ee84f,2023-2024,missing,e266410f6a43774c64e4d3b53d0d2c9b676b6eca41e68b5c37f1ab9ab47ee84f
0051f307cba770f2beefcba33520eb66ab280abcbe4ca70b006a19737e601e05,IL,Khan Academy,,ELA,Supplemental,9,a20c6e858728ba2ab05e619880badae8bfa65d419a0ac636bc3abfae85b12891,2023-2024,missing,a20c6e858728ba2ab05e619880badae8bfa65d419a0ac636bc3abfae85b12891
0050b6e0738804f78f150d2e004769f0239c2c474581927e93c229dadcd35656,IL,Epic!,Epic! Creations,ELA,Supplemental,PK,ba498f0d215f5b9fc0db5424bdd43b87c9e378a42c4c48c50727f6717e2fe288,2024-2025,present,ba498f0d215f5b9fc0db5424bdd43b87c9e378a42c4c48c50727f6717e2fe288
010de5fe4bc126439f83d391b7c2a846ebb738853c6c09d893fa980f6326e70b,IL,Khan Academy,Khan Academy,ELA,Supplemental,3,a20c6e858728ba2ab05e619880badae8bfa65d419a0ac636bc3abfae85b12891,2024-2025,present,a20c6e858728ba2ab05e619880badae8bfa65d419a0ac636bc3abfae85b12891
0026b7977289db79d6a976350c089af4c881da92fc835209e99f4b669d9af24c,IN,Sora,,ELA,Supplemental,9,dc6fc56e599ebefd81378c68330227eaa48b0b51b14331abd9892e2f2d312e01,2024-2025,missing,dc6fc56e599ebefd81378c68330227eaa48b0b51b14331abd9892e2f2d312e01
0070526a0f86d672874dc869c6ea0a89deb922e0f3263f46631f31e0810c4b4f,IN,Haggerty,,ELA,Supplemental,K,7a9bcda36c91cc60eef3efec604a8815088f1c026d3f27860aa568d8393b4f78,2023-2024,missing,7a9bcda36c91cc60eef3efec604a8815088f1c026d3f27860aa568d8393b4f78
007c66666fc2ece35d95d44834ecc7db06088c2d9f443dac0651ca2da3b617c6,IN,Reading A-Z,,ELA,Supplemental,4,1e5baf53e09e52220510d90e40c7469104ea63281b5465359bdb1f0c57508cc2,2023-2024,missing,1e5baf53e09e52220510d90e40c7469104ea63281b5465359bdb1f0c57508cc2
00a2f1dd3d7b2c3f0146894ac27ccf78697c908290d95593af681907fa4d50f3,KS,Discovery Ed,,ELA,Supplemental,2,ccf3647357dd4fa8351ed337dac41ea6babc6a01e1fdbaab64ecf0914a090e91,2023-2024,missing,ccf3647357dd4fa8351ed337dac41ea6babc6a01e1fdbaab64ecf0914a090e91
00cc2bbe55f8e6aad53aa7716b4d6fa87848729fade4870a85dfd2707f216ce5,KY,Read Works,,ELA,Supplemental,3,d081cb07f2977e5a0544df43ad6fed568cf83833f5f2ba523a28db9af26c9a33,2023-2024,missing,d081cb07f2977e5a0544df43ad6fed568cf83833f5f2ba523a28db9af26c9a33
01be7a168e48012904a7668810be48f0c029936804d01dddc4ab90f1376cec43,LA,Amplify CKLA,,ELA,Supplemental,5,ed70098aa4a36aaec0c7d8668237cabc537a3a2bfef0a6c76c82238809b487ed,2023-2024,missing,ed70098aa4a36aaec0c7d8668237cabc537a3a2bfef0a6c76c82238809b487ed
00157b164b24153db83aff0a53590059369e8882fd8fc10c2dddf2eb32843b46,LA,Khan Academy,Khan Academy,ELA,Supplemental,5,a20c6e858728ba2ab05e619880badae8bfa65d419a0ac636bc3abfae85b12891,2024-2025,present,a20c6e858728ba2ab05e619880badae8bfa65d419a0ac636bc3abfae85b12891
0048e3a3b24ca2b17c87bce41f5653e201a7daf61e9e9d22115db7ef475ce854,MA,System 44,,ELA,Supplemental,NI,fbc8a90e9b22316c2b1ee1175410bf6e04e25b7e49d6559a6476b70a26f8e5e4,2023-2024,missing,fbc8a90e9b22316c2b1ee1175410bf6e04e25b7e49d6559a6476b70a26f8e5e4
030b2d57f5f2e312b0c98390777ec80467092c9d69f4accdc4e83a99fd267902,MA,Book Adventure,Book Adventure,ELA,Supplemental,8,c25adf484f792ca3928601cd5ea1e4f114397645e0d7a6c55014d09f29626324,2023-2024,present,c25adf484f792ca3928601cd5ea1e4f114397645e0d7a6c55014d09f29626324
004a68f42b51ca9a6ddab5d07375c62e024c73a537a72a9d277b0c41f464475d,MD,Kahoot,,ELA,Supplemental,8,a8be91918bb396f4869532cf95baf97034fdc8153b842e62eed55f56587d8a5c,2023-2024,missing,a8be91918bb396f4869532cf95baf97034fdc8153b842e62eed55f56587d8a5c
004fecff7a834190ac0741592c356f48350ada33b784e2041129a26fcf9ff619,MD,Fountas LLI,,ELA,Supplemental,5,f1be9f9fd1b0a381f04d646e912a5c9de184dabd2aea65c96ad7b92fce8608a2,2024-2025,missing,f1be9f9fd1b0a381f04d646e912a5c9de184dabd2aea65c96ad7b92fce8608a2
0068e1e81c2d9a6f203a075e329ba873ca5ce5df951972c4604d0533eaaab507,MD,commonlit,,ELA,Supplemental,11,fcb69992a6d0f0eb96f3ad05534fd1e4848cabbfad68ee37a87f4f9ea803b6cf,2024-2025,missing,fcb69992a6d0f0eb96f3ad05534fd1e4848cabbfad68ee37a87f4f9ea803b6cf
00188b60ae293aef71d7b9239f122cd466c502e02b6e78596dc72ad27bdb3fc7,ME,Epic!,,ELA,Supplemental,K,ba498f0d215f5b9fc0db5424bdd43b87c9e378a42c4c48c50727f6717e2fe288,2024-2025,missing,ba498f0d215f5b9fc0db5424bdd43b87c9e378a42c4c48c50727f6717e2fe288
000548b0a5fa168d0e8a997ece2bfe21140e9fd3bdb7f6f7f98574c0d7717043,MI,Savvas EasyBridge,,ELA,Supplemental,5,6648a8f9e05eb5a82c3255868a1982f90d7ae017f3e7f9656fcf0eb93fb2117a,2023-2024,missing,6648a8f9e05eb5a82c3255868a1982f90d7ae017f3e7f9656fcf0eb93fb2117a
02fb785d130e9de4d76837eefe75e9a593ee152bded0e95c103b5940cbce375a,MI,i-Ready,Curriculum Associates,ELA,Supplemental,6,4070ed016529cbe0d5fbe3ea96290b23411fd7c9d43c49f5025aa408c2b24e1c,2023-2024,present,4070ed016529cbe0d5fbe3ea96290b23411fd7c9d43c49f5025aa408c2b24e1c
003189fa438006ad5abf492a5bd27c1fb7cf8e206e711695386a309b9996d8dd,MN,Kami,,ELA,Supplemental,9,73c75b8fd843566ba4e98c9dc28417798201be1d1e06e8afb0693d7e5bf36932,2024-2025,missing,73c75b8fd843566ba4e98c9dc28417798201be1d1e06e8afb0693d7e5bf36932
007ade13e695390cee1266628284fd388e98a0c0d184ad9d34089e90f8ea01ae,MN,Flip,,ELA,Supplemental,10,228f9cc383c7778950128a5a9e7759828a10a07ffd23d343095cf3fc8739a0be,2024-2025,missing,228f9cc383c7778950128a5a9e7759828a10a07ffd23d343095cf3fc8739a0be
00de20d41f3e4f284ef9b0650f8978090e686dfbda7f07fbe9630ba339728e85,MN,Mackin,Mackin,ELA,Supplemental,4,b965b2d616e4ac5ab1dc82da7d52fe22954801449f62f074440a37c051aec651,2024-2025,present,b965b2d616e4ac5ab1dc82da7d52fe22954801449f62f074440a37c051aec651
0107b0cf7e9f6c659d805d44aba97ea8f68b65ad672a778248c44c2a4cd3c296,MO,A-Z Leveled Readers,,ELA,Supplemental,K,1e5baf53e09e52220510d90e40c7469104ea63281b5465359bdb1f0c57508cc2,2023-2024,missing,1e5baf53e09e52220510d90e40c7469104ea63281b5465359bdb1f0c57508cc2
013355f452138fdd79bfff053c969fd275236ea0e29f8cdf97ffe36c487b6815,MO,Common Lit,,ELA,Supplemental,12,fcb69992a6d0f0eb96f3ad05534fd1e4848cabbfad68ee37a87f4f9ea803b6cf,2023-2024,missing,fcb69992a6d0f0eb96f3ad05534fd1e4848cabbfad68ee37a87f4f9ea803b6cf
00283ed5b94c05aaa31cd3100e6bca27c2252e4e815a3e2870101ff3ef77d154,MS,ReadTheory,,ELA,Supplemental,8,6c48c4f9662c47d6bdcb3af06f9593f54e701a286b276ee1fca85cf0a401e91a,2023-2024,missing,6c48c4f9662c47d6bdcb3af06f9593f54e701a286b276ee1fca85cf0a401e91a
00cf3ae551d7a5cbfc86724b3d05c6fb6ce984748f66e7d07d4773340814e87f,MS,USA Test Prep,,ELA,Supplemental,10,41c18110255efbf407217111f8f817049b8ab777a393e817e075939f5c73f679,2023-2024,missing,41c18110255efbf407217111f8f817049b8ab777a393e817e075939f5c73f679
004048fd802946118173ba2a4814ed4e6c71de4906a488aa1c91095e9f833872,MT,Achieve the Core,,ELA,Supplemental,K,b22f2352e3a39e2fae7c22982e64b4907c36489d5adf07fc38f381eb545b9eae,2023-2024,missing,b22f2352e3a39e2fae7c22982e64b4907c36489d5adf07fc38f381eb545b9eae
000355730fe7af5a46a6fdc6f915cb0dc78ae77e6c4937b4941f75cecc51efa3,NC,CommonLit,,ELA,Supplemental,9,fcb69992a6d0f0eb96f3ad05534fd1e4848cabbfad68ee37a87f4f9ea803b6cf,2023-2024,missing,fcb69992a6d0f0eb96f3ad05534fd1e4848cabbfad68ee37a87f4f9ea803b6cf
002e257d2732c4485c5e3a276d1f99f6494673c81a745e7cd98b047a144f6ae0,NC,Time for Kids,,ELA,Supplemental,1,c9e8b0bf6f5e81e73cf1cf8c631411d3a7b826fcd928ee7fef4aa04fe10b23b7,2023-2024,missing,c9e8b0bf6f5e81e73cf1cf8c631411d3a7b826fcd928ee7fef4aa04fe10b23b7
00489c80497ff6df5efe74ccc957a4c0af88445d945f020f416e9760b6db09b9,NC,PBS LEARNING MEDIA,,ELA,Supplemental,9,452546e1a33efb95b043b2aa58ade114cf50e6f526cec00e1d4eb55564f93f9d,2023-2024,missing,452546e1a33efb95b043b2aa58ade114cf50e6f526cec00e1d4eb55564f93f9d
0051e214f4de92ee0be4982ccc6ec4bfc6e72fc54f2562e98e5afce18522e49c,NC,Storyline,,ELA,Supplemental,5,ec801001178082071d12fa367bfddf101cac96b9c07ef6a979e3672025317ef6,2023-2024,missing,ec801001178082071d12fa367bfddf101cac96b9c07ef6a979e3672025317ef6
005a02761bf1f7c08a04d6cafafa1011b704b3e343a480d8bea49ccdf82c968d,NC,Wonders,,ELA,Supplemental,2,24e853362df539c970399d60a8d2a72b635e2ed8b7e66660f237336ba623b493,2023-2024,missing,24e853362df539c970399d60a8d2a72b635e2ed8b7e66660f237336ba623b493
0039043b01ba974a0b401dc34ad399e88daad40a322c7f623cec353bcc5d3a8e,NC,i-Ready,Curriculum Associates,ELA,Supplemental,6,938eeb820d597c9f049fe4d48ec94efb92d40901e5ef96207afec8bde462347a,2024-2025,present,938eeb820d597c9f049fe4d48ec94efb92d40901e5ef96207afec8bde462347a
00314dbc08604556b970bcb29e26e7e744f0cd19c80ae3f3d66e0c134e26974c,ND,Zaner-Bloser Resources,,ELA,Supplemental,NI,2e8acdefddd9fa811b3953e5bf13034a881f7c22545d53a4184efaf4444b192c,2023-2024,missing,2e8acdefddd9fa811b3953e5bf13034a881f7c22545d53a4184efaf4444b192c
002b2067c6596f8c9c68b76a68d228b86669e899bb45194625e3654fdc3e9363,NE,Storyline Online,,ELA,Supplemental,7,ec801001178082071d12fa367bfddf101cac96b9c07ef6a979e3672025317ef6,2023-2024,missing,ec801001178082071d12fa367bfddf101cac96b9c07ef6a979e3672025317ef6
00d27fbd2b6a80f237ee998142879e8f046a8bc914914d591223c97128419c98,NE,World Book,,ELA,Supplemental,NI,2e99a0f3641fd21011060de5e1ce6af848fb14d5b39c19156214f0b7d1785ec6,2024-2025,missing,2e99a0f3641fd21011060de5e1ce6af848fb14d5b39c19156214f0b7d1785ec6
002e311686abd58c30eff44110eba2673d302d7dd8f27fe9a79c3be62cec0d9a,NH,ABCya,,ELA,Supplemental,4,9d00bea96d97c032358e5382b8d8adaee61756b2a5393e8d3c7a11c2d1fd2a37,2024-2025,missing,9d00bea96d97c032358e5382b8d8adaee61756b2a5393e8d3c7a11c2d1fd2a37
00694892064f54126396b250a3616d3636670bd51379425c80a3f690eb5fc745,NH,Follett Destiny,,ELA,Supplemental,9,23fe88a0e95b773d522b70d467dfafbb0072a709ba6407caf992434ba5ba6740,2023-2024,missing,23fe88a0e95b773d522b70d467dfafbb0072a709ba6407caf992434ba5ba6740
008515b73fabbc2932cfc6be1a9df82bfe74201e0ea18b7b680a65076a44d376,NH,ABCmouse,,ELA,Supplemental,2,f15841ec76226037c2b3848be0ace17da9b62db0e32fce4539786b9f5ec2adeb,2024-2025,missing,f15841ec76226037c2b3848be0ace17da9b62db0e32fce4539786b9f5ec2adeb
000c2831b95d76964d94eddcc6ace3a31d4e997b7f000e871de70629ee0b3a9c,NJ,Lexia PowerUp,,ELA,Supplemental,11,5fb10758249670e6952d5f6ce2be127c3d9e0ce34c4fa86b96769758cbf60b33,2023-2024,missing,5fb10758249670e6952d5f6ce2be127c3d9e0ce34c4fa86b96769758cbf60b33
0017887b4b7258321f65fcd07e18da32c047c4dfce86a54e6a0d485169852f65,NJ,Khan Academy,,ELA,Supplemental,3,a20c6e858728ba2ab05e619880badae8bfa65d419a0ac636bc3abfae85b12891,2024-2025,missing,a20c6e858728ba2ab05e619880badae8bfa65d419a0ac636bc3abfae85b12891
003c7c675f5dd3f5a1e3d980322965ef78b7a5a6af005de5a3d9e376312af358,NJ,Newsela,,ELA,Supplemental,9,ca5d8c9beb2421ecd126976b763ce823292f6138bd941d6894d60c2e67d8a62d,2023-2024,missing,ca5d8c9beb2421ecd126976b763ce823292f6138bd941d6894d60c2e67d8a62d
004bbb3782f3a96dfb72daf78c05bd057a327ee2bf01ce6e6b04030724173c24,NJ,Infobase,,ELA,Supplemental,12,356161357c333b2f284e8a7a2d469342133bc7eca5ae3b09e438b14284d957b8,2024-2025,missing,356161357c333b2f284e8a7a2d469342133bc7eca5ae3b09e438b14284d957b8
006b3de232a3a1dd5b85717cd8d68c1ad1e0300b7dbd19cf83c210d6daff7525,NJ,ActivelyLearn,,ELA,Supplemental,8,e60afd32f330f91b7716b889d4a069d97b98438e986699793c60890c6d9f8b55,2023-2024,missing,e60afd32f330f91b7716b889d4a069d97b98438e986699793c60890c6d9f8b55
007210d519257a49693b608ba26452c041080b85da6aa7e284a23ee945bd92a8,NJ,Lexia power up,,ELA,Supplemental,7,5fb10758249670e6952d5f6ce2be127c3d9e0ce34c4fa86b96769758cbf60b33,2024-2025,missing,5fb10758249670e6952d5f6ce2be127c3d9e0ce34c4fa86b96769758cbf60b33
00947647e46ed5bfab81c3712092b1eaaa0064be84af258d01fff8d875169798,NJ,Edutopia,,ELA,Supplemental,7,812d6369141723596aa39b081fe07a8591ce438a4d406b677e4d66b770827eca,2023-2024,missing,812d6369141723596aa39b081fe07a8591ce438a4d406b677e4d66b770827eca
0039e6d6ea6544a13e69cd0325dd6900806f11a222e151f940fa655ea711c1fa,NJ,Khan Academy: ELA,Khan Academy,ELA,Supplemental,NI,a20c6e858728ba2ab05e619880badae8bfa65d419a0ac636bc3abfae85b12891,2024-2025,present,a20c6e858728ba2ab05e619880badae8bfa65d419a0ac636bc3abfae85b12891
00a45d6a5d80013e13ec9c2b32d50944f92b61c7e51f70a795c938ed991c2e7a,NJ,Epic,Epic!,ELA,Supplemental,5,ba498f0d215f5b9fc0db5424bdd43b87c9e378a42c4c48c50727f6717e2fe288,2024-2025,present,ba498f0d215f5b9fc0db5424bdd43b87c9e378a42c4c48c50727f6717e2fe288
00516c2a2c484f1321ab829a856ab5477947baa8a0c30c5447d7dc62f85260af,NM,AVID,,ELA,Supplemental,11,d7b34d5c36d175b1a443f2932b45e3db0a5281fdfa09fb2c2365d24753f2ca52,2024-2025,missing,d7b34d5c36d175b1a443f2932b45e3db0a5281fdfa09fb2c2365d24753f2ca52
00b847ce611db72afaf5ac43aa3322abc887e8e75117b7cedbe643fc5ab872a4,NM,Khan Academy,,ELA,Supplemental,9,a20c6e858728ba2ab05e619880badae8bfa65d419a0ac636bc3abfae85b12891,2024-2025,missing,a20c6e858728ba2ab05e619880badae8bfa65d419a0ac636bc3abfae85b12891
00b8fd8413980e13efd1d040ae38ebfbb8d8ac718004616435d49838b4c2f055,NM,National Geographic Kids,,ELA,Supplemental,K,83fbe13be6db959682f6994408150c3b9390423a790dc756023b52093f9a0c00,2024-2025,missing,83fbe13be6db959682f6994408150c3b9390423a790dc756023b52093f9a0c00
000ba8de9edf5dbd5aa97bb2fc36b11a0fe93935ded8aa0b1b1768bf464e8363,NM,Breakout EDU,Breakout EDU,ELA,Supplemental,2,cd44204bb9f9ddfe43bfd0a02355f47c30d0ca90052b5dc0a105294a08dd4916,2023-2024,present,cd44204bb9f9ddfe43bfd0a02355f47c30d0ca90052b5dc0a105294a08dd4916
0027c8b829022527ec81780358792c22c88be4d121ce690a99837995df428259,NV,Brain Pop,,ELA,Supplemental,9,1e8f0912b778ed1cd2558dc12b1fce318621bca8a8d0ec81e255976fc5c69d4f,2023-2024,missing,1e8f0912b778ed1cd2558dc12b1fce318621bca8a8d0ec81e255976fc5c69d4f
002042d729ba508e0c2665e808ee52092fa07eff65e3daae0a61c6c7e71b299e,NY,Raz-kids,,ELA,Supplemental,2,48bf52e4216b58b9b2f698c128378c8f4ba2f662821486f84b962a73ebc36d78,2023-2024,missing,48bf52e4216b58b9b2f698c128378c8f4ba2f662821486f84b962a73ebc36d78
00246d3692cd87ef894943708b302192e93513913d4b44eceb75a1a8c70f900e,NY,PBS Kids,,ELA,Supplemental,NI,0e6561e68a8ee421aa50d33c452d52ffea74d25a8937aeb0da7afeb1a4f4f560,2024-2025,missing,0e6561e68a8ee421aa50d33c452d52ffea74d25a8937aeb0da7afeb1a4f4f560
008b6c8fa2bf47dcf256a666e551934b5a409623a44e8a40298574ef44a24489,NY,Pear Deck: ELA,Pear Deck Learning,ELA,Supplemental,2,6cadbfeba88c8e77ea6fa4d1a5e28a58bf928dd6c2e82006cbc84e625b7f3010,2024-2025,present,6cadbfeba88c8e77ea6fa4d1a5e28a58bf928dd6c2e82006cbc84e625b7f3010
0013520425bcf6df26b08563188cb62ad77e78573c9050b8ad614cd599befb12,OH,Common Lit,,ELA,Supplemental,1,fcb69992a6d0f0eb96f3ad05534fd1e4848cabbfad68ee37a87f4f9ea803b6cf,2024-2025,missing,fcb69992a6d0f0eb96f3ad05534fd1e4848cabbfad68ee37a87f4f9ea803b6cf
002bd932a79a474f9d1e26967c5396bab4e431a56f657bf66e123bb80d8d0d1d,OH,Boom Cards,,ELA,Supplemental,2,2a30c64cc975a7ac5bc5437c0872431534ac8686b04d921aa5afe3c0815e0bbf,2024-2025,missing,2a30c64cc975a7ac5bc5437c0872431534ac8686b04d921aa5afe3c0815e0bbf
009621e9edd55a2ee260aeb78678d6e7e46674c08fc30c50764d14d350a57803,OH,BrainPOP,BrainPOP,ELA,Supplemental,5,1e8f0912b778ed1cd2558dc12b1fce318621bca8a8d0ec81e255976fc5c69d4f,2024-2025,present,1e8f0912b778ed1cd2558dc12b1fce318621bca8a8d0ec81e255976fc5c69d4f
002744a50e5eb8fb8aadd31f4fd582d2061bb0d617f51214b5ca95d6ddcd5b3f,OK,Commonlit,,ELA,Supplemental,10,fcb69992a6d0f0eb96f3ad05534fd1e4848cabbfad68ee37a87f4f9ea803b6cf,2023-2024,missing,fcb69992a6d0f0eb96f3ad05534fd1e4848cabbfad68ee37a87f4f9ea803b6cf
005248817e3beae9f125ff222a54c1c1b185d0333af634c28e55c3c407c89143,OK,Imagine Language,,ELA,Supplemental,2,f0c7ff4383cc8a1d1b478079be24d5705c6dc7acb7297c2c8059d6648854efc7,2024-2025,missing,f0c7ff4383cc8a1d1b478079be24d5705c6dc7acb7297c2c8059d6648854efc7
0048ee1584737beb03d104b0b3aa428197a6d6cf89b60f9754b53ec5d69b8c0a,OK,Read 180,Read 180,ELA,Supplemental,K,5895064eb747df3b238600e72d418a2eed6395219bbde59421e99fa54109ee7a,2023-2024,present,5895064eb747df3b238600e72d418a2eed6395219bbde59421e99fa54109ee7a
01eabfd133518e1e19ce71bcd1f824d60e6876ffbdb618d67ffc0c57de602f83,OR,Learn360,,ELA,Supplemental,7,356161357c333b2f284e8a7a2d469342133bc7eca5ae3b09e438b14284d957b8,2024-2025,missing,356161357c333b2f284e8a7a2d469342133bc7eca5ae3b09e438b14284d957b8
004ddd74f91df72f29e14e9f70918ad86b4cf52e6ee64a2273f92650c13af06f,OR,myON,Renaissance,ELA,Supplemental,1,01976df9386359c84d1cb23c097521695df218d016a7a64c4fcfd58457da7ce7,2023-2024,present,01976df9386359c84d1cb23c097521695df218d016a7a64c4fcfd58457da7ce7
002edf32008a31d279851ffba693feb50a9ce89f10890dfa6e15623101885a13,PA,Newsela,,ELA,Supplemental,9,ca5d8c9beb2421ecd126976b763ce823292f6138bd941d6894d60c2e67d8a62d,2023-2024,missing,ca5d8c9beb2421ecd126976b763ce823292f6138bd941d6894d60c2e67d8a62d
0037d391dada592db6a4cfc9e5bad61c8ec4160ae61dc11ec008b3142d896863,PA,Epic! Unlimited Books for Kids,,ELA,Supplemental,7,ba498f0d215f5b9fc0db5424bdd43b87c9e378a42c4c48c50727f6717e2fe288,2023-2024,missing,ba498f0d215f5b9fc0db5424bdd43b87c9e378a42c4c48c50727f6717e2fe288
01af27a94a022f56cfb7c787bf6e86749ea7944c8a9da3f2969bfc54ae0d90a1,PA,PBS Kids,PBS,ELA,Supplemental,2,0e6561e68a8ee421aa50d33c452d52ffea74d25a8937aeb0da7afeb1a4f4f560,2024-2025,present,0e6561e68a8ee421aa50d33c452d52ffea74d25a8937aeb0da7afeb1a4f4f560
00ad37a6c8d6ecdac21d50cd24b8b32d839c626c4bd58d2aefee8a8e5120eb68,RI,Kids Discover,,ELA,Supplemental,2,b2f3492748c4b6350007545d3d7d16029169952adcc7e22a05529c0ad5c8fd66,2024-2025,missing,b2f3492748c4b6350007545d3d7d16029169952adcc7e22a05529c0ad5c8fd66
0096108e19baa97f766de92a853c8308cdc9558e6a5544a6b4ad86b6e8b1eb04,RI,Read Naturally,Read Naturally,ELA,Supplemental,4,995fe21d7c2665df56bf863dc5dd194b81c75a217df9a57c314ade372c417237,2023-2024,present,995fe21d7c2665df56bf863dc5dd194b81c75a217df9a57c314ade372c417237
001cc7d1a356d7825e4e53aea2d5c8dbed4c8ffe22b84574a0239b2d78e0decf,SC,WeVideo,,ELA,Supplemental,4,f8146a5a6d0f62dd10244166680d86415ee8e45c30c27401f162d5590fcce908,2023-2024,missing,f8146a5a6d0f62dd10244166680d86415ee8e45c30c27401f162d5590fcce908
0037b5922b4c88e18e4805ed704e39b8f10cd074c2a527f6ab5244ef88539de7,SC,HMH Read 180,,ELA,Supplemental,9,5895064eb747df3b238600e72d418a2eed6395219bbde59421e99fa54109ee7a,2023-2024,missing,5895064eb747df3b238600e72d418a2eed6395219bbde59421e99fa54109ee7a
005c18c7c2738816cdaa65c84c95cb7c320da6ced1ce515ba3aef9d467b62ace,SC,USA Testprep,,ELA,Supplemental,5,41c18110255efbf407217111f8f817049b8ab777a393e817e075939f5c73f679,2023-2024,missing,41c18110255efbf407217111f8f817049b8ab777a393e817e075939f5c73f679
00f0a114615d836ee122d881c3b7ed8418b77c2b6dd69b3f29cd0c8c994dbf64,SC,Reading A-Z (RAZ) through Learning A-Z,,ELA,Supplemental,1,1e5baf53e09e52220510d90e40c7469104ea63281b5465359bdb1f0c57508cc2,2023-2024,missing,1e5baf53e09e52220510d90e40c7469104ea63281b5465359bdb1f0c57508cc2
006715f1036b3987ac466c752ded5780cba346dbf57a186132023bdc22e1fe6d,SC,Bookflix,Scholastic,ELA,Supplemental,8,896211a4ebe8085ebf2303efd19b62880b9337d54ecbc0fde124af5f58b8b906,2024-2025,present,896211a4ebe8085ebf2303efd19b62880b9337d54ecbc0fde124af5f58b8b906
0028546df7523fda93f99cdcc289a740cf53e9db8c090f00d604db44356e1c3e,TN,Geodes,,ELA,Supplemental,2,717d7b86ff72a729a93bd58bc5c0a542dafee883e08471804d76650af1d1cdfd,2024-2025,missing,717d7b86ff72a729a93bd58bc5c0a542dafee883e08471804d76650af1d1cdfd
002c72b8283c5c44c6d09bf9556397d6891518617d066fe07c6bdbcd007f4c62,TN,Achieve3000,Achieve3000 (McGraw Hill Education) - (K-12),ELA,Supplemental,6,c221bcee3e520fefdbca5d26baf9eb3aed11a411988a1e09585105e35efe801a,2023-2024,present,c221bcee3e520fefdbca5d26baf9eb3aed11a411988a1e09585105e35efe801a
00f7263d4bdfca0e56f91752784699700e5d45468ea62eba29e8f49b8379cf95,TN,i-Ready,i-Ready - (K-8),ELA,Supplemental,4,4070ed016529cbe0d5fbe3ea96290b23411fd7c9d43c49f5025aa408c2b24e1c,2023-2024,present,4070ed016529cbe0d5fbe3ea96290b23411fd7c9d43c49f5025aa408c2b24e1c
005ca14d1393cb17dd3117b8619d50268eebcd51b687ccead21101c58902ab2e,TX,Discovery Education,,ELA,Supplemental,3,ccf3647357dd4fa8351ed337dac41ea6babc6a01e1fdbaab64ecf0914a090e91,2023-2024,missing,ccf3647357dd4fa8351ed337dac41ea6babc6a01e1fdbaab64ecf0914a090e91
0062391d1f32df6f8f1ea1abf458656d8958eeb74e401e7924165d5716aa65b3,TX,Britannica,,ELA,Supplemental,11,1941dbbd02e12e39dae4dde84afc8bb25cb964b6d45afbbd53b252b7b7b745f0,2023-2024,missing,1941dbbd02e12e39dae4dde84afc8bb25cb964b6d45afbbd53b252b7b7b745f0
006faec2f8294986e072955ae0d777bb47d9075212b9f22da15cafbdea8d071c,TX,Kidzone,,ELA,Supplemental,6,82b083f6f01346240f442c6630a06e8bc0a88d7d565125ed18d66e64a6c6a2e0,2023-2024,missing,82b083f6f01346240f442c6630a06e8bc0a88d7d565125ed18d66e64a6c6a2e0
00938859601beb25ab0ecaeffa504331ee1c7d5c61be7a7bb12327dd9b98481f,TX,Lexia Core 5,,ELA,Supplemental,1,d499119780cdb98b9b6a2a91f1bab8d6286296d5d83c487c7dfe9e970680c2d5,2023-2024,missing,d499119780cdb98b9b6a2a91f1bab8d6286296d5d83c487c7dfe9e970680c2d5
0096e776ccca049e92924f78c3d0df2ded53c3eac4711ec17a314018791d4ae0,TX,Comprehension Toolkit,,ELA,Supplemental,8,bb2c2344bb42ca90c62f3bbb9bedb97482852df8c1931b813574ffe3b66ad738,2023-2024,missing,bb2c2344bb42ca90c62f3bbb9bedb97482852df8c1931b813574ffe3b66ad738
0099b87be2548be99bca3a9d43c5f1d60b70f6504b4b2834e5d3751f48484638,TX,YouTube Learning,,ELA,Supplemental,2,d65b8cf4915cd261d68f66ba917fb69e2c6160157f28a0885d02512fb8340f74,2023-2024,missing,d65b8cf4915cd261d68f66ba917fb69e2c6160157f28a0885d02512fb8340f74
00a73ce640812d6454e3088ff4ead5844e917a70ca012357813ef897d0a7ba72,TX,NoRedInk,,ELA,Supplemental,6,6eb217054d6070e1021088dfb523a9f285d8278edae92702e369806502ef1984,2023-2024,missing,6eb217054d6070e1021088dfb523a9f285d8278edae92702e369806502ef1984
00a7a6f1dd91ba66c60cd977ab50d4fcf2714cbff4cc79672b8c68cd8c39f66c,TX,PBS,,ELA,Supplemental,9,452546e1a33efb95b043b2aa58ade114cf50e6f526cec00e1d4eb55564f93f9d,2023-2024,missing,452546e1a33efb95b043b2aa58ade114cf50e6f526cec00e1d4eb55564f93f9d
00b74a923ae827d238b3190567c7e95db3466eaaffc7b3c8c4056a0e7bed54e6,TX,IStation,,ELA,Supplemental,8,cccee71f498f094b74ede69f9b15b75bb4720919f075cff7998f60a8afb5f4d8,2023-2024,missing,cccee71f498f094b74ede69f9b15b75bb4720919f075cff7998f60a8afb5f4d8
004c5f77fb8d0c5b27d8b7c9e00424bdd30735317691af6b3395310f65b212fd,TX,System 44,Houghton Mifflin Harcourt,ELA,Supplemental,NI,fbc8a90e9b22316c2b1ee1175410bf6e04e25b7e49d6559a6476b70a26f8e5e4,2023-2024,present,fbc8a90e9b22316c2b1ee1175410bf6e04e25b7e49d6559a6476b70a26f8e5e4
001e0f71cb7739f5ba073801ed51313aeb7dfe23395badb454a2bad49164785b,UT,Acadience,,ELA,Supplemental,1,1bd4d211015bee75c8dab7bbc6439ef1c3d8a5df5fb696e7b349351f8683006b,2024-2025,missing,1bd4d211015bee75c8dab7bbc6439ef1c3d8a5df5fb696e7b349351f8683006b
0021c6f62adb94e48aea02ec9e74009e15d7d53084f054bded96f422aac145cf,UT,Wonders,,ELA,Supplemental,NI,371fb164889157519feb76adb751b9fc28b92e1965ad8b8471d4d0f7595da840,2023-2024,missing,371fb164889157519feb76adb751b9fc28b92e1965ad8b8471d4d0f7595da840
0022180447172611825d41402fccdbf97e0c411e75bc58aa7b06ade90d50c63e,UT,Membean,,ELA,Supplemental,7,a266c2ec25a6e7d5bb5c5fef708d3f724a56009cd073d03c95267c599d5b8859,2023-2024,missing,a266c2ec25a6e7d5bb5c5fef708d3f724a56009cd073d03c95267c599d5b8859
0033ef97280c69d701583fe9b552f236a7be477234757865206eec4dff745ec4,UT,Khan Academy,,ELA,Supplemental,2,a20c6e858728ba2ab05e619880badae8bfa65d419a0ac636bc3abfae85b12891,2023-2024,missing,a20c6e858728ba2ab05e619880badae8bfa65d419a0ac636bc3abfae85b12891
0047d4cd5504c808f18fd2c75b74956fa78bd7ee7ee02257fa121b9d07b977d6,UT,Newsela,,ELA,Supplemental,12,ca5d8c9beb2421ecd126976b763ce823292f6138bd941d6894d60c2e67d8a62d,2024-2025,missing,ca5d8c9beb2421ecd126976b763ce823292f6138bd941d6894d60c2e67d8a62d
00630b73e4fce459861da8f244521705de99cf32ca30b1af3f9369da4ea33595,UT,Langauage Live!,,ELA,Supplemental,11,e266410f6a43774c64e4d3b53d0d2c9b676b6eca41e68b5c37f1ab9ab47ee84f,2024-2025,missing,e266410f6a43774c64e4d3b53d0d2c9b676b6eca41e68b5c37f1ab9ab47ee84f
0007045c3bcd0b28819156d04f0c68994a40afbafe6a97f1126162b520428451,VA,Follett - Library Catalog,,ELA,Supplemental,K,23fe88a0e95b773d522b70d467dfafbb0072a709ba6407caf992434ba5ba6740,2023-2024,missing,23fe88a0e95b773d522b70d467dfafbb0072a709ba6407caf992434ba5ba6740
003a42c9fd6f957ab6c31214274d61d4cdb91347bc86af2a547a33558c935cb5,VA,Imagine Learning,,ELA,Supplemental,4,f0c7ff4383cc8a1d1b478079be24d5705c6dc7acb7297c2c8059d6648854efc7,2024-2025,missing,f0c7ff4383cc8a1d1b478079be24d5705c6dc7acb7297c2c8059d6648854efc7
00a26a725659043865296511a05041c6532d7f9e8e3942f8282dfc61cbf04e1a,VA,Discovery Education,,ELA,Supplemental,NI,ccf3647357dd4fa8351ed337dac41ea6babc6a01e1fdbaab64ecf0914a090e91,2024-2025,missing,ccf3647357dd4fa8351ed337dac41ea6babc6a01e1fdbaab64ecf0914a090e91
004efbd66979c4f89483fdb5015ce6e86877ff57a7266f415d6302444e667417,VA,NoRedInk,NoRedInk,ELA,Supplemental,6,6eb217054d6070e1021088dfb523a9f285d8278edae92702e369806502ef1984,2023-2024,present,6eb217054d6070e1021088dfb523a9f285d8278edae92702e369806502ef1984
004f6865472555898bfa64c43f041a8a30c2c3f7d46ab853810896ffa2d7a5be,VA,Starfall,Starfall Education Foundation,ELA,Supplemental,K,15f41023216af3aa49639589356f78eef38328a6c30ad3cf341d818cfa18ec49,2023-2024,present,15f41023216af3aa49639589356f78eef38328a6c30ad3cf341d818cfa18ec49
005d39fce0636fdb94be02dab938794441c899b928ed9cca4eebc5d692aeacbe,VA,Flip,Microsoft,ELA,Supplemental,3,228f9cc383c7778950128a5a9e7759828a10a07ffd23d343095cf3fc8739a0be,2024-2025,present,228f9cc383c7778950128a5a9e7759828a10a07ffd23d343095cf3fc8739a0be
00609e91a372d4ca54c665fc7685e925018c80a5add68ff35791879db6ecb19c,VA,CommonLit,CommonLit,ELA,Supplemental,K,fcb69992a6d0f0eb96f3ad05534fd1e4848cabbfad68ee37a87f4f9ea803b6cf,2023-2024,present,fcb69992a6d0f0eb96f3ad05534fd1e4848cabbfad68ee37a87f4f9ea803b6cf
006ed1e07627ac4ae7418ad16cc145e2d5cb27226fc1a60add500edefbec7857,VA,Desmos Four Function Calculator,Desmos,ELA,Supplemental,11,8be2548fa7a5ffcb2c7a9bdc766f989764bbbd5beedf67d3234bd339ab010bac,2024-2025,present,8be2548fa7a5ffcb2c7a9bdc766f989764bbbd5beedf67d3234bd339ab010bac
004f3873b55a26e260cc78160f74cf2c9b3744f2ac4d19845ed4ad3053a32203,WA,Imagine Learning - Language and Literacy,,ELA,Supplemental,5,f0c7ff4383cc8a1d1b478079be24d5705c6dc7acb7297c2c8059d6648854efc7,2023-2024,missing,f0c7ff4383cc8a1d1b478079be24d5705c6dc7acb7297c2c8059d6648854efc7
005e4067714768fe3bfb7305ec245a7bdb2bbec26e1996d7a05192ac55f8bd1d,WA,Imagine Learning,,ELA,Supplemental,12,f0c7ff4383cc8a1d1b478079be24d5705c6dc7acb7297c2c8059d6648854efc7,2023-2024,missing,f0c7ff4383cc8a1d1b478079be24d5705c6dc7acb7297c2c8059d6648854efc7
00b65842b10d0f898027921b73f43377bbba0ffe91ff22ea6982d27598a00f96,WA,Gale Resources,,ELA,Supplemental,K,043608b2002c12b10bd0b210537ae5072c5eb05235f1232d9ced87592356a809,2023-2024,missing,043608b2002c12b10bd0b210537ae5072c5eb05235f1232d9ced87592356a809
00950934c6bb5c5ac0af99fe3fb631a142fbaa2c6daf580307895b9eaef17f97,WA,Actively Learn,Actively Learn,ELA,Supplemental,8,e60afd32f330f91b7716b889d4a069d97b98438e986699793c60890c6d9f8b55,2023-2024,present,e60afd32f330f91b7716b889d4a069d97b98438e986699793c60890c6d9f8b55
000165c77aebf555111dd448771fff1a8fe4f2105aad2c645bc59c02da1ff730,WI,Lightbox Learning,,ELA,Supplemental,4,610bf75aa0a3767ada84105aeb90ef2eb1c40d7391605e4e73fc55caff09c603,2024-2025,missing,610bf75aa0a3767ada84105aeb90ef2eb1c40d7391605e4e73fc55caff09c603
0006086a522126b8d017cc012e8e52b2133c3c1622c9d173b9cd80bdd752274a,WI,Flocabulary,,ELA,Supplemental,11,eb6f33af14cc1b365fcd2a856c9a116f6081d722d8a593e084b605d7872f1113,2023-2024,missing,eb6f33af14cc1b365fcd2a856c9a116f6081d722d8a593e084b605d7872f1113
0152c1740160b0e711ce77ce544a333db909ae93b8a293330c7f970b538a00b2,AK,ALEKS,,Math,Supplemental,9,8788316b911b89e177b2099398872b77833e02a4b0ccd96fa6aaf1a44f35f058,2023-2024,missing,8788316b911b89e177b2099398872b77833e02a4b0ccd96fa6aaf1a44f35f058
002e775d94055b263f2904584d3beb90dacb04fb707c565b48c5c90a01deac3b,AL,CK-12,,Math,Supplemental,7,7de47665f17c93c305eb7a7d35d0532c9e93fe78ce564705625774a6bd12182b,2023-2024,missing,7de47665f17c93c305eb7a7d35d0532c9e93fe78ce564705625774a6bd12182b
00ca46d4c6414099fd79e98202c895dde9c34587de5f5e74e4215e9f6c132e73,AL,Brainpop Jr,,Math,Supplemental,7,344ae96dffcaca20272b6cf940edaef9de8d73b758046cd439937b28eaac2e83,2023-2024,missing,344ae96dffcaca20272b6cf940edaef9de8d73b758046cd439937b28eaac2e83
0003e222fe61a1576a5b1fae66410f631e2722ceff3c8b2eb84486d645d109e6,AR,Math Playground,,Math,Supplemental,5,72723793d71a08ae30d4fa1a2bea83703dff437b14f084dadc44f40d58efc5e5,2024-2025,missing,72723793d71a08ae30d4fa1a2bea83703dff437b14f084dadc44f40d58efc5e5
000aa870952be1e31ba6c709dfb8ad6dbec34f6b798ba8f0b663a5b6ff5658bf,AZ,Math is Fun,,Math,Supplemental,2,a799b32e7b327546c16ad9beb29b1f5a959724e3b971df9ebafa7ccf3f521527,2024-2025,missing,a799b32e7b327546c16ad9beb29b1f5a959724e3b971df9ebafa7ccf3f521527
003b1affb37544a5f257a314c810b229e6b2ef6ffad2a2ad4069138b459cc7df,AZ,Rocket Math,,Math,Supplemental,6,63a3f4653ba0f1cced820055849f6aa291ed62efb7ceed0229bf2a6899db23d2,2024-2025,missing,63a3f4653ba0f1cced820055849f6aa291ed62efb7ceed0229bf2a6899db23d2
004dda0504a196514e9975beba622b283a3b3b24656acfec95372d432ba0ae8c,AZ,Edgenuity,,Math,Supplemental,12,4e112e1b917e5c343ec0adff0c6f6e9283ce3b086bd426146fead85004090796,2023-2024,missing,4e112e1b917e5c343ec0adff0c6f6e9283ce3b086bd426146fead85004090796
004ddbd2c22d7bc4e1947d84727e23df8152b1c86f2fcfa7eedc930c6e1e5690,AZ,Legends of Learning,,Math,Supplemental,8,ebb960a2b9f25be8489bc81833dc750e48a2cf7b1312c43d24c5fcebc540a544,2024-2025,missing,ebb960a2b9f25be8489bc81833dc750e48a2cf7b1312c43d24c5fcebc540a544
0013cac8ec66b059ff058e6274a28aa248233b894e97e2eb1267117a79da3860,AZ,LearnZillion,Imagine Learning,Math,Supplemental,11,b13423955a112533735cedfdf62dc64ab4e02389722ae794251ecfff0daabb99,2023-2024,present,b13423955a112533735cedfdf62dc64ab4e02389722ae794251ecfff0daabb99
00264431f96381fe556de79d55f83e0e4abee274cf027b3de247b67863b79b33,AZ,DreamBox: Math,Discovery Education,Math,Supplemental,9,a73f0a71bb33426e1b53712f8b3bf6b260a40509aec364faed483f8e6e09a064,2024-2025,present,a73f0a71bb33426e1b53712f8b3bf6b260a40509aec364faed483f8e6e09a064
0001069811e1950810410a00376c7d89934f68b8b3be1cacdeb303bb52506d93,CA,Collegeboard,,Math,Supplemental,12,41c0a4b3ef4da859ce7ce5cdf36db0257d37dfe5b4e8fe1f60e76931584bdcf0,2023-2024,missing,41c0a4b3ef4da859ce7ce5cdf36db0257d37dfe5b4e8fe1f60e76931584bdcf0
001042578aa8fb94d6fe6e858270a69bd842a930f37f346a39e1c0a871a8c634,CA,Ascend Math,,Math,Supplemental,1,924385975fe9453abceb174a4590f1b2f8e36bfaafc1df892d9ca1b65ebcb152,2024-2025,missing,924385975fe9453abceb174a4590f1b2f8e36bfaafc1df892d9ca1b65ebcb152
001736072b52af4f67f832f99e1bc058ca613cdda7f2c9edf516545217c76c84,CA,Desmos,,Math,Supplemental,10,8be2548fa7a5ffcb2c7a9bdc766f989764bbbd5beedf67d3234bd339ab010bac,2023-2024,missing,8be2548fa7a5ffcb2c7a9bdc766f989764bbbd5beedf67d3234bd339ab010bac
001ab45726002d5c243b5823f6b38edfe9cda4119220acbfd74f86c7f36b4e29,CA,Study Island,,Math,Supplemental,9,5f537379b969f8a0e07073e1c6be8bee2845840d1211554a60bf761646a76649,2023-2024,missing,5f537379b969f8a0e07073e1c6be8bee2845840d1211554a60bf761646a76649
001b3f15e27b046232e18a3536530871887fbd6023e914aa11c80551e6b7c1b3,CA,Cool Math Games,,Math,Supplemental,9,a08a6ebb6eaedbbfeb3efc9db9109b51893a413c441e1f1f8416e3b1b6164ce5,2024-2025,missing,a08a6ebb6eaedbbfeb3efc9db9109b51893a413c441e1f1f8416e3b1b6164ce5
0021008da05df1272003f1fad22afca3cbf156dfa895047b18dd8948754dfc55,CA,Prodigy,,Math,Supplemental,4,78adad17f49839bbf18297de31fcc6f904f3e1fbee67c1dd1ac95ed7c24b5e72,2023-2024,missing,78adad17f49839bbf18297de31fcc6f904f3e1fbee67c1dd1ac95ed7c24b5e72
0022eba014c9b1d9fde7a4867f987d6d0c8d047c27c968116a4d212ce9c6a153,CA,Edgenuity-online,,Math,Supplemental,9,4e112e1b917e5c343ec0adff0c6f6e9283ce3b086bd426146fead85004090796,2023-2024,missing,4e112e1b917e5c343ec0adff0c6f6e9283ce3b086bd426146fead85004090796
00240dd0751a23ccdada9ea6081ebc6284245cc9ef809b5d772fa8fcacef3c7f,CA,CultureGrams,,Math,Supplemental,3,0f12835f73e453c121f8314bc427b6d2b7df3f2bab7cd1b6ad36d30e01259557,2024-2025,missing,0f12835f73e453c121f8314bc427b6d2b7df3f2bab7cd1b6ad36d30e01259557
003a7991b7657ded5364b9b5bf34cc3f03f0ecfd5dadc2665de29f6e5dafa87e,CA,Khan Academy,,Math,Supplemental,2,a20c6e858728ba2ab05e619880badae8bfa65d419a0ac636bc3abfae85b12891,2023-2024,missing,a20c6e858728ba2ab05e619880badae8bfa65d419a0ac636bc3abfae85b12891
003be8530d3fde8bd93d882e6c7b4d9be7801846f3002cd6de63aed07a4c8118,CA,Khan Academy,,Math,Supplemental,3,a20c6e858728ba2ab05e619880badae8bfa65d419a0ac636bc3abfae85b12891,2023-2024,missing,a20c6e858728ba2ab05e619880badae8bfa65d419a0ac636bc3abfae85b12891
003c7fed069da843bf3e1cf3b462037d8724d3d51d7d4f3ec974ab257c0f50b4,CA,Mathletics,,Math,Supplemental,K,848d0c35fa22a29cd0cbea8f0febfcbcd1d73abad7e8fb40ab91bfc90c384fc3,2023-2024,missing,848d0c35fa22a29cd0cbea8f0febfcbcd1d73abad7e8fb40ab91bfc90c384fc3
00410c23128a183e0c4a41fd8711464878c644accc78d75174f1d80cfc737a90,CA,Khan Academy,,Math,Supplemental,5,a20c6e858728ba2ab05e619880badae8bfa65d419a0ac636bc3abfae85b12891,2023-2024,missing,a20c6e858728ba2ab05e619880badae8bfa65d419a0ac636bc3abfae85b12891
004fa33ff2b473ead58d883dcf209a84f0ea310c600cbb072e059f5ff21831b7,CA,ProQuest SIRS Discoverer,,Math,Supplemental,NI,f9cfbee04aef5441c2a365fa56d10159c3e22e62457c8263a97f00bdb1b07a70,2024-2025,missing,f9cfbee04aef5441c2a365fa56d10159c3e22e62457c8263a97f00bdb1b07a70
005162432f509a8530b7d1502adfeffd1b6ac9866bbac847d61f12a7d31ecaca,CA,Visual Patterns,,Math,Supplemental,8,54087cbb15ee063a3e649ba1868869e2b06e43ed77c9625d3983866b0553be0f,2024-2025,missing,54087cbb15ee063a3e649ba1868869e2b06e43ed77c9625d3983866b0553be0f
0053efd9bce8f887a4fb87539b284dd74f0f942ec655c0892d1583f605dc0f7c,CA,Enchanted Learning,,Math,Supplemental,NI,16f101358a26f8f9d4c17b933ac94de8fab448dd047d4506696f75318104946e,2023-2024,missing,16f101358a26f8f9d4c17b933ac94de8fab448dd047d4506696f75318104946e
005843dbb51d45a2298154f05e0e3d6a30b098b9e132215839b873c3a8448727,CA,SIRS Discoverer,,Math,Supplemental,8,08aa985f693e09393dd989971c25f5661f99341a3d87fa8f116f9f1920e70e5d,2023-2024,missing,08aa985f693e09393dd989971c25f5661f99341a3d87fa8f116f9f1920e70e5d
005c16fc4b8c9fecd47edfa06328a85676574d5dc6f3e1cb2e1259128455c67d,CA,Quizlet,,Math,Supplemental,5,4f036648f8d433ad384bc97448547061ea645b8a22afbba41b4345faf73cf6fe,2024-2025,missing,4f036648f8d433ad384bc97448547061ea645b8a22afbba41b4345faf73cf6fe
0060030b061463a190865482d30142815a1eb6edcc63268dbb53a7d617781760,CA,Zearn,,Math,Supplemental,2,40decdf570e89f690df296cc0f8dba4daddb63bfd631760eab9c835cca153e5f,2023-2024,missing,40decdf570e89f690df296cc0f8dba4daddb63bfd631760eab9c835cca153e5f
006e784f7a86757290d05c7d6634e76d185f054cbec2f3bcc4452e7512f54b80,CA,Youcubed,,Math,Supplemental,5,41a9ffc8aaadd78c14c5d81d7adf8298afde42d59f25ea79ed011b48752dc276,2023-2024,missing,41a9ffc8aaadd78c14c5d81d7adf8298afde42d59f25ea79ed011b48752dc276
0073f222aafd11707474b3aca1c1c5ead6c32c35518acb8da7126ed3e814091f,CA,IXL math,,Math,Supplemental,NI,b7fa2e4a434ea8b4a27ccca72480ad48d1113731f072a341e2cd7bb1fdd7c4ee,2023-2024,missing,b7fa2e4a434ea8b4a27ccca72480ad48d1113731f072a341e2cd7bb1fdd7c4ee
0078a898c3acaadb2567fc33c69af9d8243a2a613f30f3ec89ba22c6eb5920fb,CA,Khan Academy,,Math,Supplemental,9,a20c6e858728ba2ab05e619880badae8bfa65d419a0ac636bc3abfae85b12891,2024-2025,missing,a20c6e858728ba2ab05e619880badae8bfa65d419a0ac636bc3abfae85b12891
0003f7f4a8fbf8a291f5cfeb22d69cb287abe6dc35d6160696c924455eca2ae9,CA,SumDog: Math,SumDog,Math,Supplemental,4,9e0259e521d4a14ff37203c30360281ceb305d4faa10bf87ef4d816e00dd0227,2024-2025,present,9e0259e521d4a14ff37203c30360281ceb305d4faa10bf87ef4d816e00dd0227
00057fab82b58cbce9b71fd78caa31a56fc460f070fee8247fba983f1480fcd7,CA,enVision Mathematics,Savvas Learning Company,Math,Supplemental,1,0216d34fc401d2ca5b606b802a822b72eee4da62409bfad5537154f21c8357ae,2024-2025,present,0216d34fc401d2ca5b606b802a822b72eee4da62409bfad5537154f21c8357ae
0042216c7104a823f64578110c30b2cf605651c426fdce8b6635652061baaaae,CA,WeVideo,WeVideo,Math,Supplemental,8,f8146a5a6d0f62dd10244166680d86415ee8e45c30c27401f162d5590fcce908,2024-2025,present,f8146a5a6d0f62dd10244166680d86415ee8e45c30c27401f162d5590fcce908
0055fcbeda40d0820ecffc95581670146f2ba56aadb1f7babdc8afe5c0cfb5f2,CA,i-Ready: Math,Curriculum Associates,Math,Supplemental,3,b2c7bc90deef58130b850d9e6c9b3f86e5c69180706ad1aaeadcdff2b515ab3b,2024-2025,present,b2c7bc90deef58130b850d9e6c9b3f86e5c69180706ad1aaeadcdff2b515ab3b
017f8c55b2e44b7aa0ef48a08911d00c2d45b2416a3e0b65c02409185983f853,CO,IXL,,Math,Supplemental,12,b7fa2e4a434ea8b4a27ccca72480ad48d1113731f072a341e2cd7bb1fdd7c4ee,2023-2024,missing,b7fa2e4a434ea8b4a27ccca72480ad48d1113731f072a341e2cd7bb1fdd7c4ee
01b0098d49c391e9b9c0f35e29f9f13fa1490962902448789315c35b9c8c0965,CO,Boom Cards,,Math,Supplemental,1,2a30c64cc975a7ac5bc5437c0872431534ac8686b04d921aa5afe3c0815e0bbf,2024-2025,missing,2a30c64cc975a7ac5bc5437c0872431534ac8686b04d921aa5afe3c0815e0bbf
0038743f7c9c4d69c5fd1f500e5d64d60a83f9f84e09d621d00818ee49b19822,CT,Kahn Academy,,Math,Supplemental,2,a20c6e858728ba2ab05e619880badae8bfa65d419a0ac636bc3abfae85b12891,2023-2024,missing,a20c6e858728ba2ab05e619880badae8bfa65d419a0ac636bc3abfae85b12891
0000dc549cc0dc47aaa94401776058bbf467f92b956410432e51e254bdacac15,FL,Khan Academy Kids/  Khan Academy,,Math,Supplemental,1,a20c6e858728ba2ab05e619880badae8bfa65d419a0ac636bc3abfae85b12891,2024-2025,missing,a20c6e858728ba2ab05e619880badae8bfa65d419a0ac636bc3abfae85b12891
0012728649e7c8b266a7ab39799041f4308a4c3c23aebfc3f3864ec1d05d7bf7,FL,Quizizz,,Math,Supplemental,12,71be102632470ceddc59e9f2e4240c740f4f2c02567dd4cee949f34a7b0c8038,2024-2025,missing,71be102632470ceddc59e9f2e4240c740f4f2c02567dd4cee949f34a7b0c8038
001e1dacb32afb604734895d98945808d2ad2270903504e614d366e11e0f27ba,FL,IXL,,Math,Supplemental,3,b7fa2e4a434ea8b4a27ccca72480ad48d1113731f072a341e2cd7bb1fdd7c4ee,2023-2024,missing,b7fa2e4a434ea8b4a27ccca72480ad48d1113731f072a341e2cd7bb1fdd7c4ee
002d778b401bffd19c514e1873b5762502a6aa57603d300e722b6736879a3778,FL,ABCYa,,Math,Supplemental,NI,348307cfba9c25a96b94cb388168af6cafd043a101e6136dd9d97f7b9b258c5c,2024-2025,missing,348307cfba9c25a96b94cb388168af6cafd043a101e6136dd9d97f7b9b258c5c
0051059f1093191c4a9ec034c1128126a92275f940a6be889439d14ac54c3b10,FL,IXL,,Math,Supplemental,10,b7fa2e4a434ea8b4a27ccca72480ad48d1113731f072a341e2cd7bb1fdd7c4ee,2023-2024,missing,b7fa2e4a434ea8b4a27ccca72480ad48d1113731f072a341e2cd7bb1fdd7c4ee
0054c7d0925af5a09a85e1f46f62cc1cb40ad4340c6d9f29b8784c6ded4cbc68,FL,i-Ready,,Math,Supplemental,2,b2c7bc90deef58130b850d9e6c9b3f86e5c69180706ad1aaeadcdff2b515ab3b,2024-2025,missing,b2c7bc90deef58130b850d9e6c9b3f86e5c69180706ad1aaeadcdff2b515ab3b
0057ea929612b1b8e765a7a8838801b4cab1910554795298587a0eac1a3c73c4,FL,i-Ready,,Math,Supplemental,9,b2c7bc90deef58130b850d9e6c9b3f86e5c69180706ad1aaeadcdff2b515ab3b,2024-2025,missing,b2c7bc90deef58130b850d9e6c9b3f86e5c69180706ad1aaeadcdff2b515ab3b
00074fe112971b4e82f6695ff35b03753bbfcee3d4bdb6f955c8d907aa2d29db,FL,Imagine Learning,Imagine Learning,Math,Supplemental,5,04d4e815dc82192ae8b5b7e3fa003bb7812baa0a7445d97a4fdab7f274aa1077,2023-2024,present,04d4e815dc82192ae8b5b7e3fa003bb7812baa0a7445d97a4fdab7f274aa1077
0038ca1609d7559e6c8140d99cddb751f1be9a38694bd94e41661b29e97cfc83,FL,DreamBox,DreamBox,Math,Supplemental,K,a73f0a71bb33426e1b53712f8b3bf6b260a40509aec364faed483f8e6e09a064,2023-2024,present,a73f0a71bb33426e1b53712f8b3bf6b260a40509aec364faed483f8e6e09a064
003ce42e06895fd4478b6e9d7b680d718a51b17586565f9bda7c0ba8b332ad18,FL,Khan Academy,Khan Academy,Math,Supplemental,5,a20c6e858728ba2ab05e619880badae8bfa65d419a0ac636bc3abfae85b12891,2023-2024,present,a20c6e858728ba2ab05e619880badae8bfa65d419a0ac636bc3abfae85b12891
006d2521c6d670181dead81f30250de4c260af2feeb4bbcffa6c4b04a0d9002f,GA,IXL,,Math,Supplemental,6,b7fa2e4a434ea8b4a27ccca72480ad48d1113731f072a341e2cd7bb1fdd7c4ee,2023-2024,missing,b7fa2e4a434ea8b4a27ccca72480ad48d1113731f072a341e2cd7bb1fdd7c4ee
009f1d7561c075b16a245344412315fa78f51f6603dddaa020522ea5471f2870,GA,GeoGebra,,Math,Supplemental,4,c209026a05d24aad09da31a13aedfc5dd4b1d89d5b346a90441389edfc15d079,2024-2025,missing,c209026a05d24aad09da31a13aedfc5dd4b1d89d5b346a90441389edfc15d079
00a6a5a3f3af0017731cfa9b4c4dd8759f61ec8fbe2b5cf66daab1c34dffb710,GA,Khan Academy,,Math,Supplemental,7,a20c6e858728ba2ab05e619880badae8bfa65d419a0ac636bc3abfae85b12891,2023-2024,missing,a20c6e858728ba2ab05e619880badae8bfa65d419a0ac636bc3abfae85b12891
003cbf385c2915a6110e801d94b62f73c3160e7787a1d0e15d5f2d3257ad2705,GA,IXL,IXL,Math,Supplemental,8,b7fa2e4a434ea8b4a27ccca72480ad48d1113731f072a341e2cd7bb1fdd7c4ee,2023-2024,present,b7fa2e4a434ea8b4a27ccca72480ad48d1113731f072a341e2cd7bb1fdd7c4ee
00b17e623a4f40b9a41ff55f6752d428def6ba5ebaf2dfb89fa6b3575bcd3060,GA,Desmos,Amplify,Math,Supplemental,10,8be2548fa7a5ffcb2c7a9bdc766f989764bbbd5beedf67d3234bd339ab010bac,2024-2025,present,8be2548fa7a5ffcb2c7a9bdc766f989764bbbd5beedf67d3234bd339ab010bac
013842d417f46785743348389bed9a077a4ccbfc5b4e4cc08c9283b45a3fbb34,IA,Geogebra,,Math,Supplemental,12,2e5f9f21a225fb2d7f34804e76831cf05b092782a7ede60c6cab4bb2a380f34b,2024-2025,missing,2e5f9f21a225fb2d7f34804e76831cf05b092782a7ede60c6cab4bb2a380f34b
03928b2c35b3136fc435f3cdfb9e65dcba09704147c7f43806d3dddd1a33382c,ID,The Math Playround,,Math,Supplemental,1,72723793d71a08ae30d4fa1a2bea83703dff437b14f084dadc44f40d58efc5e5,2023-2024,missing,72723793d71a08ae30d4fa1a2bea83703dff437b14f084dadc44f40d58efc5e5
0005737d92438088b3a6c1b43ecfef1a9786191fa9186eca3f820e2bd302da6c,IL,MobyMax,,Math,Supplemental,7,58d61568dc09bc943a005cd482bcb70636866625c018357380afc87a54841d79,2024-2025,missing,58d61568dc09bc943a005cd482bcb70636866625c018357380afc87a54841d79
002191f0a19dad954658d25783e09ee0350e0216efc485c15cafa4921cc9f4ed,IL,Khan Academy,,Math,Supplemental,1,a20c6e858728ba2ab05e619880badae8bfa65d419a0ac636bc3abfae85b12891,2023-2024,missing,a20c6e858728ba2ab05e619880badae8bfa65d419a0ac636bc3abfae85b12891
00251272ea5b02326104d828f8fe2e2687de1fd041af2bd56ff1aef1d8b4500b,IL,brainpop,,Math,Supplemental,6,344ae96dffcaca20272b6cf940edaef9de8d73b758046cd439937b28eaac2e83,2024-2025,missing,344ae96dffcaca20272b6cf940edaef9de8d73b758046cd439937b28eaac2e83
006d4c590c8b2e37b6392fa10dfc271334953869970287f8587cbe7a26189fa9,IL,EdPuzzle,,Math,Supplemental,11,78439ff0e408a2c17bd480e8f3efe3645cfc693a86fc9e0e452807b6f1d3fe9d,2024-2025,missing,78439ff0e408a2c17bd480e8f3efe3645cfc693a86fc9e0e452807b6f1d3fe9d
000df73f3f8a57e8a68fa5e17184164aa814b20195ade77651103ea570899738,IL,Brainpop,BrainPOP,Math,Supplemental,2,344ae96dffcaca20272b6cf940edaef9de8d73b758046cd439937b28eaac2e83,2024-2025,present,344ae96dffcaca20272b6cf940edaef9de8d73b758046cd439937b28eaac2e83
000192b3e7ee11c1fbd56bfdc48e983867335a86620dfd0066da609d4ba7ecda,IN,Guided Math in Action,,Math,Supplemental,K,3af4801ae89c575d170e99d5f3777826e7eda3990b39076f6ab823a0b6f43ce2,2024-2025,missing,3af4801ae89c575d170e99d5f3777826e7eda3990b39076f6ab823a0b6f43ce2
0033b03f6f0eaee108533761697c35c3629202474542ac1845187b9f6fe89dd5,IN,EDPuzzle,,Math,Supplemental,10,78439ff0e408a2c17bd480e8f3efe3645cfc693a86fc9e0e452807b6f1d3fe9d,2024-2025,missing,78439ff0e408a2c17bd480e8f3efe3645cfc693a86fc9e0e452807b6f1d3fe9d
00b19ff01947280eb3e1f435b6d4ccb8fdb9ba1b9a14d269d98797d84b889483,KS,Khan Academy,,Math,Supplemental,10,a20c6e858728ba2ab05e619880badae8bfa65d419a0ac636bc3abfae85b12891,2023-2024,missing,a20c6e858728ba2ab05e619880badae8bfa65d419a0ac636bc3abfae85b12891
013abdd910dca031c7d390765ddfb5bfddbf3598838aeba58bab7a74854594dd,KY,ST Math,,Math,Supplemental,2,fb4f620c27277af063dc5164051dfd0858ecb996f9949a58b9a63e092532cbc5,2023-2024,missing,fb4f620c27277af063dc5164051dfd0858ecb996f9949a58b9a63e092532cbc5
001c90a16ad3e549e4b3dbc3223bd3cb3f7927e90d27a4745040437409dca604,LA,Fun Brain,,Math,Supplemental,12,a97746ececae88c15eef673e840256c896b9105ad7e08a18a9ebb791620b9ab7,2023-2024,missing,a97746ececae88c15eef673e840256c896b9105ad7e08a18a9ebb791620b9ab7
01e13aec2c4d06d42855102d189ed8258d09a9c5be3f08e804d144912031950e,LA,GoNoodle,"GoNoodle, INC",Math,Supplemental,6,7335271589d91eec55e846995653a53017963acdff7c2079eb5dd675b30efb63,2024-2025,present,7335271589d91eec55e846995653a53017963acdff7c2079eb5dd675b30efb63
0069489a473d27932b0850391fc60af9d9e98aaa98bc74d8a1464dce403222f7,MA,Brainpop,,Math,Supplemental,5,344ae96dffcaca20272b6cf940edaef9de8d73b758046cd439937b28eaac2e83,2024-2025,missing,344ae96dffcaca20272b6cf940edaef9de8d73b758046cd439937b28eaac2e83
00348366c8374f70414b456bbc56381309f6237897d89f52df9d1fa63889f5e7,MD,sirs issues researcher,,Math,Supplemental,7,08aa985f693e09393dd989971c25f5661f99341a3d87fa8f116f9f1920e70e5d,2024-2025,missing,08aa985f693e09393dd989971c25f5661f99341a3d87fa8f116f9f1920e70e5d
0084495eb46bf8bc213ca0caa38504676b6aca73c605c12ccca98d28f7e4376d,MD,SIRS Researcher and SIRS Discoverer,,Math,Supplemental,12,08aa985f693e09393dd989971c25f5661f99341a3d87fa8f116f9f1920e70e5d,2024-2025,missing,08aa985f693e09393dd989971c25f5661f99341a3d87fa8f116f9f1920e70e5d
00c3219649e2771fbffca0f2b3abadacb0c50bac9f18b3da7241dcd92602b58f,MI,Khan Academy,,Math,Supplemental,9,a20c6e858728ba2ab05e619880badae8bfa65d419a0ac636bc3abfae85b12891,2024-2025,missing,a20c6e858728ba2ab05e619880badae8bfa65d419a0ac636bc3abfae85b12891
006b839fdafc4d7f4c13d7a9c2ebc7d9c8fdddc46fcb6d30d2fe49af01f1e5e2,MI,Nearpod,Nearpod,Math,Supplemental,9,86aee5d6aea0483be7b0030d5a32f95158595ca9c342a062687546bf2697bf8f,2024-2025,present,86aee5d6aea0483be7b0030d5a32f95158595ca9c342a062687546bf2697bf8f
006be27e4f6bb2076e8d5a021ec2e35ad5371bc64852ab01515666be817c1810,MN,Xtramath,,Math,Supplemental,11,47fc0e885c9b0e98df90b65354e70979f2cceff8dd015a74e76579ab51f1c975,2024-2025,missing,47fc0e885c9b0e98df90b65354e70979f2cceff8dd015a74e76579ab51f1c975
008ade969a2a02f560d18b63d54512a2b050189bbc8c64e652c53a573fcb61f4,MN,Sum Dog,,Math,Supplemental,4,9e0259e521d4a14ff37203c30360281ceb305d4faa10bf87ef4d816e00dd0227,2023-2024,missing,9e0259e521d4a14ff37203c30360281ceb305d4faa10bf87ef4d816e00dd0227
0007d47fc46ab1e3f4eb4667e59ac0c7fc50deec6b4444b5f951ad53a7392b5b,MN,Khan Academy,Khan Academy,Math,Supplemental,12,a20c6e858728ba2ab05e619880badae8bfa65d419a0ac636bc3abfae85b12891,2023-2024,present,a20c6e858728ba2ab05e619880badae8bfa65d419a0ac636bc3abfae85b12891
0226bfe9ced116a54b54e0bf75cf69abbd5e8fdb075dea6473c0b8948688ab4a,MO,DESMOS,,Math,Supplemental,12,8be2548fa7a5ffcb2c7a9bdc766f989764bbbd5beedf67d3234bd339ab010bac,2023-2024,missing,8be2548fa7a5ffcb2c7a9bdc766f989764bbbd5beedf67d3234bd339ab010bac
0061e511f437f146d46add5954c1f3c4fe62712545a4f5b66a379b985c34d44c,MS,Edgenuity,,Math,Supplemental,8,4e112e1b917e5c343ec0adff0c6f6e9283ce3b086bd426146fead85004090796,2024-2025,missing,4e112e1b917e5c343ec0adff0c6f6e9283ce3b086bd426146fead85004090796
0007e1134d6d34c156ede1f0b52923d6c602013c0f8b080fdc23252dcf9c4332,NC,Imagine Math,,Math,Supplemental,11,04d4e815dc82192ae8b5b7e3fa003bb7812baa0a7445d97a4fdab7f274aa1077,2023-2024,missing,04d4e815dc82192ae8b5b7e3fa003bb7812baa0a7445d97a4fdab7f274aa1077
001f77260f318bcceb23e42665d614cc3fc52d92e025a6ad6638a8716606527f,NC,Apex Tutorials Request,,Math,Supplemental,12,97482243ce84d9255564de2ca1cf83d059a4b318ce2b4fff11d5a648e755c9c6,2023-2024,missing,97482243ce84d9255564de2ca1cf83d059a4b318ce2b4fff11d5a648e755c9c6
0068608bbb0a409c513d4286a081a6364ae37d5e3aa3cddbddfd6d961e27f98c,NC,Study Jam,,Math,Supplemental,5,0b0e76c0a0e75a0957a48337a1ea08ae11276101b8cf51f801600dd4d139bc7a,2023-2024,missing,0b0e76c0a0e75a0957a48337a1ea08ae11276101b8cf51f801600dd4d139bc7a
007e716e7e6bec7dbde8f9987f64f68a94ef023154703a86c18821b84a4a2242,NC,National Library of Virtual Manipulatives,,Math,Supplemental,6,68162d5dc31bf02df9393ca83782d8981fa9f5e80f19cd24b9dec8002fe2bff2,2024-2025,missing,68162d5dc31bf02df9393ca83782d8981fa9f5e80f19cd24b9dec8002fe2bff2
0063ccdfd6f0189b441d74fe767447f1ed1ca09c278922f1e3273472b7747216,NC,Illuminations,National Council of Teachers of Mathematics (NCTM),Math,Supplemental,2,3d1dde43db52d5eea8d74efe206591b73902f5011b81689aaad022cd0c8be55d,2024-2025,present,3d1dde43db52d5eea8d74efe206591b73902f5011b81689aaad022cd0c8be55d
00c94de416578a77ce1320c65bcedb3b99fbd956ee6cefa3ec7bb772c1eda40f,NE,aimswebPlus,,Math,Supplemental,K,57afee1804020279bb7c96876462e2f6e2a3a0e35ca42f2cbdee6d0aa73db7f4,2024-2025,missing,57afee1804020279bb7c96876462e2f6e2a3a0e35ca42f2cbdee6d0aa73db7f4
0121f3325e32cd5cbfb184d82a0d871311be2497dfecf29c69f7b1d483e07810,NH,Math Playground,,Math,Supplemental,1,72723793d71a08ae30d4fa1a2bea83703dff437b14f084dadc44f40d58efc5e5,2023-2024,missing,72723793d71a08ae30d4fa1a2bea83703dff437b14f084dadc44f40d58efc5e5
0161c9e71f04631052bf44ebe529c723e023f40be3566ddc2422958ee6ce2e9e,NH,BrainPOP,,Math,Supplemental,1,344ae96dffcaca20272b6cf940edaef9de8d73b758046cd439937b28eaac2e83,2023-2024,missing,344ae96dffcaca20272b6cf940edaef9de8d73b758046cd439937b28eaac2e83
00091276a7ddc12cfdaaf8971d6d84d912320d91fec8120c4e75a5043d8f7f07,NJ,Moby Max,,Math,Supplemental,6,58d61568dc09bc943a005cd482bcb70636866625c018357380afc87a54841d79,2024-2025,missing,58d61568dc09bc943a005cd482bcb70636866625c018357380afc87a54841d79
00254d8de3625a2e2841b2eb2ba5506816d4a2592270fb785948b92674d83760,NJ,Starfall,,Math,Supplemental,K,46649193aeeded5f8797012af268d9de6bcb59b0089c901c1dadd22e76a3c890,2023-2024,missing,46649193aeeded5f8797012af268d9de6bcb59b0089c901c1dadd22e76a3c890
0080052f128eee4f1b3ecbaf4806517a4b482c8d72e64b9bc38fe9b9ef1e1c6d,NJ,Imagine Math,,Math,Supplemental,4,04d4e815dc82192ae8b5b7e3fa003bb7812baa0a7445d97a4fdab7f274aa1077,2024-2025,missing,04d4e815dc82192ae8b5b7e3fa003bb7812baa0a7445d97a4fdab7f274aa1077
008d1c1dbbcaac4ad3a2cab0b0bf735a11121208b77d5490b816acbfdc606c91,NJ,BrainPop,,Math,Supplemental,NI,344ae96dffcaca20272b6cf940edaef9de8d73b758046cd439937b28eaac2e83,2024-2025,missing,344ae96dffcaca20272b6cf940edaef9de8d73b758046cd439937b28eaac2e83
00a42e1751b1945962ee49d8a9bf97cd231b8078e9ff6371ef0a5555cbd8aaf3,NJ,https://www.prodigygame.com/,,Math,Supplemental,5,78adad17f49839bbf18297de31fcc6f904f3e1fbee67c1dd1ac95ed7c24b5e72,2023-2024,missing,78adad17f49839bbf18297de31fcc6f904f3e1fbee67c1dd1ac95ed7c24b5e72
00d0dffcf0c2f4120a6ccf3af0289266f515feb46129a058888e9c6c0c4ec919,NJ,Edmentum - Apex Learning,,Math,Supplemental,12,97482243ce84d9255564de2ca1cf83d059a4b318ce2b4fff11d5a648e755c9c6,2024-2025,missing,97482243ce84d9255564de2ca1cf83d059a4b318ce2b4fff11d5a648e755c9c6
000f86a700a07931b7790b491c88c7e621d5881e60f60d9c04ccf9c4a2bb09d8,NJ,Math Playground,Math Playground,Math,Supplemental,2,72723793d71a08ae30d4fa1a2bea83703dff437b14f084dadc44f40d58efc5e5,2023-2024,present,72723793d71a08ae30d4fa1a2bea83703dff437b14f084dadc44f40d58efc5e5
0073a5cd028c6050f218c79e6fb9f583b3ff1d26e2b5990555035eae51bf5dae,NJ,Desmos,Amplify,Math,Supplemental,11,8be2548fa7a5ffcb2c7a9bdc766f989764bbbd5beedf67d3234bd339ab010bac,2024-2025,present,8be2548fa7a5ffcb2c7a9bdc766f989764bbbd5beedf67d3234bd339ab010bac
009738fa453b033a4f19eda8e943b99d22fcf7c8474968abc3a571eb6011f7a4,NJ,Quizizz,Quizizz,Math,Supplemental,12,71be102632470ceddc59e9f2e4240c740f4f2c02567dd4cee949f34a7b0c8038,2024-2025,present,71be102632470ceddc59e9f2e4240c740f4f2c02567dd4cee949f34a7b0c8038
001b0cf749a540d319124f83291926b32276c95a73e2696572dfc23f8287ba5d,NM,Edgenuity,,Math,Supplemental,4,4e112e1b917e5c343ec0adff0c6f6e9283ce3b086bd426146fead85004090796,2024-2025,missing,4e112e1b917e5c343ec0adff0c6f6e9283ce3b086bd426146fead85004090796
004d95ba5ac4057ccb708e12302e6e751a833e2b8ddc4fd9ce09c3290112b919,NM,Istation,,Math,Supplemental,K,02fbdca1639d3ab84d097d43c0449663d09f7d62873ab770a935fbe03ec7d72b,2023-2024,missing,02fbdca1639d3ab84d097d43c0449663d09f7d62873ab770a935fbe03ec7d72b
0148b677ec983619e7171e3d61af425a5813387d5dd6b051b8f675ecffd57662,NM,Khan Academy,Khan Academy,Math,Supplemental,4,a20c6e858728ba2ab05e619880badae8bfa65d419a0ac636bc3abfae85b12891,2023-2024,present,a20c6e858728ba2ab05e619880badae8bfa65d419a0ac636bc3abfae85b12891
00201b0d99c454dadc2f08fb80a1d3e7276ecb39b394882f7c48db5368de1970,NV,EDPuzzle,,Math,Supplemental,10,78439ff0e408a2c17bd480e8f3efe3645cfc693a86fc9e0e452807b6f1d3fe9d,2023-2024,missing,78439ff0e408a2c17bd480e8f3efe3645cfc693a86fc9e0e452807b6f1d3fe9d
02230be98e28c174f9f90a99fabfd65c9a048aad46eb9289f70347ecd8af3aec,NY,Desmos User's Guide,,Math,Supplemental,11,8be2548fa7a5ffcb2c7a9bdc766f989764bbbd5beedf67d3234bd339ab010bac,2023-2024,missing,8be2548fa7a5ffcb2c7a9bdc766f989764bbbd5beedf67d3234bd339ab010bac
024adab898bdcf591b984336dc22c519e66847deb59bb19f89ff1ddde68eefc0,NY,Phet Interactive,,Math,Supplemental,12,406d977080955f73a079226795f23c8ed298f478d1e24cd2f01309aacc126e61,2023-2024,missing,406d977080955f73a079226795f23c8ed298f478d1e24cd2f01309aacc126e61
01711d4d98b0bdd44b7a6693a2301aa6c76d2acead05ef0c3a89e57476802185,NY,EngageNY,New York State,Math,Supplemental,6,ce8a7633ff2b4761ca954c6ddeb0e90df2e7b5b0dd603879f9d770d6e4b0c3c1,2024-2025,present,ce8a7633ff2b4761ca954c6ddeb0e90df2e7b5b0dd603879f9d770d6e4b0c3c1
002b6afef2d73943a4d601c1914b0b9dc0cf7e2d5cee75e630245b9502e221d1,OH,ALEKS Math,,Math,Supplemental,12,8788316b911b89e177b2099398872b77833e02a4b0ccd96fa6aaf1a44f35f058,2024-2025,missing,8788316b911b89e177b2099398872b77833e02a4b0ccd96fa6aaf1a44f35f058
000b628212c9a273a64a6a3df37ec9f1ae25da5e2bf64ba7ac245b41c6b424f4,OH,AAA Math,J. Banfill,Math,Supplemental,3,2fa61191609dbbcaf2ad778a86135db82e24aedf409d68e4b8ec6b521a9a5597,2024-2025,present,2fa61191609dbbcaf2ad778a86135db82e24aedf409d68e4b8ec6b521a9a5597
0015ed09f9898cb22ef42a5b538963c357930dd5c860b8c0353ecd42ed9ee099,OH,Brilliant Math,Brilliant Worldwide,Math,Supplemental,4,8e6be8ef5f5edfa5c6902962d2bbadd0fc7b67a7fdb9a9bfcd6789723f18ca42,2024-2025,present,8e6be8ef5f5edfa5c6902962d2bbadd0fc7b67a7fdb9a9bfcd6789723f18ca42
000407ddf4c4ece0109d92ac3bc7d3b3a02cea13ae6bac168faca4dcdbab06b6,OK,DreamBox Learning Math,,Math,Supplemental,5,a73f0a71bb33426e1b53712f8b3bf6b260a40509aec364faed483f8e6e09a064,2023-2024,missing,a73f0a71bb33426e1b53712f8b3bf6b260a40509aec364faed483f8e6e09a064
00399d1718000ab30f6dbf7995cdf12838880f384fb1c6b55788189d41aae9a8,OK,DeltaMath,,Math,Supplemental,5,dc160f0f80e335cee61326d6f2676ed80ecbf1a8b6187e3ff1e14569a0394dee,2024-2025,missing,dc160f0f80e335cee61326d6f2676ed80ecbf1a8b6187e3ff1e14569a0394dee
002f410d2f6bf060b3942bcc4a0142f5ed3f387a9d721e91fc72bf394bc0de87,OK,Funbrain Math Zone,Funbrain Holdings,Math,Supplemental,NI,a97746ececae88c15eef673e840256c896b9105ad7e08a18a9ebb791620b9ab7,2024-2025,present,a97746ececae88c15eef673e840256c896b9105ad7e08a18a9ebb791620b9ab7
007ec9caea0a9d9806469917b79fd5197567f4a5138205b019ff08c9a916eecd,OR,Learn360,,Math,Supplemental,10,356161357c333b2f284e8a7a2d469342133bc7eca5ae3b09e438b14284d957b8,2024-2025,missing,356161357c333b2f284e8a7a2d469342133bc7eca5ae3b09e438b14284d957b8
006e620e769e839e911142f3ccb47d290d26c60c9ad1abf197fe487cb22d0db5,PA,Desmos Graphing Calculator,,Math,Supplemental,8,8be2548fa7a5ffcb2c7a9bdc766f989764bbbd5beedf67d3234bd339ab010bac,2023-2024,missing,8be2548fa7a5ffcb2c7a9bdc766f989764bbbd5beedf67d3234bd339ab010bac
0070a9bb7c1179d6f99d213f95433ed307fef2c3202262fc2fe0ee83346fe161,PA,KHAN ACADEMY,,Math,Supplemental,12,a20c6e858728ba2ab05e619880badae8bfa65d419a0ac636bc3abfae85b12891,2023-2024,missing,a20c6e858728ba2ab05e619880badae8bfa65d419a0ac636bc3abfae85b12891
00114b1a07f0a4aa09853f085964db5e4ce4c8e4ce7f9bb03a9a5853d493407d,PA,Seesaw: Math,Seesaw,Math,Supplemental,1,ecb7f6ddee62334898c43927b06778d9d0f801c6dd0b6784a1cccc448f76e2bc,2024-2025,present,ecb7f6ddee62334898c43927b06778d9d0f801c6dd0b6784a1cccc448f76e2bc
000094fd645e01b7eda481aeb3aa0b810c51e16eae3fbffe25ff22aedc7d4e3d,RI,IXL,,Math,Supplemental,9,b7fa2e4a434ea8b4a27ccca72480ad48d1113731f072a341e2cd7bb1fdd7c4ee,2024-2025,missing,b7fa2e4a434ea8b4a27ccca72480ad48d1113731f072a341e2cd7bb1fdd7c4ee
0019183bbbd735736ab6d348de153a6ec812c6fc10e505a355cb5ebbcd73b348,RI,Study Island,Edmentum,Math,Supplemental,3,5f537379b969f8a0e07073e1c6be8bee2845840d1211554a60bf761646a76649,2023-2024,present,5f537379b969f8a0e07073e1c6be8bee2845840d1211554a60bf761646a76649
002443645f0dde55a4cc0e2e3b0b59c1e7587263f536ad1dc6bef6940ca37da2,SC,Math TV,,Math,Supplemental,12,83f8a67a21aeaee168991f71d56593361fc3db6a05a62c47f8c3fee16d2b8441,2023-2024,missing,83f8a67a21aeaee168991f71d56593361fc3db6a05a62c47f8c3fee16d2b8441
0064ea4d36b017325ad4ed47ea1e3d872b8ab9bcc24fb465f5c0f49183776e2b,SC,ABCya,,Math,Supplemental,2,348307cfba9c25a96b94cb388168af6cafd043a101e6136dd9d97f7b9b258c5c,2023-2024,missing,348307cfba9c25a96b94cb388168af6cafd043a101e6136dd9d97f7b9b258c5c
0081ee302fc23d7a0911992a0d13465e0cb8f16ca6db014f9b0a0b70c3b610fd,SC,Edulastic,,Math,Supplemental,2,43482c4df425b06c2e1acac12854f67eb8b6ba54396c1a7e7d8aab7a03fcccab,2023-2024,missing,43482c4df425b06c2e1acac12854f67eb8b6ba54396c1a7e7d8aab7a03fcccab
01a13200d0632cf6fea5ec69e4b2a9ef08c70b425bd299f1f5efa1a16b49f6b0,SC,Desmos,Amplify,Math,Supplemental,6,8be2548fa7a5ffcb2c7a9bdc766f989764bbbd5beedf67d3234bd339ab010bac,2024-2025,present,8be2548fa7a5ffcb2c7a9bdc766f989764bbbd5beedf67d3234bd339ab010bac
007d6da46e961b5673cacb3518c2547046be75fa76aee7ceaa69202a5de39636,TN,ABCya,,Math,Supplemental,K,348307cfba9c25a96b94cb388168af6cafd043a101e6136dd9d97f7b9b258c5c,2023-2024,missing,348307cfba9c25a96b94cb388168af6cafd043a101e6136dd9d97f7b9b258c5c
00435dbf5cabff7eb7767d2a03adf0b24d8bc06950839b8d65af2f99554e8633,TN,BrainPop,BrainPop - (K-12),Math,Supplemental,8,344ae96dffcaca20272b6cf940edaef9de8d73b758046cd439937b28eaac2e83,2023-2024,present,344ae96dffcaca20272b6cf940edaef9de8d73b758046cd439937b28eaac2e83
0007a494269d669069364d476f6e8bd33e7e801e79250568d182531f54b9eb7c,TX,Greg Tang Math,,Math,Supplemental,1,766858b3d062ce4a8179afaf79c60aa1e6b5add24210cbc6884887ef7f87856a,2023-2024,missing,766858b3d062ce4a8179afaf79c60aa1e6b5add24210cbc6884887ef7f87856a
002e2398cd362814fdf634e9f275e7d636b4f30e4278c4a4b070bba865defdbe,TX,LEARN360,,Math,Supplemental,12,356161357c333b2f284e8a7a2d469342133bc7eca5ae3b09e438b14284d957b8,2023-2024,missing,356161357c333b2f284e8a7a2d469342133bc7eca5ae3b09e438b14284d957b8
00390275a5e27d2f1ee1af8d31f2f78a5f803d50568c9819d28932f796b1b9a2,TX,Cool Math For Kids,,Math,Supplemental,8,e2653bf3f7a64ee60200affd47069fceff5cdb200f66a0816f891ba3849e8b5d,2023-2024,missing,e2653bf3f7a64ee60200affd47069fceff5cdb200f66a0816f891ba3849e8b5d
0042ede8730b5a8d7883d87d89c4a0d62dfa36f153cf363398219f1e9384edc7,TX,Gale,,Math,Supplemental,7,043608b2002c12b10bd0b210537ae5072c5eb05235f1232d9ced87592356a809,2023-2024,missing,043608b2002c12b10bd0b210537ae5072c5eb05235f1232d9ced87592356a809
00634baca74d1a59d1b370da65663f1ea3d24ac7e0fa97d0cbc27eec4d5319de,TX,DeltaMath,,Math,Supplemental,6,dc160f0f80e335cee61326d6f2676ed80ecbf1a8b6187e3ff1e14569a0394dee,2023-2024,missing,dc160f0f80e335cee61326d6f2676ed80ecbf1a8b6187e3ff1e14569a0394dee
0071965a09632bb7a77f2f77e02175d3e34a0c1d4db8de4271cce57016a9112d,TX,Virtual Manipulatives - Math Learning Center,,Math,Supplemental,7,68162d5dc31bf02df9393ca83782d8981fa9f5e80f19cd24b9dec8002fe2bff2,2023-2024,missing,68162d5dc31bf02df9393ca83782d8981fa9f5e80f19cd24b9dec8002fe2bff2
021897928fd55a01046b2bad3a8b4ae244bf5388963c25b665740ffdb96f1b86,TX,Stats in Your World,Savvas,Math,Supplemental,10,4616deb9ea038a451ca939716050edd9c4d31104b4f08be424c9fef62fdabd5f,2023-2024,present,4616deb9ea038a451ca939716050edd9c4d31104b4f08be424c9fef62fdabd5f
00016e8cf2cf5579dd421588e88e63d770f2ec041147c46e98b8d03694ffe72a,UT,Desmos,,Math,Supplemental,10,8be2548fa7a5ffcb2c7a9bdc766f989764bbbd5beedf67d3234bd339ab010bac,2023-2024,missing,8be2548fa7a5ffcb2c7a9bdc766f989764bbbd5beedf67d3234bd339ab010bac
0009433945c13676d17bf9a1fc3719e17543c732ecb8ecd9ad84df5465e944d5,UT,SumDog,,Math,Supplemental,K,9e0259e521d4a14ff37203c30360281ceb305d4faa10bf87ef4d816e00dd0227,2023-2024,missing,9e0259e521d4a14ff37203c30360281ceb305d4faa10bf87ef4d816e00dd0227
001636299667d1f208f7cb4ebd90079af244a6a116087525da6d2180a075c05f,UT,MATHia,,Math,Supplemental,K,72eb47298b7670088b025e034200eb29373ff1e94150c2e41eda336e611989ae,2024-2025,missing,72eb47298b7670088b025e034200eb29373ff1e94150c2e41eda336e611989ae
001af081bc38591d61420b8320623db3901a1ac377c78b075e73685eb44b4ac3,UT,"IXL Learning, Diagnostics, and Analytics",,Math,Supplemental,3,b7fa2e4a434ea8b4a27ccca72480ad48d1113731f072a341e2cd7bb1fdd7c4ee,2023-2024,missing,b7fa2e4a434ea8b4a27ccca72480ad48d1113731f072a341e2cd7bb1fdd7c4ee
004e1994b2c45d95c1e624ccf94b698b3de1379ee5ca2d560b23792d987d778c,UT,LetterSchool,,Math,Supplemental,K,01c5d0f5301fe9778f825a50a75967677fddfc9684f6df2cce11656578f8153b,2024-2025,missing,01c5d0f5301fe9778f825a50a75967677fddfc9684f6df2cce11656578f8153b
018eab9ab85ab99c38078dc5e3c62c9a63d5155049371bf63aad22306f142a0b,VA,Gizmos,,Math,Supplemental,8,9fa09f2c11c27d42ea0d93f0c272fcf6cb7ea72012099e3b70c08bd33c1f2724,2023-2024,missing,9fa09f2c11c27d42ea0d93f0c272fcf6cb7ea72012099e3b70c08bd33c1f2724
01fb47e2bb92c37665213a4a3729c679fa58270a5f879a35e176cbbcb2cd4b42,VA,Flip,,Math,Supplemental,5,228f9cc383c7778950128a5a9e7759828a10a07ffd23d343095cf3fc8739a0be,2024-2025,missing,228f9cc383c7778950128a5a9e7759828a10a07ffd23d343095cf3fc8739a0be
000b0e8a44b049de52de16d79e7ef2b38ca2f20dd4fbf32106dc2cc589d76f35,VA,A Math Dictionary for Kids,Jenny Eather,Math,Supplemental,K,a37f4a99ca957cd5ce2e2b7cb7ce237727666d6c8946bd7b738269329e656b79,2023-2024,present,a37f4a99ca957cd5ce2e2b7cb7ce237727666d6c8946bd7b738269329e656b79
00151d93d92884b401c5fda00a475ab55722c3b87a175145fbe196ef3eedd33f,VA,Prodigy,Prodigy,Math,Supplemental,11,78adad17f49839bbf18297de31fcc6f904f3e1fbee67c1dd1ac95ed7c24b5e72,2024-2025,present,78adad17f49839bbf18297de31fcc6f904f3e1fbee67c1dd1ac95ed7c24b5e72
003fe2761594eb4c5f59ee10ab2ae33612b64e0f48c25e73b53ec2ed64f8f0de,VA,CK-12,CK-12,Math,Supplemental,5,7de47665f17c93c305eb7a7d35d0532c9e93fe78ce564705625774a6bd12182b,2023-2024,present,7de47665f17c93c305eb7a7d35d0532c9e93fe78ce564705625774a6bd12182b
00821a03734357a98628c3622dbbdbbc2d2d8541b83c8fc28593794f6c2eccda,VA,EquatIO,Texthelp Ltd,Math,Supplemental,9,ff22b96ed7ccda7c22d5ed6a64787ce9553d0e8146a2455cd581d9221e9143fa,2023-2024,present,ff22b96ed7ccda7c22d5ed6a64787ce9553d0e8146a2455cd581d9221e9143fa
0068caf3513cdc87cd8341d2b1c1654ce36beda72ef95129f57c05a44aeb553a,WA,DreamBox,,Math,Supplemental,8,a73f0a71bb33426e1b53712f8b3bf6b260a40509aec364faed483f8e6e09a064,2023-2024,missing,a73f0a71bb33426e1b53712f8b3bf6b260a40509aec364faed483f8e6e09a064
006a80a4759c11bd6691a76afb3e28488e066544f8b50c565d11f77d9a04cf15,WA,YouCubed,,Math,Supplemental,2,41a9ffc8aaadd78c14c5d81d7adf8298afde42d59f25ea79ed011b48752dc276,2023-2024,missing,41a9ffc8aaadd78c14c5d81d7adf8298afde42d59f25ea79ed011b48752dc276
0097385858fb18bafd609dec6d7d9f64b5a5829c3f4129ce022bc4db08b2da38,WA,DreamBox Math,,Math,Supplemental,5,a73f0a71bb33426e1b53712f8b3bf6b260a40509aec364faed483f8e6e09a064,2024-2025,missing,a73f0a71bb33426e1b53712f8b3bf6b260a40509aec364faed483f8e6e09a064
0114ea2a5ecb687ea90db6e4180cc1d64926560b31af7b089ca457e3260eccf8,WA,Istation,Istation,Math,Supplemental,3,02fbdca1639d3ab84d097d43c0449663d09f7d62873ab770a935fbe03ec7d72b,2023-2024,present,02fbdca1639d3ab84d097d43c0449663d09f7d62873ab770a935fbe03ec7d72b
012d9e029461053d3e3163ebf11a0c5b66a0079c71fa7e0c235cc54625ddf22c,WI,Kahoot!,,Math,Supplemental,12,a8be91918bb396f4869532cf95baf97034fdc8153b842e62eed55f56587d8a5c,2024-2025,missing,a8be91918bb396f4869532cf95baf97034fdc8153b842e62eed55f56587d8a5c
