selection_identifier,state,product_name_raw,publisher_raw,subject,product_type_usage,grade,product_identifier,curriculum_academic_year,publisher_presence,expected_product_identifier,expected_match_id,predicted_match_id,expected_rank,top1_correct,top3_correct,top10_correct,reciprocal_rank,ndcg_at_10,top1_score,confidence_band,repair_attempted,match_used_fallback,match_selected_strategy,match_primary_top1_score,match_selected_top1_score,match_variant_scores,evidence_richness,usage_ambiguity,state_specific_risk,placeholder_mapping,assessment_slice,assessment_short_or_acronym,assessment_publisher_missing,assessment_state_specific_expected,pred_rank_1_id,pred_rank_1_score,pred_rank_2_id,pred_rank_2_score,pred_rank_3_id,pred_rank_3_score,pred_rank_4_id,pred_rank_4_score,pred_rank_5_id,pred_rank_5_score,pred_rank_6_id,pred_rank_6_score,pred_rank_7_id,pred_rank_7_score,pred_rank_8_id,pred_rank_8_score,pred_rank_9_id,pred_rank_9_score,pred_rank_10_id,pred_rank_10_score,i2_label_family,i2_consistency_issue,expected_catalog_product_name,expected_catalog_series,expected_catalog_product_type,expected_catalog_publisher,expected_catalog_district_created,expected_catalog_embedded_assessment,expected_catalog_state_specific_version,i3_placeholder_mapping
000fb8d311a31fd1aa20e4184b2b610b2fc0394c1db64abe573457120d1e7e84,CA,Not Available,,All,Assessment,TK,382eba1c310a890cfe53f11d4ebb988761f2b95f487deef487a55e9bb924c142,2024-2025,missing,382eba1c310a890cfe53f11d4ebb988761f2b95f487deef487a55e9bb924c142,382eba1c310a890cfe53f11d4ebb988761f2b95f487deef487a55e9bb924c142,,0,False,False,False,0.0,0.0,0.0,no_prediction,True,False,primary,0.0,0.0,"{""primary"": {""prediction_count"": 0, ""top1_id"": """", ""top1_score"": 0.0}, ""publisher_as_title"": {""prediction_count"": 0, ""top1_id"": """", ""top1_score"": 0.0}, ""title_plus_publisher"": {""prediction_count"": 0, ""top1_id"": """", ""top1_score"": 0.0}, ""title_publisher_swapped"": {""prediction_count"": 0, ""top1_id"": """", ""top1_score"": 0.0}}",policy_placeholder_no_info,assessment_naming_regime,adoption_state_high_risk,no_information_available,assessment_short_or_acronym_title,yes,yes,no,,,,,,,,,,,,,,,,,,,,,no_information_available,policy_no_information_placeholder,Assessment Information Not Publicly Available,Assessment Information Not Publicly Available,Assessment,Other,False,False,False,no_information_available
00013ac4a2c830963fbfa1f6a2e3affb30cef924a6a00365319867836c80260b,AK,MAP,,ELA,Assessment,6,3d6c5002a86d064608d518b7041d788d11bb1e498c257f4076fbf446f64e6826,2023-2024,missing,3d6c5002a86d064608d518b7041d788d11bb1e498c257f4076fbf446f64e6826,3d6c5002a86d064608d518b7041d788d11bb1e498c257f4076fbf446f64e6826,ec7da0d8f9d518d3e7da8c24ed1d73e0b6ec41b7ae1a625523f04bb0d0f73e9f,0,False,False,False,0.0,0.0,0.3489,low,True,True,title_plus_publisher,0.0,0.3489,"{""primary"": {""prediction_count"": 0, ""top1_id"": """", ""top1_score"": 0.0}, ""publisher_as_title"": {""prediction_count"": 0, ""top1_id"": """", ""top1_score"": 0.0}, ""title_plus_publisher"": {""prediction_count"": 1, ""top1_id"": ""ec7da0d8f9d518d3e7da8c24ed1d73e0b6ec41b7ae1a625523f04bb0d0f73e9f"", ""top1_score"": 0.3489}, ""title_publisher_swapped"": {""prediction_count"": 0, ""top1_id"": """", ""top1_score"": 0.0}}",sparse,assessment_naming_regime,standard_state,standard_catalog_mapping,assessment_short_or_acronym_title,yes,yes,no,ec7da0d8f9d518d3e7da8c24ed1d73e0b6ec41b7ae1a625523f04bb0d0f73e9f,0.3489,,,,,,,,,,,,,,,,,,,assessment_like,assessment_like_consistent,NWEA: MAP Suite,MAP Suite,Assessment,Northwest Evaluation Association (NWEA),False,False,False,standard_catalog_mapping
000cabeb3e8de7971ea3576515165625d031d9ea5281dc136dd08dde58b359d7,AK,Measures of Academic Progress (MAP)  Growth,,ELA,Assessment,3,dee0f2790440685546f3d5dba2a914e5d10319529e1129e4e363d41af2d536db,2024-2025,missing,dee0f2790440685546f3d5dba2a914e5d10319529e1129e4e363d41af2d536db,dee0f2790440685546f3d5dba2a914e5d10319529e1129e4e363d41af2d536db,,0,False,False,False,0.0,0.0,0.0,no_prediction,True,False,primary,0.0,0.0,"{""primary"": {""prediction_count"": 0, ""top1_id"": """", ""top1_score"": 0.0}, ""publisher_as_title"": {""prediction_count"": 0, ""top1_id"": """", ""top1_score"": 0.0}, ""title_plus_publisher"": {""prediction_count"": 0, ""top1_id"": """", ""top1_score"": 0.0}, ""title_publisher_swapped"": {""prediction_count"": 0, ""top1_id"": """", ""top1_score"": 0.0}}",medium,assessment_naming_regime,standard_state,standard_catalog_mapping,assessment_publisher_missing,no,yes,no,,,,,,,,,,,,,,,,,,,,,assessment_like,assessment_like_consistent,NWEA: MAP Growth,MAP Suite,Assessment,Northwest Evaluation Association (NWEA),False,False,False,standard_catalog_mapping
005ae59a52619d276861553c9a541f889e2bcd3ebc01a0168191a76c8473d868,AL,PSAT,,ELA,Assessment,10,e68a5b1beee66c66a24185ee630717efe9efd82b4dd439b407a4e8b2e46031c3,2023-2024,missing,e68a5b1beee66c66a24185ee630717efe9efd82b4dd439b407a4e8b2e46031c3,e68a5b1beee66c66a24185ee630717efe9efd82b4dd439b407a4e8b2e46031c3,e68a5b1beee66c66a24185ee630717efe9efd82b4dd439b407a4e8b2e46031c3,1,True,True,True,1.0,1.0,0.3808,low,True,False,primary,0.3808,0.3808,"{""primary"": {""prediction_count"": 1, ""top1_id"": ""e68a5b1beee66c66a24185ee630717efe9efd82b4dd439b407a4e8b2e46031c3"", ""top1_score"": 0.3808}, ""publisher_as_title"": {""prediction_count"": 0, ""top1_id"": """", ""top1_score"": 0.0}, ""title_plus_publisher"": {""prediction_count"": 3, ""top1_id"": ""e68a5b1beee66c66a24185ee630717efe9efd82b4dd439b407a4e8b2e46031c3"", ""top1_score"": 0.5005}, ""title_publisher_swapped"": {""prediction_count"": 0, ""top1_id"": """", ""top1_score"": 0.0}}",sparse,assessment_naming_regime,standard_state,standard_catalog_mapping,assessment_short_or_acronym_title,yes,yes,no,e68a5b1beee66c66a24185ee630717efe9efd82b4dd439b407a4e8b2e46031c3,0.3808,,,,,,,,,,,,,,,,,,,assessment_like,assessment_like_consistent,PSAT,PSAT,Assessment,College Board,False,False,False,standard_catalog_mapping
00eef71c5aa3c6af3aed9bac90f0e116081916db0f8c8fa74f6cbee10d01ab76,AL,NWEA MAP,,ELA,Assessment,7,3d6c5002a86d064608d518b7041d788d11bb1e498c257f4076fbf446f64e6826,2024-2025,missing,3d6c5002a86d064608d518b7041d788d11bb1e498c257f4076fbf446f64e6826,3d6c5002a86d064608d518b7041d788d11bb1e498c257f4076fbf446f64e6826,3d6c5002a86d064608d518b7041d788d11bb1e498c257f4076fbf446f64e6826,1,True,True,True,1.0,1.0,0.3997,low,True,False,primary,0.3997,0.3997,"{""primary"": {""prediction_count"": 4, ""top1_id"": ""3d6c5002a86d064608d518b7041d788d11bb1e498c257f4076fbf446f64e6826"", ""top1_score"": 0.3997}, ""publisher_as_title"": {""prediction_count"": 0, ""top1_id"": """", ""top1_score"": 0.0}, ""title_plus_publisher"": {""prediction_count"": 4, ""top1_id"": ""3d6c5002a86d064608d518b7041d788d11bb1e498c257f4076fbf446f64e6826"", ""top1_score"": 0.4377}, ""title_publisher_swapped"": {""prediction_count"": 0, ""top1_id"": """", ""top1_score"": 0.0}}",sparse,assessment_naming_regime,standard_state,standard_catalog_mapping,assessment_short_or_acronym_title,yes,yes,no,3d6c5002a86d064608d518b7041d788d11bb1e498c257f4076fbf446f64e6826,0.3997,dee0f2790440685546f3d5dba2a914e5d10319529e1129e4e363d41af2d536db,0.3792,9e229bfb2ece2adf64374f0207d12d981a7b227230351e4089b4ab7f24187233,0.377,6dc83f19f2778e373de44f283c4580bf6b2f7f496f696fbeba6cc0e9d33bf706,0.3691,,,,,,,,,,,,,assessment_like,assessment_like_consistent,NWEA: MAP Suite,MAP Suite,Assessment,Northwest Evaluation Association (NWEA),False,False,False,standard_catalog_mapping
0038157425d060437adf8ce36ec7d4ebe941fb6746b86ade39c1d0ff0fecf984,AR,ELPA21,,ELA,Assessment,7,9b41baefd0d7404d6bedc57ef09f5077e74359bcae70236a76c1418927415066,2023-2024,missing,9b41baefd0d7404d6bedc57ef09f5077e74359bcae70236a76c1418927415066,9b41baefd0d7404d6bedc57ef09f5077e74359bcae70236a76c1418927415066,9c2f748e68809dd9aaa22716c85f64dd8b0396fdfddc798bf92c8bf3adae63d9,0,False,False,False,0.0,0.0,0.4083,low,True,False,primary,0.4083,0.4083,"{""primary"": {""prediction_count"": 1, ""top1_id"": ""9c2f748e68809dd9aaa22716c85f64dd8b0396fdfddc798bf92c8bf3adae63d9"", ""top1_score"": 0.4083}, ""publisher_as_title"": {""prediction_count"": 0, ""top1_id"": """", ""top1_score"": 0.0}, ""title_plus_publisher"": {""prediction_count"": 1, ""top1_id"": ""9c2f748e68809dd9aaa22716c85f64dd8b0396fdfddc798bf92c8bf3adae63d9"", ""top1_score"": 0.4141}, ""title_publisher_swapped"": {""prediction_count"": 0, ""top1_id"": """", ""top1_score"": 0.0}}",sparse,assessment_naming_regime,standard_state,standard_catalog_mapping,assessment_short_or_acronym_title,yes,yes,no,9c2f748e68809dd9aaa22716c85f64dd8b0396fdfddc798bf92c8bf3adae63d9,0.4083,,,,,,,,,,,,,,,,,,,assessment_like,assessment_like_consistent,Other Assessment - Not in Catalog,Other,Assessment,Other,False,False,False,standard_catalog_mapping
0041c189eb57f823f5395ae9dc16ac3d9d706f5482eb1b0b210e6e2323752c00,AR,ELPA21,English Language Proficiency Assessment for the 21st Century (ELPA21),ELA,Assessment,9,9c2f748e68809dd9aaa22716c85f64dd8b0396fdfddc798bf92c8bf3adae63d9,2024-2025,present,9c2f748e68809dd9aaa22716c85f64dd8b0396fdfddc798bf92c8bf3adae63d9,9c2f748e68809dd9aaa22716c85f64dd8b0396fdfddc798bf92c8bf3adae63d9,9c2f748e68809dd9aaa22716c85f64dd8b0396fdfddc798bf92c8bf3adae63d9,1,True,True,True,1.0,1.0,0.6221,medium,False,False,primary,0.6221,0.6221,"{""primary"": {""prediction_count"": 1, ""top1_id"": ""9c2f748e68809dd9aaa22716c85f64dd8b0396fdfddc798bf92c8bf3adae63d9"", ""top1_score"": 0.6221}}",medium,assessment_naming_regime,standard_state,standard_catalog_mapping,assessment_short_or_acronym_title,yes,no,no,9c2f748e68809dd9aaa22716c85f64dd8b0396fdfddc798bf92c8bf3adae63d9,0.6221,,,,,,,,,,,,,,,,,,,assessment_like,assessment_like_consistent,English Language Proficiency Assessment for the 21st Century (ELPA21),English Language Proficiency Assessment for the 21st Century (ELPA21),Assessment,Regents of the University of California,False,False,False,standard_catalog_mapping
001bc951e763a6de602f6ea466f1cd7d89bc2e0a1db3313e3638e3cb893c1c56,AZ,AZELLA,,ELA,Assessment,4,5b06019e75db74cb43ec4bcdbec2c6dc71392d6fca239bdc06827c808f38b72c,2024-2025,missing,5b06019e75db74cb43ec4bcdbec2c6dc71392d6fca239bdc06827c808f38b72c,5b06019e75db74cb43ec4bcdbec2c6dc71392d6fca239bdc06827c808f38b72c,3d4d6e72a713ffa5cec81ddac8ff1fd6b6d5aac520f2adc314129eec21fb51b1,0,False,False,False,0.0,0.0,0.2632,very_low,True,True,title_plus_publisher,0.0,0.2632,"{""primary"": {""prediction_count"": 0, ""top1_id"": """", ""top1_score"": 0.0}, ""publisher_as_title"": {""prediction_count"": 0, ""top1_id"": """", ""top1_score"": 0.0}, ""title_plus_publisher"": {""prediction_count"": 1, ""top1_id"": ""3d4d6e72a713ffa5cec81ddac8ff1fd6b6d5aac520f2adc314129eec21fb51b1"", ""top1_score"": 0.2632}, ""title_publisher_swapped"": {""prediction_count"": 0, ""top1_id"": """", ""top1_score"": 0.0}}",sparse,assessment_naming_regime,standard_state,standard_catalog_mapping,assessment_short_or_acronym_title,yes,yes,no,3d4d6e72a713ffa5cec81ddac8ff1fd6b6d5aac520f2adc314129eec21fb51b1,0.2632,,,,,,,,,,,,,,,,,,,assessment_like,assessment_like_consistent,State Created Assessments,State Created Assessments,Assessment,State Created Materials,False,False,False,standard_catalog_mapping
001e4e5efb5ff6cffcd26b5543b735497e756238f6517010a005678a06e6fd51,AZ,"ACT Aspire - English, Math, Reading, Science, Writing",,ELA,Assessment,11,0b5831faa98b0826ca2de59de0de14bd81f64dba88f807edd3d1c62dc193c39f,2023-2024,missing,0b5831faa98b0826ca2de59de0de14bd81f64dba88f807edd3d1c62dc193c39f,0b5831faa98b0826ca2de59de0de14bd81f64dba88f807edd3d1c62dc193c39f,ff045787f423b430b12704459cedcc853fb14ddaa8dc09d3fb08e96fd9ea7a85,7,False,False,True,0.1429,0.3333,0.4972,low,True,True,title_plus_publisher,0.0,0.4972,"{""primary"": {""prediction_count"": 0, ""top1_id"": """", ""top1_score"": 0.0}, ""publisher_as_title"": {""prediction_count"": 0, ""top1_id"": """", ""top1_score"": 0.0}, ""title_plus_publisher"": {""prediction_count"": 7, ""top1_id"": ""ff045787f423b430b12704459cedcc853fb14ddaa8dc09d3fb08e96fd9ea7a85"", ""top1_score"": 0.4972}, ""title_publisher_swapped"": {""prediction_count"": 0, ""top1_id"": """", ""top1_score"": 0.0}}",medium,assessment_naming_regime,standard_state,standard_catalog_mapping,assessment_publisher_missing,no,yes,no,ff045787f423b430b12704459cedcc853fb14ddaa8dc09d3fb08e96fd9ea7a85,0.4972,111853e8aa9e408078e7bbb30b9bf1bdb1fe8320e14a706e13e766677c1d934e,0.4967,a9d8a8a51e40fc048a14b1911a4096c4b738883f7b3ca5ebd3f3e8b785f60a4a,0.4465,3149495899ba5b8c583aa656ad491d6297c14453e20abd51c7d3a28874dd280a,0.4193,447ab63a5a8e9439485af643856716cd4147ea380569167cb01a94e226b79893,0.3697,87ce3a6b2d05f7f7418933f51cf0289a2e38af8551bff0ee241d1b4b271a3bdd,0.3371,0b5831faa98b0826ca2de59de0de14bd81f64dba88f807edd3d1c62dc193c39f,0.3121,,,,,,,assessment_like,assessment_gold_present_selection_issue,ACT Aspire,ACT Aspire,Assessment,ACT,False,False,False,standard_catalog_mapping
008530e4d09dcbd3533072e98b3550ee92f9b834a71a31df0eb0e583d940b119,AZ,PSAT,,ELA,Assessment,NI,e68a5b1beee66c66a24185ee630717efe9efd82b4dd439b407a4e8b2e46031c3,2024-2025,missing,e68a5b1beee66c66a24185ee630717efe9efd82b4dd439b407a4e8b2e46031c3,e68a5b1beee66c66a24185ee630717efe9efd82b4dd439b407a4e8b2e46031c3,e68a5b1beee66c66a24185ee630717efe9efd82b4dd439b407a4e8b2e46031c3,1,True,True,True,1.0,1.0,0.3808,low,True,False,primary,0.3808,0.3808,"{""primary"": {""prediction_count"": 1, ""top1_id"": ""e68a5b1beee66c66a24185ee630717efe9efd82b4dd439b407a4e8b2e46031c3"", ""top1_score"": 0.3808}, ""publisher_as_title"": {""prediction_count"": 0, ""top1_id"": """", ""top1_score"": 0.0}, ""title_plus_publisher"": {""prediction_count"": 3, ""top1_id"": ""e68a5b1beee66c66a24185ee630717efe9efd82b4dd439b407a4e8b2e46031c3"", ""top1_score"": 0.5005}, ""title_publisher_swapped"": {""prediction_count"": 0, ""top1_id"": """", ""top1_score"": 0.0}}",sparse,assessment_naming_regime,standard_state,standard_catalog_mapping,assessment_short_or_acronym_title,yes,yes,no,e68a5b1beee66c66a24185ee630717efe9efd82b4dd439b407a4e8b2e46031c3,0.3808,,,,,,,,,,,,,,,,,,,assessment_like,assessment_like_consistent,PSAT,PSAT,Assessment,College Board,False,False,False,standard_catalog_mapping
001de09bad8760f0e38cad4082fd668b32f977c85400b1153f3758a7571b6c0e,AZ,Arizona's Academic Standards Assessment,Arizona Department of Education,ELA,Assessment,3,5b06019e75db74cb43ec4bcdbec2c6dc71392d6fca239bdc06827c808f38b72c,2023-2024,present,5b06019e75db74cb43ec4bcdbec2c6dc71392d6fca239bdc06827c808f38b72c,5b06019e75db74cb43ec4bcdbec2c6dc71392d6fca239bdc06827c808f38b72c,8832281176db08135f5f4a0e4a339ed1dc836ab661e3a0c3f69c9ec7f5a94ca0,0,False,False,False,0.0,0.0,0.4876,low,True,True,publisher_as_title,0.3408,0.4876,"{""primary"": {""prediction_count"": 4, ""top1_id"": ""50d146dedcc8cfc5cdd5363ef249e130f654f259a371e5441feef377a68a4e2c"", ""top1_score"": 0.3408}, ""publisher_as_title"": {""prediction_count"": 4, ""top1_id"": ""8832281176db08135f5f4a0e4a339ed1dc836ab661e3a0c3f69c9ec7f5a94ca0"", ""top1_score"": 0.4876}, ""title_plus_publisher"": {""prediction_count"": 0, ""top1_id"": """", ""top1_score"": 0.0}, ""title_publisher_swapped"": {""prediction_count"": 4, ""top1_id"": ""8832281176db08135f5f4a0e4a339ed1dc836ab661e3a0c3f69c9ec7f5a94ca0"", ""top1_score"": 0.3807}}",rich,assessment_naming_regime,standard_state,standard_catalog_mapping,assessment_other,no,no,no,8832281176db08135f5f4a0e4a339ed1dc836ab661e3a0c3f69c9ec7f5a94ca0,0.4876,2f435f5fc44af33e0a0afdcb6d7c5b2470de83984983ed91cb529c1e7ea7e79d,0.4391,d0be0c61cd402d8bb6e25667f51c19195aabcc8bafe481a31b8c2044970b898f,0.3797,6637b4a89aeb2da60ef313f989e64ccb9ba02b3780e2de27ddd54d5295436555,0.3312,,,,,,,,,,,,,assessment_like,assessment_like_consistent,State Created Assessments,State Created Assessments,Assessment,State Created Materials,False,False,False,standard_catalog_mapping
00018814494f2fd3d04bec642dd5a91f2920b98340fe8fff188b20e2b79826d9,CA,Summative Alternative ELPAC,,ELA,Assessment,9,5b06019e75db74cb43ec4bcdbec2c6dc71392d6fca239bdc06827c808f38b72c,2023-2024,missing,5b06019e75db74cb43ec4bcdbec2c6dc71392d6fca239bdc06827c808f38b72c,5b06019e75db74cb43ec4bcdbec2c6dc71392d6fca239bdc06827c808f38b72c,9c2f748e68809dd9aaa22716c85f64dd8b0396fdfddc798bf92c8bf3adae63d9,0,False,False,False,0.0,0.0,0.3464,low,True,True,title_plus_publisher,0.0,0.3464,"{""primary"": {""prediction_count"": 0, ""top1_id"": """", ""top1_score"": 0.0}, ""publisher_as_title"": {""prediction_count"": 0, ""top1_id"": """", ""top1_score"": 0.0}, ""title_plus_publisher"": {""prediction_count"": 1, ""top1_id"": ""9c2f748e68809dd9aaa22716c85f64dd8b0396fdfddc798bf92c8bf3adae63d9"", ""top1_score"": 0.3464}, ""title_publisher_swapped"": {""prediction_count"": 0, ""top1_id"": """", ""top1_score"": 0.0}}",medium,assessment_naming_regime,adoption_state_high_risk,standard_catalog_mapping,assessment_publisher_missing,no,yes,no,9c2f748e68809dd9aaa22716c85f64dd8b0396fdfddc798bf92c8bf3adae63d9,0.3464,,,,,,,,,,,,,,,,,,,assessment_like,assessment_like_consistent,State Created Assessments,State Created Assessments,Assessment,State Created Materials,False,False,False,standard_catalog_mapping
00049a32980fdfa230c885174a9dce13443b580bc3da824adf46e1b90a6d6179,CA,Smarter Balanced Summative Assessments,,ELA,Assessment,5,a193c1174801b4a108ad3fd62cc510746b53b05a1fa982ca1bd8689ec04f0d65,2024-2025,missing,a193c1174801b4a108ad3fd62cc510746b53b05a1fa982ca1bd8689ec04f0d65,a193c1174801b4a108ad3fd62cc510746b53b05a1fa982ca1bd8689ec04f0d65,50d146dedcc8cfc5cdd5363ef249e130f654f259a371e5441feef377a68a4e2c,2,False,True,True,0.5,0.6309,0.3945,low,True,False,primary,0.3945,0.3945,"{""primary"": {""prediction_count"": 7, ""top1_id"": ""50d146dedcc8cfc5cdd5363ef249e130f654f259a371e5441feef377a68a4e2c"", ""top1_score"": 0.3945}, ""publisher_as_title"": {""prediction_count"": 0, ""top1_id"": """", ""top1_score"": 0.0}, ""title_plus_publisher"": {""prediction_count"": 10, ""top1_id"": ""50d146dedcc8cfc5cdd5363ef249e130f654f259a371e5441feef377a68a4e2c"", ""top1_score"": 0.4666}, ""title_publisher_swapped"": {""prediction_count"": 0, ""top1_id"": """", ""top1_score"": 0.0}}",medium,assessment_naming_regime,adoption_state_high_risk,standard_catalog_mapping,assessment_publisher_missing,no,yes,no,50d146dedcc8cfc5cdd5363ef249e130f654f259a371e5441feef377a68a4e2c,0.3945,a193c1174801b4a108ad3fd62cc510746b53b05a1fa982ca1bd8689ec04f0d65,0.3744,56857edf7ee969e982d7a6aceec1cfa3310feeaa2665951d7257ecdbc8a6585e,0.2706,8367af1ee861498f27a54e66d30f33b33090a0df2400f4f8a3ae531dc462ef4b,0.2501,5cb3afc858d1ae3193e73fb9c24cb6de7480dd927d0db5309c407feaef9c3e00,0.2488,5b06019e75db74cb43ec4bcdbec2c6dc71392d6fca239bdc06827c808f38b72c,0.2275,61cd9bdcfd309ec294f0d5e279650ffd79c53359ee5edc84c0178605752c96d4,0.2228,,,,,,,assessment_like,assessment_gold_present_selection_issue,The Smarter Balanced Assessment System,The Smarter Balanced Assessment System,Assessment,Smarter Balanced,False,False,False,standard_catalog_mapping
000549020b1a578b389166ad1bcc8290df1b0ac9262ca1ab6e1315cc50475992,CA,Social Emotional Learning Survey,,ELA,Assessment,5,8bc4b916ea5ccc05c4810bf1e3bd7d078b7a86856fdf67184bf63e3609de57b9,2023-2024,missing,8bc4b916ea5ccc05c4810bf1e3bd7d078b7a86856fdf67184bf63e3609de57b9,8bc4b916ea5ccc05c4810bf1e3bd7d078b7a86856fdf67184bf63e3609de57b9,,0,False,False,False,0.0,0.0,0.0,no_prediction,True,False,primary,0.0,0.0,"{""primary"": {""prediction_count"": 0, ""top1_id"": """", ""top1_score"": 0.0}, ""publisher_as_title"": {""prediction_count"": 0, ""top1_id"": """", ""top1_score"": 0.0}, ""title_plus_publisher"": {""prediction_count"": 0, ""top1_id"": """", ""top1_score"": 0.0}, ""title_publisher_swapped"": {""prediction_count"": 0, ""top1_id"": """", ""top1_score"": 0.0}}",medium,assessment_naming_regime,adoption_state_high_risk,standard_catalog_mapping,assessment_publisher_missing,no,yes,no,,,,,,,,,,,,,,,,,,,,,assessment_like,assessment_like_consistent,District Created Assessments,District Created Assessments,Assessment,District Created Materials,False,False,False,standard_catalog_mapping
001057b6fabf3181044e292f6b602e7a07b2504dc47a16e67e15bf53088a71ca,CA,Literably,,ELA,Assessment,K,9b41baefd0d7404d6bedc57ef09f5077e74359bcae70236a76c1418927415066,2023-2024,missing,9b41baefd0d7404d6bedc57ef09f5077e74359bcae70236a76c1418927415066,9b41baefd0d7404d6bedc57ef09f5077e74359bcae70236a76c1418927415066,21dd8e0d4587d9fd9c14f509bd8f2b9cdc5f6bf5b677cc343edcb3c92519971a,0,False,False,False,0.0,0.0,0.4264,low,True,True,title_plus_publisher,0.0,0.4264,"{""primary"": {""prediction_count"": 0, ""top1_id"": """", ""top1_score"": 0.0}, ""publisher_as_title"": {""prediction_count"": 0, ""top1_id"": """", ""top1_score"": 0.0}, ""title_plus_publisher"": {""prediction_count"": 3, ""top1_id"": ""21dd8e0d4587d9fd9c14f509bd8f2b9cdc5f6bf5b677cc343edcb3c92519971a"", ""top1_score"": 0.4264}, ""title_publisher_swapped"": {""prediction_count"": 0, ""top1_id"": """", ""top1_score"": 0.0}}",sparse,assessment_naming_regime,adoption_state_high_risk,standard_catalog_mapping,assessment_short_or_acronym_title,yes,yes,no,21dd8e0d4587d9fd9c14f509bd8f2b9cdc5f6bf5b677cc343edcb3c92519971a,0.4264,1ecd5f28439bc395e4a9fd7f2afc923ebf4d1d937668e33c8639f85f497c16ca,0.3343,043608b2002c12b10bd0b210537ae5072c5eb05235f1232d9ced87592356a809,0.2706,,,,,,,,,,,,,,,assessment_like,assessment_like_consistent,Other Assessment - Not in Catalog,Other,Assessment,Other,False,False,False,standard_catalog_mapping
001704d9c1d19584edbb1622ac644bcb6897e0367d8cd4bab97a2df12bd6e7a2,CA,Smarter Balanced Summative Assessments,,ELA,Assessment,3,a193c1174801b4a108ad3fd62cc510746b53b05a1fa982ca1bd8689ec04f0d65,2024-2025,missing,a193c1174801b4a108ad3fd62cc510746b53b05a1fa982ca1bd8689ec04f0d65,a193c1174801b4a108ad3fd62cc510746b53b05a1fa982ca1bd8689ec04f0d65,a193c1174801b4a108ad3fd62cc510746b53b05a1fa982ca1bd8689ec04f0d65,1,True,True,True,1.0,1.0,0.3744,low,True,False,primary,0.3744,0.3744,"{""primary"": {""prediction_count"": 7, ""top1_id"": ""a193c1174801b4a108ad3fd62cc510746b53b05a1fa982ca1bd8689ec04f0d65"", ""top1_score"": 0.3744}, ""publisher_as_title"": {""prediction_count"": 0, ""top1_id"": """", ""top1_score"": 0.0}, ""title_plus_publisher"": {""prediction_count"": 10, ""top1_id"": ""a193c1174801b4a108ad3fd62cc510746b53b05a1fa982ca1bd8689ec04f0d65"", ""top1_score"": 0.4095}, ""title_publisher_swapped"": {""prediction_count"": 0, ""top1_id"": """", ""top1_score"": 0.0}}",medium,assessment_naming_regime,adoption_state_high_risk,standard_catalog_mapping,assessment_publisher_missing,no,yes,no,a193c1174801b4a108ad3fd62cc510746b53b05a1fa982ca1bd8689ec04f0d65,0.3744,50d146dedcc8cfc5cdd5363ef249e130f654f259a371e5441feef377a68a4e2c,0.2745,56857edf7ee969e982d7a6aceec1cfa3310feeaa2665951d7257ecdbc8a6585e,0.2706,8367af1ee861498f27a54e66d30f33b33090a0df2400f4f8a3ae531dc462ef4b,0.2501,5cb3afc858d1ae3193e73fb9c24cb6de7480dd927d0db5309c407feaef9c3e00,0.2488,5b06019e75db74cb43ec4bcdbec2c6dc71392d6fca239bdc06827c808f38b72c,0.2275,61cd9bdcfd309ec294f0d5e279650ffd79c53359ee5edc84c0178605752c96d4,0.2228,,,,,,,assessment_like,assessment_like_consistent,The Smarter Balanced Assessment System,The Smarter Balanced Assessment System,Assessment,Smarter Balanced,False,False,False,standard_catalog_mapping
001b54462f2fcaa23e098f9d5433c332b434564f948cd3f9fea2896e32abf06f,CA,CAASPP (California Assessment of Student Performance and Progress),,ELA,Assessment,5,5b06019e75db74cb43ec4bcdbec2c6dc71392d6fca239bdc06827c808f38b72c,2024-2025,missing,5b06019e75db74cb43ec4bcdbec2c6dc71392d6fca239bdc06827c808f38b72c,5b06019e75db74cb43ec4bcdbec2c6dc71392d6fca239bdc06827c808f38b72c,,0,False,False,False,0.0,0.0,0.0,no_prediction,True,False,primary,0.0,0.0,"{""primary"": {""prediction_count"": 0, ""top1_id"": """", ""top1_score"": 0.0}, ""publisher_as_title"": {""prediction_count"": 0, ""top1_id"": """", ""top1_score"": 0.0}, ""title_plus_publisher"": {""prediction_count"": 0, ""top1_id"": """", ""top1_score"": 0.0}, ""title_publisher_swapped"": {""prediction_count"": 0, ""top1_id"": """", ""top1_score"": 0.0}}",medium,assessment_naming_regime,adoption_state_high_risk,standard_catalog_mapping,assessment_publisher_missing,no,yes,no,,,,,,,,,,,,,,,,,,,,,assessment_like,assessment_like_consistent,State Created Assessments,State Created Assessments,Assessment,State Created Materials,False,False,False,standard_catalog_mapping
001c2f8741dfdd03466c6d0ff8041719cf0cf92ba099283c27528cbbc190995f,CA,Standardized Testing and Reporting (STAR) Program,,ELA,Assessment,2,61cd9bdcfd309ec294f0d5e279650ffd79c53359ee5edc84c0178605752c96d4,2024-2025,missing,61cd9bdcfd309ec294f0d5e279650ffd79c53359ee5edc84c0178605752c96d4,61cd9bdcfd309ec294f0d5e279650ffd79c53359ee5edc84c0178605752c96d4,61cd9bdcfd309ec294f0d5e279650ffd79c53359ee5edc84c0178605752c96d4,1,True,True,True,1.0,1.0,0.374,low,True,True,title_plus_publisher,0.0,0.374,"{""primary"": {""prediction_count"": 0, ""top1_id"": """", ""top1_score"": 0.0}, ""publisher_as_title"": {""prediction_count"": 0, ""top1_id"": """", ""top1_score"": 0.0}, ""title_plus_publisher"": {""prediction_count"": 6, ""top1_id"": ""61cd9bdcfd309ec294f0d5e279650ffd79c53359ee5edc84c0178605752c96d4"", ""top1_score"": 0.374}, ""title_publisher_swapped"": {""prediction_count"": 0, ""top1_id"": """", ""top1_score"": 0.0}}",medium,assessment_naming_regime,adoption_state_high_risk,standard_catalog_mapping,assessment_publisher_missing,no,yes,no,61cd9bdcfd309ec294f0d5e279650ffd79c53359ee5edc84c0178605752c96d4,0.374,9ed91f74d257d51ce74e10dda9aaed500026c9f99341e2fae71fc94f98994059,0.3437,13c7d417bd750772c471aea2414b16e8eae3837ae47bdc952203981ccd03aa7a,0.2518,9f7e5684bd9ee8d6d0950a4ce9ff89f64740078db02e0f031d53f09a22ec1807,0.236,b5c789188a03618898394b9532e96330829db17635641a05c9ea44697762b8b7,0.2113,4264895e4341ef7c535356e0a805b131e8f3fcc27ef64f270821fc6f73cf2f02,0.2113,,,,,,,,,assessment_like,assessment_like_consistent,Star Assessments,Star Assessments,Assessment,Renaissance,False,False,False,standard_catalog_mapping
001fae91db9296d2bc16c95971bc75ace35d88d5f315ac891d9d4ad4ffdd6704,CA,ENGLISH LANGUAGE PROFICIENCY ASSESSMENT FOR CALIFORNIA (ELPAC),,ELA,Assessment,10,5b06019e75db74cb43ec4bcdbec2c6dc71392d6fca239bdc06827c808f38b72c,2023-2024,missing,5b06019e75db74cb43ec4bcdbec2c6dc71392d6fca239bdc06827c808f38b72c,5b06019e75db74cb43ec4bcdbec2c6dc71392d6fca239bdc06827c808f38b72c,9c2f748e68809dd9aaa22716c85f64dd8b0396fdfddc798bf92c8bf3adae63d9,0,False,False,False,0.0,0.0,0.364,low,True,False,primary,0.364,0.364,"{""primary"": {""prediction_count"": 1, ""top1_id"": ""9c2f748e68809dd9aaa22716c85f64dd8b0396fdfddc798bf92c8bf3adae63d9"", ""top1_score"": 0.364}, ""publisher_as_title"": {""prediction_count"": 0, ""top1_id"": """", ""top1_score"": 0.0}, ""title_plus_publisher"": {""prediction_count"": 1, ""top1_id"": ""9c2f748e68809dd9aaa22716c85f64dd8b0396fdfddc798bf92c8bf3adae63d9"", ""top1_score"": 0.3819}, ""title_publisher_swapped"": {""prediction_count"": 0, ""top1_id"": """", ""top1_score"": 0.0}}",medium,assessment_naming_regime,adoption_state_high_risk,standard_catalog_mapping,assessment_publisher_missing,no,yes,no,9c2f748e68809dd9aaa22716c85f64dd8b0396fdfddc798bf92c8bf3adae63d9,0.364,,,,,,,,,,,,,,,,,,,assessment_like,assessment_like_consistent,State Created Assessments,State Created Assessments,Assessment,State Created Materials,False,False,False,standard_catalog_mapping
0021c07f8a032329b9edf2b3801e622b67094eb774cba9b2f9217640b3f558c1,CA,CAASPP,,ELA,Assessment,6,5b06019e75db74cb43ec4bcdbec2c6dc71392d6fca239bdc06827c808f38b72c,2024-2025,missing,5b06019e75db74cb43ec4bcdbec2c6dc71392d6fca239bdc06827c808f38b72c,5b06019e75db74cb43ec4bcdbec2c6dc71392d6fca239bdc06827c808f38b72c,47321e3d59430b36798a9b6fc2c7f228174e0ab66703f1bdd52c372d0b03f8bd,0,False,False,False,0.0,0.0,0.3838,low,True,True,title_plus_publisher,0.0,0.3838,"{""primary"": {""prediction_count"": 0, ""top1_id"": """", ""top1_score"": 0.0}, ""publisher_as_title"": {""prediction_count"": 0, ""top1_id"": """", ""top1_score"": 0.0}, ""title_plus_publisher"": {""prediction_count"": 2, ""top1_id"": ""47321e3d59430b36798a9b6fc2c7f228174e0ab66703f1bdd52c372d0b03f8bd"", ""top1_score"": 0.3838}, ""title_publisher_swapped"": {""prediction_count"": 0, ""top1_id"": """", ""top1_score"": 0.0}}",sparse,assessment_naming_regime,adoption_state_high_risk,standard_catalog_mapping,assessment_short_or_acronym_title,yes,yes,no,47321e3d59430b36798a9b6fc2c7f228174e0ab66703f1bdd52c372d0b03f8bd,0.3838,986557ff1b5e847f69566fa2a2c885c990e3f4c01316cc0d5455b94f9435e858,0.2722,,,,,,,,,,,,,,,,,assessment_like,assessment_like_consistent,State Created Assessments,State Created Assessments,Assessment,State Created Materials,False,False,False,standard_catalog_mapping
0022e9f226c959415539b561121b2c3d98d2bdc619fe2252ce6e54435612d054,CA,ELPAC,,ELA,Assessment,3,9c2f748e68809dd9aaa22716c85f64dd8b0396fdfddc798bf92c8bf3adae63d9,2024-2025,missing,9c2f748e68809dd9aaa22716c85f64dd8b0396fdfddc798bf92c8bf3adae63d9,9c2f748e68809dd9aaa22716c85f64dd8b0396fdfddc798bf92c8bf3adae63d9,9c2f748e68809dd9aaa22716c85f64dd8b0396fdfddc798bf92c8bf3adae63d9,1,True,True,True,1.0,1.0,0.3283,low,True,False,primary,0.3283,0.3283,"{""primary"": {""prediction_count"": 1, ""top1_id"": ""9c2f748e68809dd9aaa22716c85f64dd8b0396fdfddc798bf92c8bf3adae63d9"", ""top1_score"": 0.3283}, ""publisher_as_title"": {""prediction_count"": 0, ""top1_id"": """", ""top1_score"": 0.0}, ""title_plus_publisher"": {""prediction_count"": 4, ""top1_id"": ""9c2f748e68809dd9aaa22716c85f64dd8b0396fdfddc798bf92c8bf3adae63d9"", ""top1_score"": 0.3472}, ""title_publisher_swapped"": {""prediction_count"": 0, ""top1_id"": """", ""top1_score"": 0.0}}",sparse,assessment_naming_regime,adoption_state_high_risk,standard_catalog_mapping,assessment_short_or_acronym_title,yes,yes,no,9c2f748e68809dd9aaa22716c85f64dd8b0396fdfddc798bf92c8bf3adae63d9,0.3283,,,,,,,,,,,,,,,,,,,assessment_like,assessment_like_consistent,English Language Proficiency Assessment for the 21st Century (ELPA21),English Language Proficiency Assessment for the 21st Century (ELPA21),Assessment,Regents of the University of California,False,False,False,standard_catalog_mapping
00274e325088c2603e17ac7ad6ca4f088d26411de29caf76e7eec60fa4c2e9cb,CA,English Language Proficiency Assessments for California (ELPAC),,ELA,Assessment,4,5b06019e75db74cb43ec4bcdbec2c6dc71392d6fca239bdc06827c808f38b72c,2024-2025,missing,5b06019e75db74cb43ec4bcdbec2c6dc71392d6fca239bdc06827c808f38b72c,5b06019e75db74cb43ec4bcdbec2c6dc71392d6fca239bdc06827c808f38b72c,9c2f748e68809dd9aaa22716c85f64dd8b0396fdfddc798bf92c8bf3adae63d9,0,False,False,False,0.0,0.0,0.362,low,True,False,primary,0.362,0.362,"{""primary"": {""prediction_count"": 1, ""top1_id"": ""9c2f748e68809dd9aaa22716c85f64dd8b0396fdfddc798bf92c8bf3adae63d9"", ""top1_score"": 0.362}, ""publisher_as_title"": {""prediction_count"": 0, ""top1_id"": """", ""top1_score"": 0.0}, ""title_plus_publisher"": {""prediction_count"": 1, ""top1_id"": ""9c2f748e68809dd9aaa22716c85f64dd8b0396fdfddc798bf92c8bf3adae63d9"", ""top1_score"": 0.3793}, ""title_publisher_swapped"": {""prediction_count"": 0, ""top1_id"": """", ""top1_score"": 0.0}}",medium,assessment_naming_regime,adoption_state_high_risk,standard_catalog_mapping,assessment_publisher_missing,no,yes,no,9c2f748e68809dd9aaa22716c85f64dd8b0396fdfddc798bf92c8bf3adae63d9,0.362,,,,,,,,,,,,,,,,,,,assessment_like,assessment_like_consistent,State Created Assessments,State Created Assessments,Assessment,State Created Materials,False,False,False,standard_catalog_mapping
002b5e9145d758fad9aebcff18231c45e1faa0e6d092d04913b477049a52b21d,CA,California Alternative Assessments,,ELA,Assessment,8,5b06019e75db74cb43ec4bcdbec2c6dc71392d6fca239bdc06827c808f38b72c,2023-2024,missing,5b06019e75db74cb43ec4bcdbec2c6dc71392d6fca239bdc06827c808f38b72c,5b06019e75db74cb43ec4bcdbec2c6dc71392d6fca239bdc06827c808f38b72c,3a21f8ce3fa34658ad8dc255a0b5956f3388da11929f41a35919827fc929b448,0,False,False,False,0.0,0.0,0.2871,very_low,True,False,primary,0.2871,0.2871,"{""primary"": {""prediction_count"": 5, ""top1_id"": ""3a21f8ce3fa34658ad8dc255a0b5956f3388da11929f41a35919827fc929b448"", ""top1_score"": 0.2871}, ""publisher_as_title"": {""prediction_count"": 0, ""top1_id"": """", ""top1_score"": 0.0}, ""title_plus_publisher"": {""prediction_count"": 10, ""top1_id"": ""7e25ba5a5e60d9711114698c39b5f47883e5374dbf152c8a5757762b3aac5da9"", ""top1_score"": 0.3845}, ""title_publisher_swapped"": {""prediction_count"": 0, ""top1_id"": """", ""top1_score"": 0.0}}",medium,assessment_naming_regime,adoption_state_high_risk,standard_catalog_mapping,assessment_publisher_missing,no,yes,no,3a21f8ce3fa34658ad8dc255a0b5956f3388da11929f41a35919827fc929b448,0.2871,50d146dedcc8cfc5cdd5363ef249e130f654f259a371e5441feef377a68a4e2c,0.2694,56857edf7ee969e982d7a6aceec1cfa3310feeaa2665951d7257ecdbc8a6585e,0.2288,5cb3afc858d1ae3193e73fb9c24cb6de7480dd927d0db5309c407feaef9c3e00,0.2244,7c5a80ae2b4ce40c9419c777933d5ce858c0c8479965dd8ae9f95086723e199c,0.1957,,,,,,,,,,,assessment_like,assessment_like_consistent,State Created Assessments,State Created Assessments,Assessment,State Created Materials,False,False,False,standard_catalog_mapping
002e3430596089c3ed48a09df50dfdf248634ca99a3e0f18044119fa4a7c6f93,CA,Star 360,,ELA,Assessment,TK,61cd9bdcfd309ec294f0d5e279650ffd79c53359ee5edc84c0178605752c96d4,2024-2025,missing,61cd9bdcfd309ec294f0d5e279650ffd79c53359ee5edc84c0178605752c96d4,61cd9bdcfd309ec294f0d5e279650ffd79c53359ee5edc84c0178605752c96d4,356161357c333b2f284e8a7a2d469342133bc7eca5ae3b09e438b14284d957b8,0,False,False,False,0.0,0.0,0.2395,very_low,True,True,title_plus_publisher,0.0,0.2395,"{""primary"": {""prediction_count"": 0, ""top1_id"": """", ""top1_score"": 0.0}, ""publisher_as_title"": {""prediction_count"": 0, ""top1_id"": """", ""top1_score"": 0.0}, ""title_plus_publisher"": {""prediction_count"": 1, ""top1_id"": ""356161357c333b2f284e8a7a2d469342133bc7eca5ae3b09e438b14284d957b8"", ""top1_score"": 0.2395}, ""title_publisher_swapped"": {""prediction_count"": 0, ""top1_id"": """", ""top1_score"": 0.0}}",sparse,assessment_naming_regime,adoption_state_high_risk,standard_catalog_mapping,assessment_short_or_acronym_title,yes,yes,no,356161357c333b2f284e8a7a2d469342133bc7eca5ae3b09e438b14284d957b8,0.2395,,,,,,,,,,,,,,,,,,,assessment_like,assessment_like_consistent,Star Assessments,Star Assessments,Assessment,Renaissance,False,False,False,standard_catalog_mapping
002ea846d3352fc31f6bdd7da68da5a6c9b4e4a60d7841529a6259fb5a3176da,CA,California Assessment of Student Performance and Assessment (CAASPP),,ELA,Assessment,3,5b06019e75db74cb43ec4bcdbec2c6dc71392d6fca239bdc06827c808f38b72c,2024-2025,missing,5b06019e75db74cb43ec4bcdbec2c6dc71392d6fca239bdc06827c808f38b72c,5b06019e75db74cb43ec4bcdbec2c6dc71392d6fca239bdc06827c808f38b72c,,0,False,False,False,0.0,0.0,0.0,no_prediction,True,False,primary,0.0,0.0,"{""primary"": {""prediction_count"": 0, ""top1_id"": """", ""top1_score"": 0.0}, ""publisher_as_title"": {""prediction_count"": 0, ""top1_id"": """", ""top1_score"": 0.0}, ""title_plus_publisher"": {""prediction_count"": 0, ""top1_id"": """", ""top1_score"": 0.0}, ""title_publisher_swapped"": {""prediction_count"": 0, ""top1_id"": """", ""top1_score"": 0.0}}",medium,assessment_naming_regime,adoption_state_high_risk,standard_catalog_mapping,assessment_publisher_missing,no,yes,no,,,,,,,,,,,,,,,,,,,,,assessment_like,assessment_like_consistent,State Created Assessments,State Created Assessments,Assessment,State Created Materials,False,False,False,standard_catalog_mapping
00343221c535f838a61a327493b09e2ae61129edaa07ba036116adea875cd1e0,CA,iReady Benchmark and Literacy Tasks,,ELA,Assessment,6,56857edf7ee969e982d7a6aceec1cfa3310feeaa2665951d7257ecdbc8a6585e,2024-2025,missing,56857edf7ee969e982d7a6aceec1cfa3310feeaa2665951d7257ecdbc8a6585e,56857edf7ee969e982d7a6aceec1cfa3310feeaa2665951d7257ecdbc8a6585e,527161b559ff92bbbfa3dc77fe7c946e4aefe32ff39d640b83360540f22b4289,0,False,False,False,0.0,0.0,0.5057,medium,True,False,primary,0.5057,0.5057,"{""primary"": {""prediction_count"": 1, ""top1_id"": ""527161b559ff92bbbfa3dc77fe7c946e4aefe32ff39d640b83360540f22b4289"", ""top1_score"": 0.5057}, ""publisher_as_title"": {""prediction_count"": 0, ""top1_id"": """", ""top1_score"": 0.0}, ""title_plus_publisher"": {""prediction_count"": 3, ""top1_id"": ""527161b559ff92bbbfa3dc77fe7c946e4aefe32ff39d640b83360540f22b4289"", ""top1_score"": 0.5736}, ""title_publisher_swapped"": {""prediction_count"": 0, ""top1_id"": """", ""top1_score"": 0.0}}",medium,assessment_naming_regime,adoption_state_high_risk,standard_catalog_mapping,assessment_publisher_missing,no,yes,no,527161b559ff92bbbfa3dc77fe7c946e4aefe32ff39d640b83360540f22b4289,0.5057,,,,,,,,,,,,,,,,,,,assessment_like,assessment_like_consistent,i-Ready Assessment,i-Ready Assessment,Assessment,Curriculum Associates,False,False,False,standard_catalog_mapping
003a7c324d0448e4ab416384b88ee385934490ba6bdcde6f611c52db9b375924,CA,ELPAC,,ELA,Assessment,10,5b06019e75db74cb43ec4bcdbec2c6dc71392d6fca239bdc06827c808f38b72c,2023-2024,missing,5b06019e75db74cb43ec4bcdbec2c6dc71392d6fca239bdc06827c808f38b72c,5b06019e75db74cb43ec4bcdbec2c6dc71392d6fca239bdc06827c808f38b72c,9c2f748e68809dd9aaa22716c85f64dd8b0396fdfddc798bf92c8bf3adae63d9,0,False,False,False,0.0,0.0,0.3283,low,True,False,primary,0.3283,0.3283,"{""primary"": {""prediction_count"": 1, ""top1_id"": ""9c2f748e68809dd9aaa22716c85f64dd8b0396fdfddc798bf92c8bf3adae63d9"", ""top1_score"": 0.3283}, ""publisher_as_title"": {""prediction_count"": 0, ""top1_id"": """", ""top1_score"": 0.0}, ""title_plus_publisher"": {""prediction_count"": 4, ""top1_id"": ""9c2f748e68809dd9aaa22716c85f64dd8b0396fdfddc798bf92c8bf3adae63d9"", ""top1_score"": 0.3472}, ""title_publisher_swapped"": {""prediction_count"": 0, ""top1_id"": """", ""top1_score"": 0.0}}",sparse,assessment_naming_regime,adoption_state_high_risk,standard_catalog_mapping,assessment_short_or_acronym_title,yes,yes,no,9c2f748e68809dd9aaa22716c85f64dd8b0396fdfddc798bf92c8bf3adae63d9,0.3283,,,,,,,,,,,,,,,,,,,assessment_like,assessment_like_consistent,State Created Assessments,State Created Assessments,Assessment,State Created Materials,False,False,False,standard_catalog_mapping
003aa599c545c035d1c3b95171b6bfecccaa207d1a855a8ca84d21d41fb6056a,CA,ELPAC,,ELA,Assessment,1,5b06019e75db74cb43ec4bcdbec2c6dc71392d6fca239bdc06827c808f38b72c,2024-2025,missing,5b06019e75db74cb43ec4bcdbec2c6dc71392d6fca239bdc06827c808f38b72c,5b06019e75db74cb43ec4bcdbec2c6dc71392d6fca239bdc06827c808f38b72c,9c2f748e68809dd9aaa22716c85f64dd8b0396fdfddc798bf92c8bf3adae63d9,0,False,False,False,0.0,0.0,0.3283,low,True,False,primary,0.3283,0.3283,"{""primary"": {""prediction_count"": 1, ""top1_id"": ""9c2f748e68809dd9aaa22716c85f64dd8b0396fdfddc798bf92c8bf3adae63d9"", ""top1_score"": 0.3283}, ""publisher_as_title"": {""prediction_count"": 0, ""top1_id"": """", ""top1_score"": 0.0}, ""title_plus_publisher"": {""prediction_count"": 4, ""top1_id"": ""cbec62ad046d2066da96b5a2329ab09dfc078906ffbe68b400a844338c53d545"", ""top1_score"": 0.3835}, ""title_publisher_swapped"": {""prediction_count"": 0, ""top1_id"": """", ""top1_score"": 0.0}}",sparse,assessment_naming_regime,adoption_state_high_risk,standard_catalog_mapping,assessment_short_or_acronym_title,yes,yes,no,9c2f748e68809dd9aaa22716c85f64dd8b0396fdfddc798bf92c8bf3adae63d9,0.3283,,,,,,,,,,,,,,,,,,,assessment_like,assessment_like_consistent,State Created Assessments,State Created Assessments,Assessment,State Created Materials,False,False,False,standard_catalog_mapping
003fc3ed43f84b0ff35ac51d00b22cab75513d58d4d9c405777f7009a56c66f1,CA,Smarter Balanced,,ELA,Assessment,7,a193c1174801b4a108ad3fd62cc510746b53b05a1fa982ca1bd8689ec04f0d65,2024-2025,missing,a193c1174801b4a108ad3fd62cc510746b53b05a1fa982ca1bd8689ec04f0d65,a193c1174801b4a108ad3fd62cc510746b53b05a1fa982ca1bd8689ec04f0d65,a193c1174801b4a108ad3fd62cc510746b53b05a1fa982ca1bd8689ec04f0d65,1,True,True,True,1.0,1.0,0.3502,low,True,True,title_plus_publisher,0.0,0.3502,"{""primary"": {""prediction_count"": 0, ""top1_id"": """", ""top1_score"": 0.0}, ""publisher_as_title"": {""prediction_count"": 0, ""top1_id"": """", ""top1_score"": 0.0}, ""title_plus_publisher"": {""prediction_count"": 1, ""top1_id"": ""a193c1174801b4a108ad3fd62cc510746b53b05a1fa982ca1bd8689ec04f0d65"", ""top1_score"": 0.3502}, ""title_publisher_swapped"": {""prediction_count"": 0, ""top1_id"": """", ""top1_score"": 0.0}}",sparse,assessment_naming_regime,adoption_state_high_risk,standard_catalog_mapping,assessment_short_or_acronym_title,yes,yes,no,a193c1174801b4a108ad3fd62cc510746b53b05a1fa982ca1bd8689ec04f0d65,0.3502,,,,,,,,,,,,,,,,,,,assessment_like,assessment_like_consistent,The Smarter Balanced Assessment System,The Smarter Balanced Assessment System,Assessment,Smarter Balanced,False,False,False,standard_catalog_mapping
00415a6a3e04c2f47a576717215d9500c6e80084a5fd5db328f26e9f57a17c25,CA,Alternate ELPAC,,ELA,Assessment,11,5b06019e75db74cb43ec4bcdbec2c6dc71392d6fca239bdc06827c808f38b72c,2023-2024,missing,5b06019e75db74cb43ec4bcdbec2c6dc71392d6fca239bdc06827c808f38b72c,5b06019e75db74cb43ec4bcdbec2c6dc71392d6fca239bdc06827c808f38b72c,9c2f748e68809dd9aaa22716c85f64dd8b0396fdfddc798bf92c8bf3adae63d9,0,False,False,False,0.0,0.0,0.3433,low,True,True,title_plus_publisher,0.0,0.3433,"{""primary"": {""prediction_count"": 0, ""top1_id"": """", ""top1_score"": 0.0}, ""publisher_as_title"": {""prediction_count"": 0, ""top1_id"": """", ""top1_score"": 0.0}, ""title_plus_publisher"": {""prediction_count"": 3, ""top1_id"": ""9c2f748e68809dd9aaa22716c85f64dd8b0396fdfddc798bf92c8bf3adae63d9"", ""top1_score"": 0.3433}, ""title_publisher_swapped"": {""prediction_count"": 0, ""top1_id"": """", ""top1_score"": 0.0}}",sparse,assessment_naming_regime,adoption_state_high_risk,standard_catalog_mapping,assessment_short_or_acronym_title,yes,yes,no,9c2f748e68809dd9aaa22716c85f64dd8b0396fdfddc798bf92c8bf3adae63d9,0.3433,7edb8b65c13503f8ce838e9abb5ad0db33ce52662d1ad41da0cce66e9ade270c,0.2648,cbec62ad046d2066da96b5a2329ab09dfc078906ffbe68b400a844338c53d545,0.2609,,,,,,,,,,,,,,,assessment_like,assessment_like_consistent,State Created Assessments,State Created Assessments,Assessment,State Created Materials,False,False,False,standard_catalog_mapping
004e28ca20367a47aa6ab6737e73f82ac5b5d3927f36aef95969b2e81f58d7ee,CA,English Language Proficiency Assessments for California (ELPAC),,ELA,Assessment,10,5b06019e75db74cb43ec4bcdbec2c6dc71392d6fca239bdc06827c808f38b72c,2024-2025,missing,5b06019e75db74cb43ec4bcdbec2c6dc71392d6fca239bdc06827c808f38b72c,5b06019e75db74cb43ec4bcdbec2c6dc71392d6fca239bdc06827c808f38b72c,9c2f748e68809dd9aaa22716c85f64dd8b0396fdfddc798bf92c8bf3adae63d9,0,False,False,False,0.0,0.0,0.362,low,True,False,primary,0.362,0.362,"{""primary"": {""prediction_count"": 1, ""top1_id"": ""9c2f748e68809dd9aaa22716c85f64dd8b0396fdfddc798bf92c8bf3adae63d9"", ""top1_score"": 0.362}, ""publisher_as_title"": {""prediction_count"": 0, ""top1_id"": """", ""top1_score"": 0.0}, ""title_plus_publisher"": {""prediction_count"": 1, ""top1_id"": ""9c2f748e68809dd9aaa22716c85f64dd8b0396fdfddc798bf92c8bf3adae63d9"", ""top1_score"": 0.3793}, ""title_publisher_swapped"": {""prediction_count"": 0, ""top1_id"": """", ""top1_score"": 0.0}}",medium,assessment_naming_regime,adoption_state_high_risk,standard_catalog_mapping,assessment_publisher_missing,no,yes,no,9c2f748e68809dd9aaa22716c85f64dd8b0396fdfddc798bf92c8bf3adae63d9,0.362,,,,,,,,,,,,,,,,,,,assessment_like,assessment_like_consistent,State Created Assessments,State Created Assessments,Assessment,State Created Materials,False,False,False,standard_catalog_mapping
004ef69aaf46c2a72074e76dea314a6d3dd049c38898619ae55cd2075382d604,CA,Smarter Balanced Summative Assessments,,ELA,Assessment,3,a193c1174801b4a108ad3fd62cc510746b53b05a1fa982ca1bd8689ec04f0d65,2024-2025,missing,a193c1174801b4a108ad3fd62cc510746b53b05a1fa982ca1bd8689ec04f0d65,a193c1174801b4a108ad3fd62cc510746b53b05a1fa982ca1bd8689ec04f0d65,a193c1174801b4a108ad3fd62cc510746b53b05a1fa982ca1bd8689ec04f0d65,1,True,True,True,1.0,1.0,0.3744,low,True,False,primary,0.3744,0.3744,"{""primary"": {""prediction_count"": 7, ""top1_id"": ""a193c1174801b4a108ad3fd62cc510746b53b05a1fa982ca1bd8689ec04f0d65"", ""top1_score"": 0.3744}, ""publisher_as_title"": {""prediction_count"": 0, ""top1_id"": """", ""top1_score"": 0.0}, ""title_plus_publisher"": {""prediction_count"": 10, ""top1_id"": ""a193c1174801b4a108ad3fd62cc510746b53b05a1fa982ca1bd8689ec04f0d65"", ""top1_score"": 0.4095}, ""title_publisher_swapped"": {""prediction_count"": 0, ""top1_id"": """", ""top1_score"": 0.0}}",medium,assessment_naming_regime,adoption_state_high_risk,standard_catalog_mapping,assessment_publisher_missing,no,yes,no,a193c1174801b4a108ad3fd62cc510746b53b05a1fa982ca1bd8689ec04f0d65,0.3744,50d146dedcc8cfc5cdd5363ef249e130f654f259a371e5441feef377a68a4e2c,0.2745,56857edf7ee969e982d7a6aceec1cfa3310feeaa2665951d7257ecdbc8a6585e,0.2706,8367af1ee861498f27a54e66d30f33b33090a0df2400f4f8a3ae531dc462ef4b,0.2501,5cb3afc858d1ae3193e73fb9c24cb6de7480dd927d0db5309c407feaef9c3e00,0.2488,5b06019e75db74cb43ec4bcdbec2c6dc71392d6fca239bdc06827c808f38b72c,0.2275,61cd9bdcfd309ec294f0d5e279650ffd79c53359ee5edc84c0178605752c96d4,0.2228,,,,,,,assessment_like,assessment_like_consistent,The Smarter Balanced Assessment System,The Smarter Balanced Assessment System,Assessment,Smarter Balanced,False,False,False,standard_catalog_mapping
004f877c36452697fdf7fde880dae9172418b4ae76207ad06de7c423024a569a,CA,Star 360,,ELA,Assessment,1,61cd9bdcfd309ec294f0d5e279650ffd79c53359ee5edc84c0178605752c96d4,2023-2024,missing,61cd9bdcfd309ec294f0d5e279650ffd79c53359ee5edc84c0178605752c96d4,61cd9bdcfd309ec294f0d5e279650ffd79c53359ee5edc84c0178605752c96d4,356161357c333b2f284e8a7a2d469342133bc7eca5ae3b09e438b14284d957b8,0,False,False,False,0.0,0.0,0.2395,very_low,True,True,title_plus_publisher,0.0,0.2395,"{""primary"": {""prediction_count"": 0, ""top1_id"": """", ""top1_score"": 0.0}, ""publisher_as_title"": {""prediction_count"": 0, ""top1_id"": """", ""top1_score"": 0.0}, ""title_plus_publisher"": {""prediction_count"": 1, ""top1_id"": ""356161357c333b2f284e8a7a2d469342133bc7eca5ae3b09e438b14284d957b8"", ""top1_score"": 0.2395}, ""title_publisher_swapped"": {""prediction_count"": 0, ""top1_id"": """", ""top1_score"": 0.0}}",sparse,assessment_naming_regime,adoption_state_high_risk,standard_catalog_mapping,assessment_short_or_acronym_title,yes,yes,no,356161357c333b2f284e8a7a2d469342133bc7eca5ae3b09e438b14284d957b8,0.2395,,,,,,,,,,,,,,,,,,,assessment_like,assessment_like_consistent,Star Assessments,Star Assessments,Assessment,Renaissance,False,False,False,standard_catalog_mapping
0051cdf7e58125d2822e3e68966f497048ad32f84a6591b88d0a57179c608af5,CA,alifornia Assessment of Student Performance and Progress (CAASPP),,ELA,Assessment,8,5b06019e75db74cb43ec4bcdbec2c6dc71392d6fca239bdc06827c808f38b72c,2024-2025,missing,5b06019e75db74cb43ec4bcdbec2c6dc71392d6fca239bdc06827c808f38b72c,5b06019e75db74cb43ec4bcdbec2c6dc71392d6fca239bdc06827c808f38b72c,,0,False,False,False,0.0,0.0,0.0,no_prediction,True,False,primary,0.0,0.0,"{""primary"": {""prediction_count"": 0, ""top1_id"": """", ""top1_score"": 0.0}, ""publisher_as_title"": {""prediction_count"": 0, ""top1_id"": """", ""top1_score"": 0.0}, ""title_plus_publisher"": {""prediction_count"": 0, ""top1_id"": """", ""top1_score"": 0.0}, ""title_publisher_swapped"": {""prediction_count"": 0, ""top1_id"": """", ""top1_score"": 0.0}}",medium,assessment_naming_regime,adoption_state_high_risk,standard_catalog_mapping,assessment_publisher_missing,no,yes,no,,,,,,,,,,,,,,,,,,,,,assessment_like,assessment_like_consistent,State Created Assessments,State Created Assessments,Assessment,State Created Materials,False,False,False,standard_catalog_mapping
000f2a5d35c027fd54c722fd3e49511ade614a4adbbd730b5943a84809b99547,CA,CAASPP,California Department of Education (CDE) / Smarter Balanced Assessment Consortium (SBAC),ELA,Assessment,5,5b06019e75db74cb43ec4bcdbec2c6dc71392d6fca239bdc06827c808f38b72c,2024-2025,present,5b06019e75db74cb43ec4bcdbec2c6dc71392d6fca239bdc06827c808f38b72c,5b06019e75db74cb43ec4bcdbec2c6dc71392d6fca239bdc06827c808f38b72c,a193c1174801b4a108ad3fd62cc510746b53b05a1fa982ca1bd8689ec04f0d65,0,False,False,False,0.0,0.0,0.5925,medium,True,True,publisher_as_title,0.0,0.5925,"{""primary"": {""prediction_count"": 0, ""top1_id"": """", ""top1_score"": 0.0}, ""publisher_as_title"": {""prediction_count"": 1, ""top1_id"": ""a193c1174801b4a108ad3fd62cc510746b53b05a1fa982ca1bd8689ec04f0d65"", ""top1_score"": 0.5925}, ""title_plus_publisher"": {""prediction_count"": 0, ""top1_id"": """", ""top1_score"": 0.0}, ""title_publisher_swapped"": {""prediction_count"": 1, ""top1_id"": ""a193c1174801b4a108ad3fd62cc510746b53b05a1fa982ca1bd8689ec04f0d65"", ""top1_score"": 0.453}}",medium,assessment_naming_regime,adoption_state_high_risk,standard_catalog_mapping,assessment_short_or_acronym_title,yes,no,no,a193c1174801b4a108ad3fd62cc510746b53b05a1fa982ca1bd8689ec04f0d65,0.5925,,,,,,,,,,,,,,,,,,,assessment_like,assessment_like_consistent,State Created Assessments,State Created Assessments,Assessment,State Created Materials,False,False,False,standard_catalog_mapping
00139922239e04ac9ac38a26016a979c2a3371849f664a77d06f689671ac0428,CA,ELPAC,California Department of Education,ELA,Assessment,11,5b06019e75db74cb43ec4bcdbec2c6dc71392d6fca239bdc06827c808f38b72c,2024-2025,present,5b06019e75db74cb43ec4bcdbec2c6dc71392d6fca239bdc06827c808f38b72c,5b06019e75db74cb43ec4bcdbec2c6dc71392d6fca239bdc06827c808f38b72c,9c2f748e68809dd9aaa22716c85f64dd8b0396fdfddc798bf92c8bf3adae63d9,0,False,False,False,0.0,0.0,0.4776,low,True,False,primary,0.4776,0.4776,"{""primary"": {""prediction_count"": 1, ""top1_id"": ""9c2f748e68809dd9aaa22716c85f64dd8b0396fdfddc798bf92c8bf3adae63d9"", ""top1_score"": 0.4776}, ""publisher_as_title"": {""prediction_count"": 4, ""top1_id"": ""2f435f5fc44af33e0a0afdcb6d7c5b2470de83984983ed91cb529c1e7ea7e79d"", ""top1_score"": 0.4637}, ""title_plus_publisher"": {""prediction_count"": 0, ""top1_id"": """", ""top1_score"": 0.0}, ""title_publisher_swapped"": {""prediction_count"": 4, ""top1_id"": ""2f435f5fc44af33e0a0afdcb6d7c5b2470de83984983ed91cb529c1e7ea7e79d"", ""top1_score"": 0.3785}}",medium,assessment_naming_regime,adoption_state_high_risk,standard_catalog_mapping,assessment_short_or_acronym_title,yes,no,no,9c2f748e68809dd9aaa22716c85f64dd8b0396fdfddc798bf92c8bf3adae63d9,0.4776,,,,,,,,,,,,,,,,,,,assessment_like,assessment_like_consistent,State Created Assessments,State Created Assessments,Assessment,State Created Materials,False,False,False,standard_catalog_mapping
002bf91b0f9d846d1ff779cc4db772b9cd83ec23aaa8270339df2c8e04aa2532,CA,Renaissance Star Testing ELA,Renaissance,ELA,Assessment,3,61cd9bdcfd309ec294f0d5e279650ffd79c53359ee5edc84c0178605752c96d4,2024-2025,present,61cd9bdcfd309ec294f0d5e279650ffd79c53359ee5edc84c0178605752c96d4,61cd9bdcfd309ec294f0d5e279650ffd79c53359ee5edc84c0178605752c96d4,c9be7dc77cc464a55073366b335dc04a2b896477cd4d3918c1dbba083c65d8b0,0,False,False,False,0.0,0.0,0.5195,medium,True,False,primary,0.5195,0.5195,"{""primary"": {""prediction_count"": 10, ""top1_id"": ""c9be7dc77cc464a55073366b335dc04a2b896477cd4d3918c1dbba083c65d8b0"", ""top1_score"": 0.5195}, ""publisher_as_title"": {""prediction_count"": 0, ""top1_id"": """", ""top1_score"": 0.0}, ""title_plus_publisher"": {""prediction_count"": 10, ""top1_id"": ""c9be7dc77cc464a55073366b335dc04a2b896477cd4d3918c1dbba083c65d8b0"", ""top1_score"": 0.5445}, ""title_publisher_swapped"": {""prediction_count"": 0, ""top1_id"": """", ""top1_score"": 0.0}}",rich,assessment_naming_regime,adoption_state_high_risk,standard_catalog_mapping,assessment_other,no,no,no,c9be7dc77cc464a55073366b335dc04a2b896477cd4d3918c1dbba083c65d8b0,0.5195,faea906f1e6647beea8e6734b36f9945296d626c367a2e6deba3616796e3f139,0.51,a47af7a88055a5abd4f678e2a15f3aae3ac69b0b98f5067c8d1c98284ad44af0,0.4729,14122ba2c07a2ca1f7cf520d003e6edc43b191dfee3e5a24b2620953d774264a,0.4058,d0cf843a21667a31be1b91ac596b0665ca53383cf8cc98261ce0db06fc4e2baa,0.4008,f6a7575da0ef9da480bf9c7d7c625acac70ef4182dcd7dfacb0ef7a5ee83360c,0.394,e259738494865d1ac25555af5fe9d867bd55e7b94c6506d4205ee8cd30fb4434,0.3726,905097a379548c5cd6037144789c0a56e54ad71a5c1ff3b39ea079046b436eb5,0.3711,fe63392338cf98d305c13a2eca7e02586d4f5e86a6fd67ca84d3e1ac38bece3f,0.371,fc22f9e44b6ffbc9c08e741cb8b798a84f0b217b68f5a6897a43c165465aada8,0.3685,assessment_like,assessment_like_consistent,Star Assessments,Star Assessments,Assessment,Renaissance,False,False,False,standard_catalog_mapping
00539a28e44c8ed506cc2597312eb613798920def4171129f5712514ef255c7d,CA,ELPAC,Measures English language proficiency,ELA,Assessment,2,5b06019e75db74cb43ec4bcdbec2c6dc71392d6fca239bdc06827c808f38b72c,2024-2025,present,5b06019e75db74cb43ec4bcdbec2c6dc71392d6fca239bdc06827c808f38b72c,5b06019e75db74cb43ec4bcdbec2c6dc71392d6fca239bdc06827c808f38b72c,9c2f748e68809dd9aaa22716c85f64dd8b0396fdfddc798bf92c8bf3adae63d9,0,False,False,False,0.0,0.0,0.427,low,True,False,primary,0.427,0.427,"{""primary"": {""prediction_count"": 1, ""top1_id"": ""9c2f748e68809dd9aaa22716c85f64dd8b0396fdfddc798bf92c8bf3adae63d9"", ""top1_score"": 0.427}, ""publisher_as_title"": {""prediction_count"": 3, ""top1_id"": ""9c2f748e68809dd9aaa22716c85f64dd8b0396fdfddc798bf92c8bf3adae63d9"", ""top1_score"": 0.4201}, ""title_plus_publisher"": {""prediction_count"": 10, ""top1_id"": ""faea906f1e6647beea8e6734b36f9945296d626c367a2e6deba3616796e3f139"", ""top1_score"": 0.4731}, ""title_publisher_swapped"": {""prediction_count"": 3, ""top1_id"": ""9c2f748e68809dd9aaa22716c85f64dd8b0396fdfddc798bf92c8bf3adae63d9"", ""top1_score"": 0.3965}}",medium,assessment_naming_regime,adoption_state_high_risk,standard_catalog_mapping,assessment_short_or_acronym_title,yes,no,no,9c2f748e68809dd9aaa22716c85f64dd8b0396fdfddc798bf92c8bf3adae63d9,0.427,,,,,,,,,,,,,,,,,,,assessment_like,assessment_like_consistent,State Created Assessments,State Created Assessments,Assessment,State Created Materials,False,False,False,standard_catalog_mapping
0061cef3d6d21454122830e496eac9c37ce27e945a574581596c0f1ca8bd1cc4,CA,ELPAC,California Department of Education (CDE),ELA,Assessment,2,5b06019e75db74cb43ec4bcdbec2c6dc71392d6fca239bdc06827c808f38b72c,2024-2025,present,5b06019e75db74cb43ec4bcdbec2c6dc71392d6fca239bdc06827c808f38b72c,5b06019e75db74cb43ec4bcdbec2c6dc71392d6fca239bdc06827c808f38b72c,9c2f748e68809dd9aaa22716c85f64dd8b0396fdfddc798bf92c8bf3adae63d9,0,False,False,False,0.0,0.0,0.4696,low,True,False,primary,0.4696,0.4696,"{""primary"": {""prediction_count"": 1, ""top1_id"": ""9c2f748e68809dd9aaa22716c85f64dd8b0396fdfddc798bf92c8bf3adae63d9"", ""top1_score"": 0.4696}, ""publisher_as_title"": {""prediction_count"": 0, ""top1_id"": """", ""top1_score"": 0.0}, ""title_plus_publisher"": {""prediction_count"": 0, ""top1_id"": """", ""top1_score"": 0.0}, ""title_publisher_swapped"": {""prediction_count"": 0, ""top1_id"": """", ""top1_score"": 0.0}}",medium,assessment_naming_regime,adoption_state_high_risk,standard_catalog_mapping,assessment_short_or_acronym_title,yes,no,no,9c2f748e68809dd9aaa22716c85f64dd8b0396fdfddc798bf92c8bf3adae63d9,0.4696,,,,,,,,,,,,,,,,,,,assessment_like,assessment_like_consistent,State Created Assessments,State Created Assessments,Assessment,State Created Materials,False,False,False,standard_catalog_mapping
0003896c430f694e5195d6ef2f5fe13e515cae394c536cad624ff47f2b181e50,CO,TS GOLD,,ELA,Assessment,K,c64e890965bcb20a141029a23c6aedafb1e561835a01f9514705c8719c34761f,2023-2024,missing,c64e890965bcb20a141029a23c6aedafb1e561835a01f9514705c8719c34761f,c64e890965bcb20a141029a23c6aedafb1e561835a01f9514705c8719c34761f,c64e890965bcb20a141029a23c6aedafb1e561835a01f9514705c8719c34761f,1,True,True,True,1.0,1.0,0.3998,low,True,False,primary,0.3998,0.3998,"{""primary"": {""prediction_count"": 1, ""top1_id"": ""c64e890965bcb20a141029a23c6aedafb1e561835a01f9514705c8719c34761f"", ""top1_score"": 0.3998}, ""publisher_as_title"": {""prediction_count"": 0, ""top1_id"": """", ""top1_score"": 0.0}, ""title_plus_publisher"": {""prediction_count"": 2, ""top1_id"": ""c64e890965bcb20a141029a23c6aedafb1e561835a01f9514705c8719c34761f"", ""top1_score"": 0.4119}, ""title_publisher_swapped"": {""prediction_count"": 0, ""top1_id"": """", ""top1_score"": 0.0}}",sparse,assessment_naming_regime,standard_state,standard_catalog_mapping,assessment_short_or_acronym_title,yes,yes,no,c64e890965bcb20a141029a23c6aedafb1e561835a01f9514705c8719c34761f,0.3998,,,,,,,,,,,,,,,,,,,assessment_like,assessment_like_consistent,Teaching Strategies Gold (TSG),Teaching Strategies Gold (TSG),Assessment,Teaching Strategies,False,False,False,standard_catalog_mapping
00080ec512c03d25ad912852878fa697edd2d579d05a831822777a4e495ba140,CO,WIDA ACCESS - English Language Proficiency Assessment,,ELA,Assessment,10,5b06019e75db74cb43ec4bcdbec2c6dc71392d6fca239bdc06827c808f38b72c,2023-2024,missing,5b06019e75db74cb43ec4bcdbec2c6dc71392d6fca239bdc06827c808f38b72c,5b06019e75db74cb43ec4bcdbec2c6dc71392d6fca239bdc06827c808f38b72c,fe304807152255ce71b0442fc94922b06f2bdb6beb6f9ffab891f742a8b94bf6,0,False,False,False,0.0,0.0,0.2853,very_low,True,False,primary,0.2853,0.2853,"{""primary"": {""prediction_count"": 2, ""top1_id"": ""fe304807152255ce71b0442fc94922b06f2bdb6beb6f9ffab891f742a8b94bf6"", ""top1_score"": 0.2853}, ""publisher_as_title"": {""prediction_count"": 0, ""top1_id"": """", ""top1_score"": 0.0}, ""title_plus_publisher"": {""prediction_count"": 3, ""top1_id"": ""fe304807152255ce71b0442fc94922b06f2bdb6beb6f9ffab891f742a8b94bf6"", ""top1_score"": 0.3349}, ""title_publisher_swapped"": {""prediction_count"": 0, ""top1_id"": """", ""top1_score"": 0.0}}",medium,assessment_naming_regime,standard_state,standard_catalog_mapping,assessment_publisher_missing,no,yes,no,fe304807152255ce71b0442fc94922b06f2bdb6beb6f9ffab891f742a8b94bf6,0.2853,3067c5fa7d9da55a5b3e1980dd4f1c36edd4c4cca6360b3528bfef348c4278de,0.2552,,,,,,,,,,,,,,,,,assessment_like,assessment_like_consistent,State Created Assessments,State Created Assessments,Assessment,State Created Materials,False,False,False,standard_catalog_mapping
0019550e9f8b1c2c8efa22c7d52c24a431bfd214a7672e4377789fb5226b147c,CO,PSAT,,ELA,Assessment,10,e68a5b1beee66c66a24185ee630717efe9efd82b4dd439b407a4e8b2e46031c3,2024-2025,missing,e68a5b1beee66c66a24185ee630717efe9efd82b4dd439b407a4e8b2e46031c3,e68a5b1beee66c66a24185ee630717efe9efd82b4dd439b407a4e8b2e46031c3,e68a5b1beee66c66a24185ee630717efe9efd82b4dd439b407a4e8b2e46031c3,1,True,True,True,1.0,1.0,0.3808,low,True,False,primary,0.3808,0.3808,"{""primary"": {""prediction_count"": 1, ""top1_id"": ""e68a5b1beee66c66a24185ee630717efe9efd82b4dd439b407a4e8b2e46031c3"", ""top1_score"": 0.3808}, ""publisher_as_title"": {""prediction_count"": 0, ""top1_id"": """", ""top1_score"": 0.0}, ""title_plus_publisher"": {""prediction_count"": 3, ""top1_id"": ""e68a5b1beee66c66a24185ee630717efe9efd82b4dd439b407a4e8b2e46031c3"", ""top1_score"": 0.5005}, ""title_publisher_swapped"": {""prediction_count"": 0, ""top1_id"": """", ""top1_score"": 0.0}}",sparse,assessment_naming_regime,standard_state,standard_catalog_mapping,assessment_short_or_acronym_title,yes,yes,no,e68a5b1beee66c66a24185ee630717efe9efd82b4dd439b407a4e8b2e46031c3,0.3808,,,,,,,,,,,,,,,,,,,assessment_like,assessment_like_consistent,PSAT,PSAT,Assessment,College Board,False,False,False,standard_catalog_mapping
0037662770594d9146dd2065445123d13f458193315daa969b38ecc9afbad082,CO,ACCESS,,ELA,Assessment,10,3067c5fa7d9da55a5b3e1980dd4f1c36edd4c4cca6360b3528bfef348c4278de,2023-2024,missing,3067c5fa7d9da55a5b3e1980dd4f1c36edd4c4cca6360b3528bfef348c4278de,3067c5fa7d9da55a5b3e1980dd4f1c36edd4c4cca6360b3528bfef348c4278de,,0,False,False,False,0.0,0.0,0.0,no_prediction,True,False,primary,0.0,0.0,"{""primary"": {""prediction_count"": 0, ""top1_id"": """", ""top1_score"": 0.0}, ""publisher_as_title"": {""prediction_count"": 0, ""top1_id"": """", ""top1_score"": 0.0}, ""title_plus_publisher"": {""prediction_count"": 0, ""top1_id"": """", ""top1_score"": 0.0}, ""title_publisher_swapped"": {""prediction_count"": 0, ""top1_id"": """", ""top1_score"": 0.0}}",sparse,assessment_naming_regime,standard_state,standard_catalog_mapping,assessment_short_or_acronym_title,yes,yes,no,,,,,,,,,,,,,,,,,,,,,assessment_like,assessment_like_consistent,ACCESS for ELLs,ACCESS for ELLs,Assessment,University of Wisconsin-Madison,False,False,False,standard_catalog_mapping
003b0b600f3d5422049424c463b2a259e7cf4bd0411771c0785516e2ca38a7b4,CO,WIDA Screener,,ELA,Assessment,5,c353c087e273dfcdbabf4a7e0eb5b671871de89ac1722099111ca390b8b70fa5,2023-2024,missing,c353c087e273dfcdbabf4a7e0eb5b671871de89ac1722099111ca390b8b70fa5,c353c087e273dfcdbabf4a7e0eb5b671871de89ac1722099111ca390b8b70fa5,c353c087e273dfcdbabf4a7e0eb5b671871de89ac1722099111ca390b8b70fa5,1,True,True,True,1.0,1.0,0.4281,low,True,False,primary,0.4281,0.4281,"{""primary"": {""prediction_count"": 1, ""top1_id"": ""c353c087e273dfcdbabf4a7e0eb5b671871de89ac1722099111ca390b8b70fa5"", ""top1_score"": 0.4281}, ""publisher_as_title"": {""prediction_count"": 0, ""top1_id"": """", ""top1_score"": 0.0}, ""title_plus_publisher"": {""prediction_count"": 1, ""top1_id"": ""c353c087e273dfcdbabf4a7e0eb5b671871de89ac1722099111ca390b8b70fa5"", ""top1_score"": 0.4983}, ""title_publisher_swapped"": {""prediction_count"": 0, ""top1_id"": """", ""top1_score"": 0.0}}",sparse,assessment_naming_regime,standard_state,standard_catalog_mapping,assessment_short_or_acronym_title,yes,yes,no,c353c087e273dfcdbabf4a7e0eb5b671871de89ac1722099111ca390b8b70fa5,0.4281,,,,,,,,,,,,,,,,,,,assessment_like,assessment_like_consistent,WIDA Screener,WIDA Screener,Assessment,University of Wisconsin-Madison,False,False,False,standard_catalog_mapping
0002ae6234ab05d88cfc13fb1203d7923ff587e6d7b265a81125c9e3f2df7857,FL,i-Ready ELA,,ELA,Assessment,6,56857edf7ee969e982d7a6aceec1cfa3310feeaa2665951d7257ecdbc8a6585e,2023-2024,missing,56857edf7ee969e982d7a6aceec1cfa3310feeaa2665951d7257ecdbc8a6585e,56857edf7ee969e982d7a6aceec1cfa3310feeaa2665951d7257ecdbc8a6585e,938eeb820d597c9f049fe4d48ec94efb92d40901e5ef96207afec8bde462347a,0,False,False,False,0.0,0.0,0.4644,low,True,False,primary,0.4644,0.4644,"{""primary"": {""prediction_count"": 8, ""top1_id"": ""938eeb820d597c9f049fe4d48ec94efb92d40901e5ef96207afec8bde462347a"", ""top1_score"": 0.4644}, ""publisher_as_title"": {""prediction_count"": 0, ""top1_id"": """", ""top1_score"": 0.0}, ""title_plus_publisher"": {""prediction_count"": 10, ""top1_id"": ""938eeb820d597c9f049fe4d48ec94efb92d40901e5ef96207afec8bde462347a"", ""top1_score"": 0.5411}, ""title_publisher_swapped"": {""prediction_count"": 0, ""top1_id"": """", ""top1_score"": 0.0}}",medium,assessment_naming_regime,adoption_state_high_risk,standard_catalog_mapping,assessment_publisher_missing,no,yes,no,938eeb820d597c9f049fe4d48ec94efb92d40901e5ef96207afec8bde462347a,0.4644,8db70b88b5a6b20912256288b0cdcbd47734f827b44c6b31f89a17be9500e307,0.3935,76492b601a830322973cb31e586675b5e1d6f53609d0a8fb3ddb99eb13394ec3,0.3517,f6a7575da0ef9da480bf9c7d7c625acac70ef4182dcd7dfacb0ef7a5ee83360c,0.3342,905097a379548c5cd6037144789c0a56e54ad71a5c1ff3b39ea079046b436eb5,0.33,878c011a07d033260e4a53bdd6b586308e67df6454e1a75ad41465607928616a,0.3173,cbec62ad046d2066da96b5a2329ab09dfc078906ffbe68b400a844338c53d545,0.2732,d766843f1febd6cc45c2f9436c8f9a575b8c03ffcbd214eb38cd9b7ab8eda040,0.2558,,,,,assessment_like,assessment_like_consistent,i-Ready Assessment,i-Ready Assessment,Assessment,Curriculum Associates,False,False,False,standard_catalog_mapping
0010d051b87ba806a73a39f47d184981c7e863db71303d81f0e325af82af5089,FL,District Writing Task,,ELA,Assessment,4,8bc4b916ea5ccc05c4810bf1e3bd7d078b7a86856fdf67184bf63e3609de57b9,2024-2025,missing,8bc4b916ea5ccc05c4810bf1e3bd7d078b7a86856fdf67184bf63e3609de57b9,8bc4b916ea5ccc05c4810bf1e3bd7d078b7a86856fdf67184bf63e3609de57b9,87ce3a6b2d05f7f7418933f51cf0289a2e38af8551bff0ee241d1b4b271a3bdd,0,False,False,False,0.0,0.0,0.4966,low,True,True,title_plus_publisher,0.0,0.4966,"{""primary"": {""prediction_count"": 0, ""top1_id"": """", ""top1_score"": 0.0}, ""publisher_as_title"": {""prediction_count"": 0, ""top1_id"": """", ""top1_score"": 0.0}, ""title_plus_publisher"": {""prediction_count"": 3, ""top1_id"": ""87ce3a6b2d05f7f7418933f51cf0289a2e38af8551bff0ee241d1b4b271a3bdd"", ""top1_score"": 0.4966}, ""title_publisher_swapped"": {""prediction_count"": 0, ""top1_id"": """", ""top1_score"": 0.0}}",medium,assessment_naming_regime,adoption_state_high_risk,standard_catalog_mapping,assessment_publisher_missing,no,yes,no,87ce3a6b2d05f7f7418933f51cf0289a2e38af8551bff0ee241d1b4b271a3bdd,0.4966,ff045787f423b430b12704459cedcc853fb14ddaa8dc09d3fb08e96fd9ea7a85,0.3272,5ddf011282602295d9405c0fefdb745f2ad81125ed05671852c8c4a7a1ed6866,0.2822,,,,,,,,,,,,,,,assessment_like,assessment_like_consistent,District Created Assessments,District Created Assessments,Assessment,District Created Materials,False,False,False,standard_catalog_mapping
00167473429b5713a892d04738bcb9b325f90cb01deb65540b32935934629e52,FL,B.E.S.T. Writing,,ELA,Assessment,8,5b06019e75db74cb43ec4bcdbec2c6dc71392d6fca239bdc06827c808f38b72c,2024-2025,missing,5b06019e75db74cb43ec4bcdbec2c6dc71392d6fca239bdc06827c808f38b72c,5b06019e75db74cb43ec4bcdbec2c6dc71392d6fca239bdc06827c808f38b72c,ff045787f423b430b12704459cedcc853fb14ddaa8dc09d3fb08e96fd9ea7a85,0,False,False,False,0.0,0.0,0.5046,medium,True,True,title_plus_publisher,0.0,0.5046,"{""primary"": {""prediction_count"": 0, ""top1_id"": """", ""top1_score"": 0.0}, ""publisher_as_title"": {""prediction_count"": 0, ""top1_id"": """", ""top1_score"": 0.0}, ""title_plus_publisher"": {""prediction_count"": 7, ""top1_id"": ""ff045787f423b430b12704459cedcc853fb14ddaa8dc09d3fb08e96fd9ea7a85"", ""top1_score"": 0.5046}, ""title_publisher_swapped"": {""prediction_count"": 0, ""top1_id"": """", ""top1_score"": 0.0}}",medium,assessment_naming_regime,adoption_state_high_risk,standard_catalog_mapping,assessment_publisher_missing,no,yes,no,ff045787f423b430b12704459cedcc853fb14ddaa8dc09d3fb08e96fd9ea7a85,0.5046,e63a743828a35309906a676ae350a5c1070a22159dd44b71c28a00eeeeb7ff51,0.4955,e86126e406eca76cc61ac8290c1c8db81619e7a37c71140d2f574c0ae354ff05,0.4725,c269b180be4fde4581870bb52aa8a51ada9dd3e5660e873607513ae0f22e5431,0.4467,111853e8aa9e408078e7bbb30b9bf1bdb1fe8320e14a706e13e766677c1d934e,0.3917,30d0e06d1eaa97c5744686f5c9b660d3ec381b0fbfb8ec55d27a6af60eb59f25,0.3477,87ce3a6b2d05f7f7418933f51cf0289a2e38af8551bff0ee241d1b4b271a3bdd,0.3448,,,,,,,assessment_like,assessment_like_consistent,State Created Assessments,State Created Assessments,Assessment,State Created Materials,False,False,False,standard_catalog_mapping
0018046cdfeea09b496f43099f5928f80db7f560fba5ce0862dc9c3bb3530381,FL,ACCESS for ELLs,,ELA,Assessment,3,3067c5fa7d9da55a5b3e1980dd4f1c36edd4c4cca6360b3528bfef348c4278de,2024-2025,missing,3067c5fa7d9da55a5b3e1980dd4f1c36edd4c4cca6360b3528bfef348c4278de,3067c5fa7d9da55a5b3e1980dd4f1c36edd4c4cca6360b3528bfef348c4278de,3067c5fa7d9da55a5b3e1980dd4f1c36edd4c4cca6360b3528bfef348c4278de,1,True,True,True,1.0,1.0,0.4004,low,True,False,primary,0.4004,0.4004,"{""primary"": {""prediction_count"": 1, ""top1_id"": ""3067c5fa7d9da55a5b3e1980dd4f1c36edd4c4cca6360b3528bfef348c4278de"", ""top1_score"": 0.4004}, ""publisher_as_title"": {""prediction_count"": 0, ""top1_id"": """", ""top1_score"": 0.0}, ""title_plus_publisher"": {""prediction_count"": 2, ""top1_id"": ""3067c5fa7d9da55a5b3e1980dd4f1c36edd4c4cca6360b3528bfef348c4278de"", ""top1_score"": 0.488}, ""title_publisher_swapped"": {""prediction_count"": 0, ""top1_id"": """", ""top1_score"": 0.0}}",medium,assessment_naming_regime,adoption_state_high_risk,standard_catalog_mapping,assessment_publisher_missing,no,yes,no,3067c5fa7d9da55a5b3e1980dd4f1c36edd4c4cca6360b3528bfef348c4278de,0.4004,,,,,,,,,,,,,,,,,,,assessment_like,assessment_like_consistent,ACCESS for ELLs,ACCESS for ELLs,Assessment,University of Wisconsin-Madison,False,False,False,standard_catalog_mapping
001f8042827be01b98c2975ec137d0ac90c0080526b44e4b5dcd49254154182b,FL,FAST,,ELA,Assessment,PK,5b06019e75db74cb43ec4bcdbec2c6dc71392d6fca239bdc06827c808f38b72c,2024-2025,missing,5b06019e75db74cb43ec4bcdbec2c6dc71392d6fca239bdc06827c808f38b72c,5b06019e75db74cb43ec4bcdbec2c6dc71392d6fca239bdc06827c808f38b72c,cf4e9f0d7dd009c1ec1123ed48fb81adb27a583705dfb0c44c76f544756d65b4,0,False,False,False,0.0,0.0,0.38,low,True,True,title_plus_publisher,0.0,0.38,"{""primary"": {""prediction_count"": 0, ""top1_id"": """", ""top1_score"": 0.0}, ""publisher_as_title"": {""prediction_count"": 0, ""top1_id"": """", ""top1_score"": 0.0}, ""title_plus_publisher"": {""prediction_count"": 5, ""top1_id"": ""cf4e9f0d7dd009c1ec1123ed48fb81adb27a583705dfb0c44c76f544756d65b4"", ""top1_score"": 0.38}, ""title_publisher_swapped"": {""prediction_count"": 0, ""top1_id"": """", ""top1_score"": 0.0}}",sparse,assessment_naming_regime,adoption_state_high_risk,standard_catalog_mapping,assessment_short_or_acronym_title,yes,yes,no,cf4e9f0d7dd009c1ec1123ed48fb81adb27a583705dfb0c44c76f544756d65b4,0.38,44e3080cb989d5ae104ac5f115d1f9677bd4b0991bf30630d0f7113b7bcb6fee,0.3557,4f036648f8d433ad384bc97448547061ea645b8a22afbba41b4345faf73cf6fe,0.3343,89ff1e8788dfa2c44bc425caa1ddf1a7c22dc223f9baa36e6213a508124a94c8,0.3119,e68a5b1beee66c66a24185ee630717efe9efd82b4dd439b407a4e8b2e46031c3,0.2856,,,,,,,,,,,assessment_like,assessment_like_consistent,State Created Assessments,State Created Assessments,Assessment,State Created Materials,False,False,False,standard_catalog_mapping
0075fbcc25cbbb8bdc6b085e5fdc750098964e7a5edeab26467f8a15875ac1b6,FL,ACCESS for ELLs,,ELA,Assessment,7,3067c5fa7d9da55a5b3e1980dd4f1c36edd4c4cca6360b3528bfef348c4278de,2023-2024,missing,3067c5fa7d9da55a5b3e1980dd4f1c36edd4c4cca6360b3528bfef348c4278de,3067c5fa7d9da55a5b3e1980dd4f1c36edd4c4cca6360b3528bfef348c4278de,3067c5fa7d9da55a5b3e1980dd4f1c36edd4c4cca6360b3528bfef348c4278de,1,True,True,True,1.0,1.0,0.4004,low,True,False,primary,0.4004,0.4004,"{""primary"": {""prediction_count"": 1, ""top1_id"": ""3067c5fa7d9da55a5b3e1980dd4f1c36edd4c4cca6360b3528bfef348c4278de"", ""top1_score"": 0.4004}, ""publisher_as_title"": {""prediction_count"": 0, ""top1_id"": """", ""top1_score"": 0.0}, ""title_plus_publisher"": {""prediction_count"": 2, ""top1_id"": ""3067c5fa7d9da55a5b3e1980dd4f1c36edd4c4cca6360b3528bfef348c4278de"", ""top1_score"": 0.488}, ""title_publisher_swapped"": {""prediction_count"": 0, ""top1_id"": """", ""top1_score"": 0.0}}",medium,assessment_naming_regime,adoption_state_high_risk,standard_catalog_mapping,assessment_publisher_missing,no,yes,no,3067c5fa7d9da55a5b3e1980dd4f1c36edd4c4cca6360b3528bfef348c4278de,0.4004,,,,,,,,,,,,,,,,,,,assessment_like,assessment_like_consistent,ACCESS for ELLs,ACCESS for ELLs,Assessment,University of Wisconsin-Madison,False,False,False,standard_catalog_mapping
007b07ade7a7d5a94ae4c37bc7b58dbfb8f33fa4f1ad152369030931469610be,FL,NAEP Reading,,ELA,Assessment,4,d0f524831b4a5fb961609a8dce8c85a7364ee9eb9853a8a80932b6835801feba,2023-2024,missing,d0f524831b4a5fb961609a8dce8c85a7364ee9eb9853a8a80932b6835801feba,d0f524831b4a5fb961609a8dce8c85a7364ee9eb9853a8a80932b6835801feba,d0f524831b4a5fb961609a8dce8c85a7364ee9eb9853a8a80932b6835801feba,1,True,True,True,1.0,1.0,0.3378,low,True,False,primary,0.3378,0.3378,"{""primary"": {""prediction_count"": 2, ""top1_id"": ""d0f524831b4a5fb961609a8dce8c85a7364ee9eb9853a8a80932b6835801feba"", ""top1_score"": 0.3378}, ""publisher_as_title"": {""prediction_count"": 0, ""top1_id"": """", ""top1_score"": 0.0}, ""title_plus_publisher"": {""prediction_count"": 3, ""top1_id"": ""d0f524831b4a5fb961609a8dce8c85a7364ee9eb9853a8a80932b6835801feba"", ""top1_score"": 0.3605}, ""title_publisher_swapped"": {""prediction_count"": 0, ""top1_id"": """", ""top1_score"": 0.0}}",sparse,assessment_naming_regime,adoption_state_high_risk,standard_catalog_mapping,assessment_short_or_acronym_title,yes,yes,no,d0f524831b4a5fb961609a8dce8c85a7364ee9eb9853a8a80932b6835801feba,0.3378,a54af1e33dd7fae2dc57413086ce85c49665116fcd410e0d403fb05ceb79c542,0.2512,,,,,,,,,,,,,,,,,assessment_like,assessment_like_consistent,National Assessment of Educational Progress (NAEP),National Assessment of Educational Progress (NAEP),Assessment,U.S. Department of Education,False,False,False,standard_catalog_mapping
009fa7650d49f5e7878e84a150ecc9c3046535d0a4febf047f6b49b494f4f2b1,FL,ACCESS FOR ELLS,,ELA,Assessment,8,3067c5fa7d9da55a5b3e1980dd4f1c36edd4c4cca6360b3528bfef348c4278de,2023-2024,missing,3067c5fa7d9da55a5b3e1980dd4f1c36edd4c4cca6360b3528bfef348c4278de,3067c5fa7d9da55a5b3e1980dd4f1c36edd4c4cca6360b3528bfef348c4278de,3067c5fa7d9da55a5b3e1980dd4f1c36edd4c4cca6360b3528bfef348c4278de,1,True,True,True,1.0,1.0,0.4004,low,True,False,primary,0.4004,0.4004,"{""primary"": {""prediction_count"": 1, ""top1_id"": ""3067c5fa7d9da55a5b3e1980dd4f1c36edd4c4cca6360b3528bfef348c4278de"", ""top1_score"": 0.4004}, ""publisher_as_title"": {""prediction_count"": 0, ""top1_id"": """", ""top1_score"": 0.0}, ""title_plus_publisher"": {""prediction_count"": 2, ""top1_id"": ""3067c5fa7d9da55a5b3e1980dd4f1c36edd4c4cca6360b3528bfef348c4278de"", ""top1_score"": 0.488}, ""title_publisher_swapped"": {""prediction_count"": 0, ""top1_id"": """", ""top1_score"": 0.0}}",medium,assessment_naming_regime,adoption_state_high_risk,standard_catalog_mapping,assessment_short_or_acronym_title,yes,yes,no,3067c5fa7d9da55a5b3e1980dd4f1c36edd4c4cca6360b3528bfef348c4278de,0.4004,,,,,,,,,,,,,,,,,,,assessment_like,assessment_like_consistent,ACCESS for ELLs,ACCESS for ELLs,Assessment,University of Wisconsin-Madison,False,False,False,standard_catalog_mapping
00a000ea351ba48b5fd7582ef4e39e3976fa9c49ca11514609dca8373eda0c3c,FL,B.E.S.T. Writing,,ELA,Assessment,6,5b06019e75db74cb43ec4bcdbec2c6dc71392d6fca239bdc06827c808f38b72c,2023-2024,missing,5b06019e75db74cb43ec4bcdbec2c6dc71392d6fca239bdc06827c808f38b72c,5b06019e75db74cb43ec4bcdbec2c6dc71392d6fca239bdc06827c808f38b72c,30d0e06d1eaa97c5744686f5c9b660d3ec381b0fbfb8ec55d27a6af60eb59f25,0,False,False,False,0.0,0.0,0.4677,low,True,True,title_plus_publisher,0.0,0.4677,"{""primary"": {""prediction_count"": 0, ""top1_id"": """", ""top1_score"": 0.0}, ""publisher_as_title"": {""prediction_count"": 0, ""top1_id"": """", ""top1_score"": 0.0}, ""title_plus_publisher"": {""prediction_count"": 7, ""top1_id"": ""30d0e06d1eaa97c5744686f5c9b660d3ec381b0fbfb8ec55d27a6af60eb59f25"", ""top1_score"": 0.4677}, ""title_publisher_swapped"": {""prediction_count"": 0, ""top1_id"": """", ""top1_score"": 0.0}}",medium,assessment_naming_regime,adoption_state_high_risk,standard_catalog_mapping,assessment_publisher_missing,no,yes,no,30d0e06d1eaa97c5744686f5c9b660d3ec381b0fbfb8ec55d27a6af60eb59f25,0.4677,87ce3a6b2d05f7f7418933f51cf0289a2e38af8551bff0ee241d1b4b271a3bdd,0.4648,c269b180be4fde4581870bb52aa8a51ada9dd3e5660e873607513ae0f22e5431,0.4467,e63a743828a35309906a676ae350a5c1070a22159dd44b71c28a00eeeeb7ff51,0.4055,111853e8aa9e408078e7bbb30b9bf1bdb1fe8320e14a706e13e766677c1d934e,0.3917,ff045787f423b430b12704459cedcc853fb14ddaa8dc09d3fb08e96fd9ea7a85,0.3846,e86126e406eca76cc61ac8290c1c8db81619e7a37c71140d2f574c0ae354ff05,0.3825,,,,,,,assessment_like,assessment_like_consistent,State Created Assessments,State Created Assessments,Assessment,State Created Materials,False,False,False,standard_catalog_mapping
013cd0e38bcc20ab88d1d523948212a4c2189ef561fc93d853dd1ac5c271c7be,FL,ACT,ACT,ELA,Assessment,11,89ff1e8788dfa2c44bc425caa1ddf1a7c22dc223f9baa36e6213a508124a94c8,2023-2024,present,89ff1e8788dfa2c44bc425caa1ddf1a7c22dc223f9baa36e6213a508124a94c8,89ff1e8788dfa2c44bc425caa1ddf1a7c22dc223f9baa36e6213a508124a94c8,89ff1e8788dfa2c44bc425caa1ddf1a7c22dc223f9baa36e6213a508124a94c8,1,True,True,True,1.0,1.0,0.6669,medium,True,True,title_plus_publisher,0.0,0.6669,"{""primary"": {""prediction_count"": 0, ""top1_id"": """", ""top1_score"": 0.0}, ""publisher_as_title"": {""prediction_count"": 0, ""top1_id"": """", ""top1_score"": 0.0}, ""title_plus_publisher"": {""prediction_count"": 2, ""top1_id"": ""89ff1e8788dfa2c44bc425caa1ddf1a7c22dc223f9baa36e6213a508124a94c8"", ""top1_score"": 0.6669}, ""title_publisher_swapped"": {""prediction_count"": 0, ""top1_id"": """", ""top1_score"": 0.0}}",medium,assessment_naming_regime,adoption_state_high_risk,standard_catalog_mapping,assessment_short_or_acronym_title,yes,no,no,89ff1e8788dfa2c44bc425caa1ddf1a7c22dc223f9baa36e6213a508124a94c8,0.6669,61ce57189a44e7823dc8c783090542dadb39b1f374e237389cf0d3b19adfc099,0.4129,,,,,,,,,,,,,,,,,assessment_like,assessment_like_consistent,ACT,ACT,Assessment,ACT,False,False,False,standard_catalog_mapping
00037f5160d6bff85dcf3e2f63c49a8adef39a856e85106a9e864a218b146072,GA,Formative assessments,,ELA,Assessment,8,5b06019e75db74cb43ec4bcdbec2c6dc71392d6fca239bdc06827c808f38b72c,2024-2025,missing,5b06019e75db74cb43ec4bcdbec2c6dc71392d6fca239bdc06827c808f38b72c,5b06019e75db74cb43ec4bcdbec2c6dc71392d6fca239bdc06827c808f38b72c,9dd0c90108536065476ec1ae297cb6e1f96482c23a49dc06cd6cb9245359e25d,0,False,False,False,0.0,0.0,0.5282,medium,True,True,title_plus_publisher,0.3668,0.5282,"{""primary"": {""prediction_count"": 3, ""top1_id"": ""986557ff1b5e847f69566fa2a2c885c990e3f4c01316cc0d5455b94f9435e858"", ""top1_score"": 0.3668}, ""publisher_as_title"": {""prediction_count"": 0, ""top1_id"": """", ""top1_score"": 0.0}, ""title_plus_publisher"": {""prediction_count"": 10, ""top1_id"": ""9dd0c90108536065476ec1ae297cb6e1f96482c23a49dc06cd6cb9245359e25d"", ""top1_score"": 0.5282}, ""title_publisher_swapped"": {""prediction_count"": 0, ""top1_id"": """", ""top1_score"": 0.0}}",sparse,assessment_naming_regime,standard_state,standard_catalog_mapping,assessment_short_or_acronym_title,yes,yes,no,9dd0c90108536065476ec1ae297cb6e1f96482c23a49dc06cd6cb9245359e25d,0.5282,50d146dedcc8cfc5cdd5363ef249e130f654f259a371e5441feef377a68a4e2c,0.4196,986557ff1b5e847f69566fa2a2c885c990e3f4c01316cc0d5455b94f9435e858,0.3893,9b41baefd0d7404d6bedc57ef09f5077e74359bcae70236a76c1418927415066,0.3686,56857edf7ee969e982d7a6aceec1cfa3310feeaa2665951d7257ecdbc8a6585e,0.3557,5cb3afc858d1ae3193e73fb9c24cb6de7480dd927d0db5309c407feaef9c3e00,0.3548,c2d628836e7cb6e2e1e87d127eb73e9dd652b363ffdf7fc013df3c98db277446,0.3264,7c5a80ae2b4ce40c9419c777933d5ce858c0c8479965dd8ae9f95086723e199c,0.3079,61cd9bdcfd309ec294f0d5e279650ffd79c53359ee5edc84c0178605752c96d4,0.3049,b764e53683e0865d736d8d00682a29f04ede4399e07e82ba6b8022a248feb7bf,0.2481,assessment_like,assessment_like_consistent,State Created Assessments,State Created Assessments,Assessment,State Created Materials,False,False,False,standard_catalog_mapping
002af42b69b8a6736cc752419e87f8870232c922f7ca990b9e5ce4a440dce75b,GA,Acadience,,ELA,Assessment,1,1bd4d211015bee75c8dab7bbc6439ef1c3d8a5df5fb696e7b349351f8683006b,2024-2025,missing,1bd4d211015bee75c8dab7bbc6439ef1c3d8a5df5fb696e7b349351f8683006b,1bd4d211015bee75c8dab7bbc6439ef1c3d8a5df5fb696e7b349351f8683006b,50d146dedcc8cfc5cdd5363ef249e130f654f259a371e5441feef377a68a4e2c,0,False,False,False,0.0,0.0,0.3608,low,True,True,title_plus_publisher,0.0,0.3608,"{""primary"": {""prediction_count"": 0, ""top1_id"": """", ""top1_score"": 0.0}, ""publisher_as_title"": {""prediction_count"": 0, ""top1_id"": """", ""top1_score"": 0.0}, ""title_plus_publisher"": {""prediction_count"": 6, ""top1_id"": ""50d146dedcc8cfc5cdd5363ef249e130f654f259a371e5441feef377a68a4e2c"", ""top1_score"": 0.3608}, ""title_publisher_swapped"": {""prediction_count"": 0, ""top1_id"": """", ""top1_score"": 0.0}}",sparse,assessment_naming_regime,standard_state,standard_catalog_mapping,assessment_short_or_acronym_title,yes,yes,no,50d146dedcc8cfc5cdd5363ef249e130f654f259a371e5441feef377a68a4e2c,0.3608,3288a0af1aa55a9811955cc2faee83cf36c6c7c7e8747735c2d31fd19af8ca25,0.3288,b0c707625c8ac66cd7bc1750270a96404ede5a974d3a977f22e6e066d9ef79b7,0.2693,a37c26cbf13c37b376c29912c58c1b652c6469fa6684c6eabffdcd0ac258831e,0.2587,94f75f9bfb1c81d3afee473823c3b0f84da5901ac30b65f82a9f8d6f892fc5af,0.2448,a20c6e858728ba2ab05e619880badae8bfa65d419a0ac636bc3abfae85b12891,0.2235,,,,,,,,,assessment_like,assessment_like_consistent,Acadience Reading (FKA DIBELS Next),Acadience Assessments,Assessment,Acadience Learning,False,False,False,standard_catalog_mapping
006b5b770c60585c69cfd642375b70171321782ff62a726f6f5381aaf682a1ce,GA,Torrance Tests for Creative Thinking,,ELA,Assessment,5,9b41baefd0d7404d6bedc57ef09f5077e74359bcae70236a76c1418927415066,2023-2024,missing,9b41baefd0d7404d6bedc57ef09f5077e74359bcae70236a76c1418927415066,9b41baefd0d7404d6bedc57ef09f5077e74359bcae70236a76c1418927415066,,0,False,False,False,0.0,0.0,0.0,no_prediction,True,False,primary,0.0,0.0,"{""primary"": {""prediction_count"": 0, ""top1_id"": """", ""top1_score"": 0.0}, ""publisher_as_title"": {""prediction_count"": 0, ""top1_id"": """", ""top1_score"": 0.0}, ""title_plus_publisher"": {""prediction_count"": 0, ""top1_id"": """", ""top1_score"": 0.0}, ""title_publisher_swapped"": {""prediction_count"": 0, ""top1_id"": """", ""top1_score"": 0.0}}",medium,assessment_naming_regime,standard_state,standard_catalog_mapping,assessment_publisher_missing,no,yes,no,,,,,,,,,,,,,,,,,,,,,assessment_like,assessment_like_consistent,Other Assessment - Not in Catalog,Other,Assessment,Other,False,False,False,standard_catalog_mapping
00a07d9a7a95d8a17ce46f0e9037ac6b132d8c1c98d45fb39276d87fc3c207a1,GA,BEACON,,ELA,Assessment,4,741fc997fd25a8865284f8c8d30ded813933c318733d6b120df51f2bbe013958,2023-2024,missing,741fc997fd25a8865284f8c8d30ded813933c318733d6b120df51f2bbe013958,741fc997fd25a8865284f8c8d30ded813933c318733d6b120df51f2bbe013958,741fc997fd25a8865284f8c8d30ded813933c318733d6b120df51f2bbe013958,1,True,True,True,1.0,1.0,0.4068,low,True,True,title_plus_publisher,0.0,0.4068,"{""primary"": {""prediction_count"": 0, ""top1_id"": """", ""top1_score"": 0.0}, ""publisher_as_title"": {""prediction_count"": 0, ""top1_id"": """", ""top1_score"": 0.0}, ""title_plus_publisher"": {""prediction_count"": 1, ""top1_id"": ""741fc997fd25a8865284f8c8d30ded813933c318733d6b120df51f2bbe013958"", ""top1_score"": 0.4068}, ""title_publisher_swapped"": {""prediction_count"": 0, ""top1_id"": """", ""top1_score"": 0.0}}",sparse,assessment_naming_regime,standard_state,standard_catalog_mapping,assessment_short_or_acronym_title,yes,yes,no,741fc997fd25a8865284f8c8d30ded813933c318733d6b120df51f2bbe013958,0.4068,,,,,,,,,,,,,,,,,,,assessment_like,assessment_like_consistent,DRC BEACON,DRC BEACON,Assessment,DRC (Data Recognition Corporation),False,False,False,standard_catalog_mapping
00395a7a1608c868b2a4c89545705fd89b68f761cde592fe3e5ed9d35f9d9184,GA,GAA 2.0,GAA 2.0,ELA,Assessment,10,5b06019e75db74cb43ec4bcdbec2c6dc71392d6fca239bdc06827c808f38b72c,2023-2024,present,5b06019e75db74cb43ec4bcdbec2c6dc71392d6fca239bdc06827c808f38b72c,5b06019e75db74cb43ec4bcdbec2c6dc71392d6fca239bdc06827c808f38b72c,7877cde87d2ece2612d1aedf6fcefe65ec1763d7533826a6c8eb5d0735a1f740,0,False,False,False,0.0,0.0,0.3178,low,True,True,title_plus_publisher,0.0,0.3178,"{""primary"": {""prediction_count"": 0, ""top1_id"": """", ""top1_score"": 0.0}, ""publisher_as_title"": {""prediction_count"": 0, ""top1_id"": """", ""top1_score"": 0.0}, ""title_plus_publisher"": {""prediction_count"": 1, ""top1_id"": ""7877cde87d2ece2612d1aedf6fcefe65ec1763d7533826a6c8eb5d0735a1f740"", ""top1_score"": 0.3178}, ""title_publisher_swapped"": {""prediction_count"": 0, ""top1_id"": """", ""top1_score"": 0.0}}",medium,assessment_naming_regime,standard_state,standard_catalog_mapping,assessment_other,no,no,no,7877cde87d2ece2612d1aedf6fcefe65ec1763d7533826a6c8eb5d0735a1f740,0.3178,,,,,,,,,,,,,,,,,,,assessment_like,assessment_like_consistent,State Created Assessments,State Created Assessments,Assessment,State Created Materials,False,False,False,standard_catalog_mapping
00a82b49972de76d42b9ea6d086d8333cad5d172b36e2e742afca0cac96de085,GA,NWEA: MAP Growth: ELA: 3-11,NWEA,ELA,Assessment,9,dee0f2790440685546f3d5dba2a914e5d10319529e1129e4e363d41af2d536db,2024-2025,present,dee0f2790440685546f3d5dba2a914e5d10319529e1129e4e363d41af2d536db,dee0f2790440685546f3d5dba2a914e5d10319529e1129e4e363d41af2d536db,a4b7c336a9eb0b2ed5d29b48b30bacf802fb1af4654b452f447576ded4f97ad1,0,False,False,False,0.0,0.0,0.5151,medium,True,False,primary,0.5151,0.5151,"{""primary"": {""prediction_count"": 9, ""top1_id"": ""a4b7c336a9eb0b2ed5d29b48b30bacf802fb1af4654b452f447576ded4f97ad1"", ""top1_score"": 0.5151}, ""publisher_as_title"": {""prediction_count"": 0, ""top1_id"": """", ""top1_score"": 0.0}, ""title_plus_publisher"": {""prediction_count"": 7, ""top1_id"": ""a4b7c336a9eb0b2ed5d29b48b30bacf802fb1af4654b452f447576ded4f97ad1"", ""top1_score"": 0.5144}, ""title_publisher_swapped"": {""prediction_count"": 0, ""top1_id"": """", ""top1_score"": 0.0}}",rich,assessment_naming_regime,standard_state,standard_catalog_mapping,assessment_other,no,no,no,a4b7c336a9eb0b2ed5d29b48b30bacf802fb1af4654b452f447576ded4f97ad1,0.5151,def096ae24ed04fd17965b727862f7b75118e40b5c0a90ecb4eed3c41403da62,0.4637,fc22f9e44b6ffbc9c08e741cb8b798a84f0b217b68f5a6897a43c165465aada8,0.463,f3713f830e87d55be72b497e68c272ee90ccb116667cf3f3f09080f0d211b4ed,0.4617,878c011a07d033260e4a53bdd6b586308e67df6454e1a75ad41465607928616a,0.4615,f6a7575da0ef9da480bf9c7d7c625acac70ef4182dcd7dfacb0ef7a5ee83360c,0.3916,a47af7a88055a5abd4f678e2a15f3aae3ac69b0b98f5067c8d1c98284ad44af0,0.3697,fe63392338cf98d305c13a2eca7e02586d4f5e86a6fd67ca84d3e1ac38bece3f,0.3596,d766843f1febd6cc45c2f9436c8f9a575b8c03ffcbd214eb38cd9b7ab8eda040,0.2692,,,assessment_like,assessment_like_consistent,NWEA: MAP Growth,MAP Suite,Assessment,Northwest Evaluation Association (NWEA),False,False,False,standard_catalog_mapping
00683646dff91c0ef56fa1323bc87b8c3fb1363aeb1570f09148d17f0ed7dbc5,IA,ELL assessment,,ELA,Assessment,12,5b06019e75db74cb43ec4bcdbec2c6dc71392d6fca239bdc06827c808f38b72c,2023-2024,missing,5b06019e75db74cb43ec4bcdbec2c6dc71392d6fca239bdc06827c808f38b72c,5b06019e75db74cb43ec4bcdbec2c6dc71392d6fca239bdc06827c808f38b72c,5cb3afc858d1ae3193e73fb9c24cb6de7480dd927d0db5309c407feaef9c3e00,0,False,False,False,0.0,0.0,0.329,low,True,True,title_plus_publisher,0.1862,0.329,"{""primary"": {""prediction_count"": 1, ""top1_id"": ""7c5a80ae2b4ce40c9419c777933d5ce858c0c8479965dd8ae9f95086723e199c"", ""top1_score"": 0.1862}, ""publisher_as_title"": {""prediction_count"": 0, ""top1_id"": """", ""top1_score"": 0.0}, ""title_plus_publisher"": {""prediction_count"": 4, ""top1_id"": ""5cb3afc858d1ae3193e73fb9c24cb6de7480dd927d0db5309c407feaef9c3e00"", ""top1_score"": 0.329}, ""title_publisher_swapped"": {""prediction_count"": 0, ""top1_id"": """", ""top1_score"": 0.0}}",medium,assessment_naming_regime,standard_state,standard_catalog_mapping,assessment_short_or_acronym_title,yes,yes,no,5cb3afc858d1ae3193e73fb9c24cb6de7480dd927d0db5309c407feaef9c3e00,0.329,7c5a80ae2b4ce40c9419c777933d5ce858c0c8479965dd8ae9f95086723e199c,0.3215,61cd9bdcfd309ec294f0d5e279650ffd79c53359ee5edc84c0178605752c96d4,0.2938,b764e53683e0865d736d8d00682a29f04ede4399e07e82ba6b8022a248feb7bf,0.2484,,,,,,,,,,,,,assessment_like,assessment_like_consistent,State Created Assessments,State Created Assessments,Assessment,State Created Materials,False,False,False,standard_catalog_mapping
005a32dfc05dfd169e26f3b26caf0ea87a0cf14a847c02eedae38dea779f6614,ID,English District Required Unit Assessment,,ELA,Assessment,1,8bc4b916ea5ccc05c4810bf1e3bd7d078b7a86856fdf67184bf63e3609de57b9,2023-2024,missing,8bc4b916ea5ccc05c4810bf1e3bd7d078b7a86856fdf67184bf63e3609de57b9,8bc4b916ea5ccc05c4810bf1e3bd7d078b7a86856fdf67184bf63e3609de57b9,8bc4b916ea5ccc05c4810bf1e3bd7d078b7a86856fdf67184bf63e3609de57b9,1,True,True,True,1.0,1.0,0.3714,low,True,True,title_plus_publisher,0.0,0.3714,"{""primary"": {""prediction_count"": 0, ""top1_id"": """", ""top1_score"": 0.0}, ""publisher_as_title"": {""prediction_count"": 0, ""top1_id"": """", ""top1_score"": 0.0}, ""title_plus_publisher"": {""prediction_count"": 3, ""top1_id"": ""8bc4b916ea5ccc05c4810bf1e3bd7d078b7a86856fdf67184bf63e3609de57b9"", ""top1_score"": 0.3714}, ""title_publisher_swapped"": {""prediction_count"": 0, ""top1_id"": """", ""top1_score"": 0.0}}",medium,assessment_naming_regime,standard_state,standard_catalog_mapping,assessment_publisher_missing,no,yes,no,8bc4b916ea5ccc05c4810bf1e3bd7d078b7a86856fdf67184bf63e3609de57b9,0.3714,56857edf7ee969e982d7a6aceec1cfa3310feeaa2665951d7257ecdbc8a6585e,0.3118,7c5a80ae2b4ce40c9419c777933d5ce858c0c8479965dd8ae9f95086723e199c,0.2764,,,,,,,,,,,,,,,assessment_like,assessment_like_consistent,District Created Assessments,District Created Assessments,Assessment,District Created Materials,False,False,False,standard_catalog_mapping
000924b9116c9bf6a9bb8b83123df9c3502a9361a280088b2865896b545a8743,IL,ACCESS 2.0,,ELA,Assessment,2,3067c5fa7d9da55a5b3e1980dd4f1c36edd4c4cca6360b3528bfef348c4278de,2023-2024,missing,3067c5fa7d9da55a5b3e1980dd4f1c36edd4c4cca6360b3528bfef348c4278de,3067c5fa7d9da55a5b3e1980dd4f1c36edd4c4cca6360b3528bfef348c4278de,,0,False,False,False,0.0,0.0,0.0,no_prediction,True,False,primary,0.0,0.0,"{""primary"": {""prediction_count"": 0, ""top1_id"": """", ""top1_score"": 0.0}, ""publisher_as_title"": {""prediction_count"": 0, ""top1_id"": """", ""top1_score"": 0.0}, ""title_plus_publisher"": {""prediction_count"": 0, ""top1_id"": """", ""top1_score"": 0.0}, ""title_publisher_swapped"": {""prediction_count"": 0, ""top1_id"": """", ""top1_score"": 0.0}}",medium,assessment_naming_regime,standard_state,standard_catalog_mapping,assessment_publisher_missing,no,yes,no,,,,,,,,,,,,,,,,,,,,,assessment_like,assessment_like_consistent,ACCESS for ELLs,ACCESS for ELLs,Assessment,University of Wisconsin-Madison,False,False,False,standard_catalog_mapping
002a6f9f1a7205ad79113d41a83a12ba0aea28196a7a08d1eaefbc71be0cf1d0,IL,5Essentials,,ELA,Assessment,7,9b41baefd0d7404d6bedc57ef09f5077e74359bcae70236a76c1418927415066,2024-2025,missing,9b41baefd0d7404d6bedc57ef09f5077e74359bcae70236a76c1418927415066,9b41baefd0d7404d6bedc57ef09f5077e74359bcae70236a76c1418927415066,,0,False,False,False,0.0,0.0,0.0,no_prediction,True,False,primary,0.0,0.0,"{""primary"": {""prediction_count"": 0, ""top1_id"": """", ""top1_score"": 0.0}, ""publisher_as_title"": {""prediction_count"": 0, ""top1_id"": """", ""top1_score"": 0.0}, ""title_plus_publisher"": {""prediction_count"": 0, ""top1_id"": """", ""top1_score"": 0.0}, ""title_publisher_swapped"": {""prediction_count"": 0, ""top1_id"": """", ""top1_score"": 0.0}}",sparse,assessment_naming_regime,standard_state,standard_catalog_mapping,assessment_short_or_acronym_title,yes,yes,no,,,,,,,,,,,,,,,,,,,,,assessment_like,assessment_like_consistent,Other Assessment - Not in Catalog,Other,Assessment,Other,False,False,False,standard_catalog_mapping
003aa9c1fe26d8a94ad4f017f172f81e74a6a25c27f5cb7f4b3674d60eaf8397,IL,STAR Reading,,ELA,Assessment,5,61cd9bdcfd309ec294f0d5e279650ffd79c53359ee5edc84c0178605752c96d4,2023-2024,missing,61cd9bdcfd309ec294f0d5e279650ffd79c53359ee5edc84c0178605752c96d4,61cd9bdcfd309ec294f0d5e279650ffd79c53359ee5edc84c0178605752c96d4,447ab63a5a8e9439485af643856716cd4147ea380569167cb01a94e226b79893,8,False,False,True,0.125,0.3155,0.507,medium,True,True,title_plus_publisher,0.0,0.507,"{""primary"": {""prediction_count"": 0, ""top1_id"": """", ""top1_score"": 0.0}, ""publisher_as_title"": {""prediction_count"": 0, ""top1_id"": """", ""top1_score"": 0.0}, ""title_plus_publisher"": {""prediction_count"": 10, ""top1_id"": ""447ab63a5a8e9439485af643856716cd4147ea380569167cb01a94e226b79893"", ""top1_score"": 0.507}, ""title_publisher_swapped"": {""prediction_count"": 0, ""top1_id"": """", ""top1_score"": 0.0}}",sparse,assessment_naming_regime,standard_state,standard_catalog_mapping,assessment_short_or_acronym_title,yes,yes,no,447ab63a5a8e9439485af643856716cd4147ea380569167cb01a94e226b79893,0.507,9863bb34daf2ce734c56e414cd14f14a237fd14dfc281b330603f05a67a33187,0.4969,464c448834290df2b1bf12904bf2facff6b72e621495f94c2b4f66d7905fd98e,0.4934,3088245111224af5274fbf6b4636600552f409758c58b97fbfef320eacfb1557,0.4841,0614d3f05e87af629386ca59b07e3ed9fee760030cd6dc5411562aad45227a98,0.4748,86b3425722843314d69c88775cae7ac7b3ce9f2aabc0c24953d65e3a81183028,0.4623,3149495899ba5b8c583aa656ad491d6297c14453e20abd51c7d3a28874dd280a,0.4282,61cd9bdcfd309ec294f0d5e279650ffd79c53359ee5edc84c0178605752c96d4,0.3483,294c264bf5e28a0ee151d3999d2c4485e5ae5af93c6e5fb54602c9cec21d47cf,0.3364,b90d6e2cffe6b55f93b1d62bc258e10e3872a69e37cd13afd356d9bac4165ab6,0.3261,assessment_like,assessment_gold_present_selection_issue,Star Assessments,Star Assessments,Assessment,Renaissance,False,False,False,standard_catalog_mapping
0060ae039b23143584a10114ac357ae7ec27a9b511117af3a5439886bbd34ce7,IL,STAR Assessment,,ELA,Assessment,6,61cd9bdcfd309ec294f0d5e279650ffd79c53359ee5edc84c0178605752c96d4,2024-2025,missing,61cd9bdcfd309ec294f0d5e279650ffd79c53359ee5edc84c0178605752c96d4,61cd9bdcfd309ec294f0d5e279650ffd79c53359ee5edc84c0178605752c96d4,61cd9bdcfd309ec294f0d5e279650ffd79c53359ee5edc84c0178605752c96d4,1,True,True,True,1.0,1.0,0.4271,low,True,False,primary,0.4271,0.4271,"{""primary"": {""prediction_count"": 3, ""top1_id"": ""61cd9bdcfd309ec294f0d5e279650ffd79c53359ee5edc84c0178605752c96d4"", ""top1_score"": 0.4271}, ""publisher_as_title"": {""prediction_count"": 0, ""top1_id"": """", ""top1_score"": 0.0}, ""title_plus_publisher"": {""prediction_count"": 9, ""top1_id"": ""61cd9bdcfd309ec294f0d5e279650ffd79c53359ee5edc84c0178605752c96d4"", ""top1_score"": 0.481}, ""title_publisher_swapped"": {""prediction_count"": 0, ""top1_id"": """", ""top1_score"": 0.0}}",sparse,assessment_naming_regime,standard_state,standard_catalog_mapping,assessment_short_or_acronym_title,yes,yes,no,61cd9bdcfd309ec294f0d5e279650ffd79c53359ee5edc84c0178605752c96d4,0.4271,5cb3afc858d1ae3193e73fb9c24cb6de7480dd927d0db5309c407feaef9c3e00,0.2034,7c5a80ae2b4ce40c9419c777933d5ce858c0c8479965dd8ae9f95086723e199c,0.1946,,,,,,,,,,,,,,,assessment_like,assessment_like_consistent,Star Assessments,Star Assessments,Assessment,Renaissance,False,False,False,standard_catalog_mapping
00aa28ad8ec4a0220c194cfe353f58f28c504186eb7756acfa666e2c35f865f7,IL,aimsweb,,ELA,Assessment,2,57afee1804020279bb7c96876462e2f6e2a3a0e35ca42f2cbdee6d0aa73db7f4,2023-2024,missing,57afee1804020279bb7c96876462e2f6e2a3a0e35ca42f2cbdee6d0aa73db7f4,57afee1804020279bb7c96876462e2f6e2a3a0e35ca42f2cbdee6d0aa73db7f4,57afee1804020279bb7c96876462e2f6e2a3a0e35ca42f2cbdee6d0aa73db7f4,1,True,True,True,1.0,1.0,0.3663,low,True,False,primary,0.3663,0.3663,"{""primary"": {""prediction_count"": 1, ""top1_id"": ""57afee1804020279bb7c96876462e2f6e2a3a0e35ca42f2cbdee6d0aa73db7f4"", ""top1_score"": 0.3663}, ""publisher_as_title"": {""prediction_count"": 0, ""top1_id"": """", ""top1_score"": 0.0}, ""title_plus_publisher"": {""prediction_count"": 1, ""top1_id"": ""57afee1804020279bb7c96876462e2f6e2a3a0e35ca42f2cbdee6d0aa73db7f4"", ""top1_score"": 0.4379}, ""title_publisher_swapped"": {""prediction_count"": 0, ""top1_id"": """", ""top1_score"": 0.0}}",sparse,assessment_naming_regime,standard_state,standard_catalog_mapping,assessment_short_or_acronym_title,yes,yes,no,57afee1804020279bb7c96876462e2f6e2a3a0e35ca42f2cbdee6d0aa73db7f4,0.3663,,,,,,,,,,,,,,,,,,,assessment_like,assessment_like_consistent,aimswebPlus,aimswebPlus,Assessment,Pearson Education,False,False,False,standard_catalog_mapping
000a059e7829f9de2dd3bfcb849db9cae79ef14daf0eb34f424c23b225f76554,IL,Dynamic Learning Maps (DLM)  Alternate Assessments,Dynamic Learning Maps,ELA,Assessment,3,e8981ac7bc4c59e1072b24160cd1a28f170dc20cd8564bf57159810523c505d7,2023-2024,present,e8981ac7bc4c59e1072b24160cd1a28f170dc20cd8564bf57159810523c505d7,e8981ac7bc4c59e1072b24160cd1a28f170dc20cd8564bf57159810523c505d7,e8981ac7bc4c59e1072b24160cd1a28f170dc20cd8564bf57159810523c505d7,1,True,True,True,1.0,1.0,0.7037,medium,False,False,primary,0.7037,0.7037,"{""primary"": {""prediction_count"": 5, ""top1_id"": ""e8981ac7bc4c59e1072b24160cd1a28f170dc20cd8564bf57159810523c505d7"", ""top1_score"": 0.7037}}",rich,assessment_naming_regime,standard_state,standard_catalog_mapping,assessment_other,no,no,no,e8981ac7bc4c59e1072b24160cd1a28f170dc20cd8564bf57159810523c505d7,0.7037,aff2c78f2e443a5f74499dc0cb9be976a05a5eda6e18afc924171758f90b63a3,0.3459,1bd4d211015bee75c8dab7bbc6439ef1c3d8a5df5fb696e7b349351f8683006b,0.3348,50d146dedcc8cfc5cdd5363ef249e130f654f259a371e5441feef377a68a4e2c,0.3308,49fdf7b782db223819b0eca7d911af276ee475da16c0bee7aec4a08681c4bd35,0.2499,,,,,,,,,,,assessment_like,assessment_like_consistent,Dynamic Learning Map (DLM) Assessments,Dynamic Learning Map (DLM) Assessments,Assessment,Dynamic Learning Maps,False,False,False,standard_catalog_mapping
006e4e2996ee6891fccb6611175388a297a10f6e61cca9efd9ac1e72aeb7243f,IL,SAT,College Board,ELA,Assessment,11,44e3080cb989d5ae104ac5f115d1f9677bd4b0991bf30630d0f7113b7bcb6fee,2024-2025,present,44e3080cb989d5ae104ac5f115d1f9677bd4b0991bf30630d0f7113b7bcb6fee,44e3080cb989d5ae104ac5f115d1f9677bd4b0991bf30630d0f7113b7bcb6fee,44e3080cb989d5ae104ac5f115d1f9677bd4b0991bf30630d0f7113b7bcb6fee,1,True,True,True,1.0,1.0,0.6224,medium,False,False,primary,0.6224,0.6224,"{""primary"": {""prediction_count"": 1, ""top1_id"": ""44e3080cb989d5ae104ac5f115d1f9677bd4b0991bf30630d0f7113b7bcb6fee"", ""top1_score"": 0.6224}}",medium,assessment_naming_regime,standard_state,standard_catalog_mapping,assessment_short_or_acronym_title,yes,no,no,44e3080cb989d5ae104ac5f115d1f9677bd4b0991bf30630d0f7113b7bcb6fee,0.6224,,,,,,,,,,,,,,,,,,,assessment_like,assessment_like_consistent,SAT,SAT,Assessment,College Board,False,False,False,standard_catalog_mapping
004db5fa28d4d9a7bb1f1cf708f2006805710c0e42f886eee9b6197ba232a575,IN,NWEA MAP,,ELA,Assessment,7,3d6c5002a86d064608d518b7041d788d11bb1e498c257f4076fbf446f64e6826,2023-2024,missing,3d6c5002a86d064608d518b7041d788d11bb1e498c257f4076fbf446f64e6826,3d6c5002a86d064608d518b7041d788d11bb1e498c257f4076fbf446f64e6826,3d6c5002a86d064608d518b7041d788d11bb1e498c257f4076fbf446f64e6826,1,True,True,True,1.0,1.0,0.3997,low,True,False,primary,0.3997,0.3997,"{""primary"": {""prediction_count"": 4, ""top1_id"": ""3d6c5002a86d064608d518b7041d788d11bb1e498c257f4076fbf446f64e6826"", ""top1_score"": 0.3997}, ""publisher_as_title"": {""prediction_count"": 0, ""top1_id"": """", ""top1_score"": 0.0}, ""title_plus_publisher"": {""prediction_count"": 4, ""top1_id"": ""3d6c5002a86d064608d518b7041d788d11bb1e498c257f4076fbf446f64e6826"", ""top1_score"": 0.4377}, ""title_publisher_swapped"": {""prediction_count"": 0, ""top1_id"": """", ""top1_score"": 0.0}}",sparse,assessment_naming_regime,standard_state,standard_catalog_mapping,assessment_short_or_acronym_title,yes,yes,no,3d6c5002a86d064608d518b7041d788d11bb1e498c257f4076fbf446f64e6826,0.3997,dee0f2790440685546f3d5dba2a914e5d10319529e1129e4e363d41af2d536db,0.3792,9e229bfb2ece2adf64374f0207d12d981a7b227230351e4089b4ab7f24187233,0.377,6dc83f19f2778e373de44f283c4580bf6b2f7f496f696fbeba6cc0e9d33bf706,0.3691,,,,,,,,,,,,,assessment_like,assessment_like_consistent,NWEA: MAP Suite,MAP Suite,Assessment,Northwest Evaluation Association (NWEA),False,False,False,standard_catalog_mapping
006bc0f3060e2702429b89b22117762d9a5ba8a2d1b8a8055c3a0083e5c34bf7,IN,iLearn,,ELA,Assessment,5,5b06019e75db74cb43ec4bcdbec2c6dc71392d6fca239bdc06827c808f38b72c,2023-2024,missing,5b06019e75db74cb43ec4bcdbec2c6dc71392d6fca239bdc06827c808f38b72c,5b06019e75db74cb43ec4bcdbec2c6dc71392d6fca239bdc06827c808f38b72c,2bab67db5ae7552970828983fbd7bc441bc3f83087ea0eebaf18b5ec496d0fe5,0,False,False,False,0.0,0.0,0.3871,low,True,True,title_plus_publisher,0.0,0.3871,"{""primary"": {""prediction_count"": 0, ""top1_id"": """", ""top1_score"": 0.0}, ""publisher_as_title"": {""prediction_count"": 0, ""top1_id"": """", ""top1_score"": 0.0}, ""title_plus_publisher"": {""prediction_count"": 3, ""top1_id"": ""2bab67db5ae7552970828983fbd7bc441bc3f83087ea0eebaf18b5ec496d0fe5"", ""top1_score"": 0.3871}, ""title_publisher_swapped"": {""prediction_count"": 0, ""top1_id"": """", ""top1_score"": 0.0}}",sparse,assessment_naming_regime,standard_state,standard_catalog_mapping,assessment_short_or_acronym_title,yes,yes,no,2bab67db5ae7552970828983fbd7bc441bc3f83087ea0eebaf18b5ec496d0fe5,0.3871,1de55eb0a8d50869b06fb3ef8db0e070d9fc6cb6599455cdbe8d592a0b325e27,0.2458,356161357c333b2f284e8a7a2d469342133bc7eca5ae3b09e438b14284d957b8,0.2049,,,,,,,,,,,,,,,assessment_like,assessment_like_consistent,State Created Assessments,State Created Assessments,Assessment,State Created Materials,False,False,False,standard_catalog_mapping
004231333ec889564ebeea2ac21442bd9eea856ec009a9174802efcd0b2eaf80,IN,ILEARN,Cambium Assessment,ELA,Assessment,4,5b06019e75db74cb43ec4bcdbec2c6dc71392d6fca239bdc06827c808f38b72c,2024-2025,present,5b06019e75db74cb43ec4bcdbec2c6dc71392d6fca239bdc06827c808f38b72c,5b06019e75db74cb43ec4bcdbec2c6dc71392d6fca239bdc06827c808f38b72c,56857edf7ee969e982d7a6aceec1cfa3310feeaa2665951d7257ecdbc8a6585e,0,False,False,False,0.0,0.0,0.321,low,True,True,title_plus_publisher,0.0,0.321,"{""primary"": {""prediction_count"": 0, ""top1_id"": """", ""top1_score"": 0.0}, ""publisher_as_title"": {""prediction_count"": 1, ""top1_id"": ""7c5a80ae2b4ce40c9419c777933d5ce858c0c8479965dd8ae9f95086723e199c"", ""top1_score"": 0.2729}, ""title_plus_publisher"": {""prediction_count"": 2, ""top1_id"": ""56857edf7ee969e982d7a6aceec1cfa3310feeaa2665951d7257ecdbc8a6585e"", ""top1_score"": 0.321}, ""title_publisher_swapped"": {""prediction_count"": 1, ""top1_id"": ""7c5a80ae2b4ce40c9419c777933d5ce858c0c8479965dd8ae9f95086723e199c"", ""top1_score"": 0.2933}}",medium,assessment_naming_regime,standard_state,standard_catalog_mapping,assessment_short_or_acronym_title,yes,no,no,56857edf7ee969e982d7a6aceec1cfa3310feeaa2665951d7257ecdbc8a6585e,0.321,7c5a80ae2b4ce40c9419c777933d5ce858c0c8479965dd8ae9f95086723e199c,0.2513,,,,,,,,,,,,,,,,,assessment_like,assessment_like_consistent,State Created Assessments,State Created Assessments,Assessment,State Created Materials,False,False,False,standard_catalog_mapping
019d3eb4a4a70a3cf12dbfc475e3b3ad662e4538621d99eccc18e4d9e7551aa6,KS,Quick Phonics Screener (QPS),,ELA,Assessment,8,8bc4b916ea5ccc05c4810bf1e3bd7d078b7a86856fdf67184bf63e3609de57b9,2023-2024,missing,8bc4b916ea5ccc05c4810bf1e3bd7d078b7a86856fdf67184bf63e3609de57b9,8bc4b916ea5ccc05c4810bf1e3bd7d078b7a86856fdf67184bf63e3609de57b9,beb01405298cb61b5fa7a1ed2c83e361b9698276bc7eea0264c0a08d8d45f859,0,False,False,False,0.0,0.0,0.3269,low,True,True,title_plus_publisher,0.0,0.3269,"{""primary"": {""prediction_count"": 0, ""top1_id"": """", ""top1_score"": 0.0}, ""publisher_as_title"": {""prediction_count"": 0, ""top1_id"": """", ""top1_score"": 0.0}, ""title_plus_publisher"": {""prediction_count"": 2, ""top1_id"": ""beb01405298cb61b5fa7a1ed2c83e361b9698276bc7eea0264c0a08d8d45f859"", ""top1_score"": 0.3269}, ""title_publisher_swapped"": {""prediction_count"": 0, ""top1_id"": """", ""top1_score"": 0.0}}",medium,assessment_naming_regime,standard_state,standard_catalog_mapping,assessment_publisher_missing,no,yes,no,beb01405298cb61b5fa7a1ed2c83e361b9698276bc7eea0264c0a08d8d45f859,0.3269,c353c087e273dfcdbabf4a7e0eb5b671871de89ac1722099111ca390b8b70fa5,0.3214,,,,,,,,,,,,,,,,,assessment_like,assessment_like_consistent,District Created Assessments,District Created Assessments,Assessment,District Created Materials,False,False,False,standard_catalog_mapping
0166afb3391a4f02904bb165fc439bdffab67b941fdedc617720458d0de74b93,KS,Dynamic Learning Maps ELA,Dynamic Learning Maps,ELA,Assessment,11,e8981ac7bc4c59e1072b24160cd1a28f170dc20cd8564bf57159810523c505d7,2024-2025,present,e8981ac7bc4c59e1072b24160cd1a28f170dc20cd8564bf57159810523c505d7,e8981ac7bc4c59e1072b24160cd1a28f170dc20cd8564bf57159810523c505d7,d0cf843a21667a31be1b91ac596b0665ca53383cf8cc98261ce0db06fc4e2baa,3,False,True,True,0.3333,0.5,0.5865,medium,False,False,primary,0.5865,0.5865,"{""primary"": {""prediction_count"": 10, ""top1_id"": ""d0cf843a21667a31be1b91ac596b0665ca53383cf8cc98261ce0db06fc4e2baa"", ""top1_score"": 0.5865}}",rich,assessment_naming_regime,standard_state,standard_catalog_mapping,assessment_other,no,no,no,d0cf843a21667a31be1b91ac596b0665ca53383cf8cc98261ce0db06fc4e2baa,0.5865,e259738494865d1ac25555af5fe9d867bd55e7b94c6506d4205ee8cd30fb4434,0.5504,e8981ac7bc4c59e1072b24160cd1a28f170dc20cd8564bf57159810523c505d7,0.5276,249381bb0ce74798330f0f6154c85373495ba52924ca38dac62fa366587295cf,0.5233,a4b7c336a9eb0b2ed5d29b48b30bacf802fb1af4654b452f447576ded4f97ad1,0.5192,4f65c779921555a121081dd99d386048b1422d09539c793652749573eb8428c1,0.5138,fe63392338cf98d305c13a2eca7e02586d4f5e86a6fd67ca84d3e1ac38bece3f,0.5115,905097a379548c5cd6037144789c0a56e54ad71a5c1ff3b39ea079046b436eb5,0.5019,ccd676375a511a7e746efcc557615ae0d944689aa9ad14feb05d539fd7c53c1c,0.5006,48e94202a484b8a988325e6d0b17d51637ff801fd428c47b7c25bc58bc688eff,0.4966,assessment_like,assessment_gold_present_selection_issue,Dynamic Learning Map (DLM) Assessments,Dynamic Learning Map (DLM) Assessments,Assessment,Dynamic Learning Maps,False,False,False,standard_catalog_mapping
009049d9f9c6f57c48c2e3cd9d3cb73b9518619d3bba2a64c05c3a7adf408e84,KY,NWEA MAP,,ELA,Assessment,4,dee0f2790440685546f3d5dba2a914e5d10319529e1129e4e363d41af2d536db,2023-2024,missing,dee0f2790440685546f3d5dba2a914e5d10319529e1129e4e363d41af2d536db,dee0f2790440685546f3d5dba2a914e5d10319529e1129e4e363d41af2d536db,3d6c5002a86d064608d518b7041d788d11bb1e498c257f4076fbf446f64e6826,2,False,True,True,0.5,0.6309,0.3997,low,True,False,primary,0.3997,0.3997,"{""primary"": {""prediction_count"": 4, ""top1_id"": ""3d6c5002a86d064608d518b7041d788d11bb1e498c257f4076fbf446f64e6826"", ""top1_score"": 0.3997}, ""publisher_as_title"": {""prediction_count"": 0, ""top1_id"": """", ""top1_score"": 0.0}, ""title_plus_publisher"": {""prediction_count"": 4, ""top1_id"": ""3d6c5002a86d064608d518b7041d788d11bb1e498c257f4076fbf446f64e6826"", ""top1_score"": 0.4377}, ""title_publisher_swapped"": {""prediction_count"": 0, ""top1_id"": """", ""top1_score"": 0.0}}",sparse,assessment_naming_regime,standard_state,standard_catalog_mapping,assessment_short_or_acronym_title,yes,yes,no,3d6c5002a86d064608d518b7041d788d11bb1e498c257f4076fbf446f64e6826,0.3997,dee0f2790440685546f3d5dba2a914e5d10319529e1129e4e363d41af2d536db,0.3792,9e229bfb2ece2adf64374f0207d12d981a7b227230351e4089b4ab7f24187233,0.377,6dc83f19f2778e373de44f283c4580bf6b2f7f496f696fbeba6cc0e9d33bf706,0.3691,,,,,,,,,,,,,assessment_like,assessment_gold_present_selection_issue,NWEA: MAP Growth,MAP Suite,Assessment,Northwest Evaluation Association (NWEA),False,False,False,standard_catalog_mapping
01c0eeda4592d788e62cccbf3490c36279ccc57433d21a5b4347b4b9f8158ce5,KY,DRA: K-5,Pearson Education,ELA,Assessment,1,6668dea5125090e42b5143e04b51b3d84fc1cb4af4ee1bd3f6c08be2993a440d,2024-2025,present,6668dea5125090e42b5143e04b51b3d84fc1cb4af4ee1bd3f6c08be2993a440d,6668dea5125090e42b5143e04b51b3d84fc1cb4af4ee1bd3f6c08be2993a440d,6668dea5125090e42b5143e04b51b3d84fc1cb4af4ee1bd3f6c08be2993a440d,1,True,True,True,1.0,1.0,0.6527,medium,False,False,primary,0.6527,0.6527,"{""primary"": {""prediction_count"": 4, ""top1_id"": ""6668dea5125090e42b5143e04b51b3d84fc1cb4af4ee1bd3f6c08be2993a440d"", ""top1_score"": 0.6527}}",medium,assessment_naming_regime,standard_state,standard_catalog_mapping,assessment_short_or_acronym_title,yes,no,no,6668dea5125090e42b5143e04b51b3d84fc1cb4af4ee1bd3f6c08be2993a440d,0.6527,56857edf7ee969e982d7a6aceec1cfa3310feeaa2665951d7257ecdbc8a6585e,0.3628,aff2c78f2e443a5f74499dc0cb9be976a05a5eda6e18afc924171758f90b63a3,0.3302,5cb3afc858d1ae3193e73fb9c24cb6de7480dd927d0db5309c407feaef9c3e00,0.29,,,,,,,,,,,,,assessment_like,assessment_like_consistent,DRA (Developmental Reading Assessment),DRA (Developmental Reading Assessment),Assessment,Pearson Education,False,False,False,standard_catalog_mapping
000a6f35ba977de109c061fa18902b18117e4f28205dc50aba0d93661003bb2d,LA,DIBELS,,ELA,Assessment,K,7a854875e5a7f25aca31f6eca06c8f3d69e6eaa1d56c8899c736e686249337fa,2024-2025,missing,7a854875e5a7f25aca31f6eca06c8f3d69e6eaa1d56c8899c736e686249337fa,7a854875e5a7f25aca31f6eca06c8f3d69e6eaa1d56c8899c736e686249337fa,7a854875e5a7f25aca31f6eca06c8f3d69e6eaa1d56c8899c736e686249337fa,1,True,True,True,1.0,1.0,0.3979,low,True,False,primary,0.3979,0.3979,"{""primary"": {""prediction_count"": 1, ""top1_id"": ""7a854875e5a7f25aca31f6eca06c8f3d69e6eaa1d56c8899c736e686249337fa"", ""top1_score"": 0.3979}, ""publisher_as_title"": {""prediction_count"": 0, ""top1_id"": """", ""top1_score"": 0.0}, ""title_plus_publisher"": {""prediction_count"": 2, ""top1_id"": ""7a854875e5a7f25aca31f6eca06c8f3d69e6eaa1d56c8899c736e686249337fa"", ""top1_score"": 0.4904}, ""title_publisher_swapped"": {""prediction_count"": 0, ""top1_id"": """", ""top1_score"": 0.0}}",sparse,assessment_naming_regime,standard_state,standard_catalog_mapping,assessment_short_or_acronym_title,yes,yes,no,7a854875e5a7f25aca31f6eca06c8f3d69e6eaa1d56c8899c736e686249337fa,0.3979,,,,,,,,,,,,,,,,,,,assessment_like,assessment_like_consistent,DIBELS,DIBELS,Assessment,"University of Oregon, Center on Teaching and Learning",False,False,False,standard_catalog_mapping
00886d4b8cdb45a7e23924a888608d52737ffc81534e61a044d8e8c1dbba8d81,MA,DIBELS,,ELA,Assessment,7,7a854875e5a7f25aca31f6eca06c8f3d69e6eaa1d56c8899c736e686249337fa,2023-2024,missing,7a854875e5a7f25aca31f6eca06c8f3d69e6eaa1d56c8899c736e686249337fa,7a854875e5a7f25aca31f6eca06c8f3d69e6eaa1d56c8899c736e686249337fa,7a854875e5a7f25aca31f6eca06c8f3d69e6eaa1d56c8899c736e686249337fa,1,True,True,True,1.0,1.0,0.3979,low,True,False,primary,0.3979,0.3979,"{""primary"": {""prediction_count"": 1, ""top1_id"": ""7a854875e5a7f25aca31f6eca06c8f3d69e6eaa1d56c8899c736e686249337fa"", ""top1_score"": 0.3979}, ""publisher_as_title"": {""prediction_count"": 0, ""top1_id"": """", ""top1_score"": 0.0}, ""title_plus_publisher"": {""prediction_count"": 2, ""top1_id"": ""ad0f271364c5529de5f4e780039b9a2e33f46b3d99a1c0f9dd5d5097e1d17d24"", ""top1_score"": 0.5146}, ""title_publisher_swapped"": {""prediction_count"": 0, ""top1_id"": """", ""top1_score"": 0.0}}",sparse,assessment_naming_regime,standard_state,standard_catalog_mapping,assessment_short_or_acronym_title,yes,yes,no,7a854875e5a7f25aca31f6eca06c8f3d69e6eaa1d56c8899c736e686249337fa,0.3979,,,,,,,,,,,,,,,,,,,assessment_like,assessment_like_consistent,DIBELS,DIBELS,Assessment,"University of Oregon, Center on Teaching and Learning",False,False,False,standard_catalog_mapping
008c8b30e03f7acb4e1d8c5c16ca0ee63e1f613a4da7bd49b2c00b3ca6b0b619,MD,MCAP,,ELA,Assessment,1,5b06019e75db74cb43ec4bcdbec2c6dc71392d6fca239bdc06827c808f38b72c,2024-2025,missing,5b06019e75db74cb43ec4bcdbec2c6dc71392d6fca239bdc06827c808f38b72c,5b06019e75db74cb43ec4bcdbec2c6dc71392d6fca239bdc06827c808f38b72c,ff3b9f73a0d60c3e0d36f98d95733a57b1c25f7fbff27f5785ceda8f22e51336,0,False,False,False,0.0,0.0,0.3522,low,True,True,title_plus_publisher,0.0,0.3522,"{""primary"": {""prediction_count"": 0, ""top1_id"": """", ""top1_score"": 0.0}, ""publisher_as_title"": {""prediction_count"": 0, ""top1_id"": """", ""top1_score"": 0.0}, ""title_plus_publisher"": {""prediction_count"": 1, ""top1_id"": ""ff3b9f73a0d60c3e0d36f98d95733a57b1c25f7fbff27f5785ceda8f22e51336"", ""top1_score"": 0.3522}, ""title_publisher_swapped"": {""prediction_count"": 0, ""top1_id"": """", ""top1_score"": 0.0}}",sparse,assessment_naming_regime,standard_state,standard_catalog_mapping,assessment_short_or_acronym_title,yes,yes,no,ff3b9f73a0d60c3e0d36f98d95733a57b1c25f7fbff27f5785ceda8f22e51336,0.3522,,,,,,,,,,,,,,,,,,,assessment_like,assessment_like_consistent,State Created Assessments,State Created Assessments,Assessment,State Created Materials,False,False,False,standard_catalog_mapping
00d2f695e296466fd09ccdbc1ba7f0704e31078eab603f9443e436e254e7e8ce,MD,Maryland Comprehensive Assessment Program,Maryland Department of Education,ELA,Assessment,7,5b06019e75db74cb43ec4bcdbec2c6dc71392d6fca239bdc06827c808f38b72c,2023-2024,present,5b06019e75db74cb43ec4bcdbec2c6dc71392d6fca239bdc06827c808f38b72c,5b06019e75db74cb43ec4bcdbec2c6dc71392d6fca239bdc06827c808f38b72c,,0,False,False,False,0.0,0.0,0.0,no_prediction,True,False,primary,0.0,0.0,"{""primary"": {""prediction_count"": 0, ""top1_id"": """", ""top1_score"": 0.0}, ""publisher_as_title"": {""prediction_count"": 0, ""top1_id"": """", ""top1_score"": 0.0}, ""title_plus_publisher"": {""prediction_count"": 0, ""top1_id"": """", ""top1_score"": 0.0}, ""title_publisher_swapped"": {""prediction_count"": 0, ""top1_id"": """", ""top1_score"": 0.0}}",rich,assessment_naming_regime,standard_state,standard_catalog_mapping,assessment_other,no,no,no,,,,,,,,,,,,,,,,,,,,,assessment_like,assessment_like_consistent,State Created Assessments,State Created Assessments,Assessment,State Created Materials,False,False,False,standard_catalog_mapping
001b68d13e1f585913a26561488dbd1805f24006da1877bbd0d6749230843129,MI,I-ready reading,,ELA,Assessment,7,56857edf7ee969e982d7a6aceec1cfa3310feeaa2665951d7257ecdbc8a6585e,2024-2025,missing,56857edf7ee969e982d7a6aceec1cfa3310feeaa2665951d7257ecdbc8a6585e,56857edf7ee969e982d7a6aceec1cfa3310feeaa2665951d7257ecdbc8a6585e,4533de92bf4c427c514dbef8215db02c7eb89c87c2b7804ad8910f22f77d78ad,0,False,False,False,0.0,0.0,0.5046,medium,True,False,primary,0.5046,0.5046,"{""primary"": {""prediction_count"": 9, ""top1_id"": ""4533de92bf4c427c514dbef8215db02c7eb89c87c2b7804ad8910f22f77d78ad"", ""top1_score"": 0.5046}, ""publisher_as_title"": {""prediction_count"": 0, ""top1_id"": """", ""top1_score"": 0.0}, ""title_plus_publisher"": {""prediction_count"": 10, ""top1_id"": ""9863bb34daf2ce734c56e414cd14f14a237fd14dfc281b330603f05a67a33187"", ""top1_score"": 0.5451}, ""title_publisher_swapped"": {""prediction_count"": 0, ""top1_id"": """", ""top1_score"": 0.0}}",medium,assessment_naming_regime,standard_state,standard_catalog_mapping,assessment_publisher_missing,no,yes,no,4533de92bf4c427c514dbef8215db02c7eb89c87c2b7804ad8910f22f77d78ad,0.5046,ad54ce396381cfa68d04be314b976ebca5053081a697b848245351ae24f9e3ee,0.4427,464c448834290df2b1bf12904bf2facff6b72e621495f94c2b4f66d7905fd98e,0.3782,f92391e6a87234e00c7d34d86fa6e5f7e04ae0e9350d0b70f484b1ce58de6e50,0.3711,86b3425722843314d69c88775cae7ac7b3ce9f2aabc0c24953d65e3a81183028,0.3299,0614d3f05e87af629386ca59b07e3ed9fee760030cd6dc5411562aad45227a98,0.2671,294c264bf5e28a0ee151d3999d2c4485e5ae5af93c6e5fb54602c9cec21d47cf,0.2454,893dc5550cae6564562e64e51d38ad9a8e5a6de8ccba406ca5ca5a86afd25671,0.2312,06c1ee3f1bde3d43e2692a91949bb0d4a6dcdc94c38e0ad01d1f5a9d9a796ec2,0.215,,,assessment_like,assessment_like_consistent,i-Ready Assessment,i-Ready Assessment,Assessment,Curriculum Associates,False,False,False,standard_catalog_mapping
00e0d99645b1d84fbb4ae100d7c62f4c4a30b7d579221f1252b12d9900f79fdc,MI,Access,,ELA,Assessment,4,3067c5fa7d9da55a5b3e1980dd4f1c36edd4c4cca6360b3528bfef348c4278de,2024-2025,missing,3067c5fa7d9da55a5b3e1980dd4f1c36edd4c4cca6360b3528bfef348c4278de,3067c5fa7d9da55a5b3e1980dd4f1c36edd4c4cca6360b3528bfef348c4278de,,0,False,False,False,0.0,0.0,0.0,no_prediction,True,False,primary,0.0,0.0,"{""primary"": {""prediction_count"": 0, ""top1_id"": """", ""top1_score"": 0.0}, ""publisher_as_title"": {""prediction_count"": 0, ""top1_id"": """", ""top1_score"": 0.0}, ""title_plus_publisher"": {""prediction_count"": 0, ""top1_id"": """", ""top1_score"": 0.0}, ""title_publisher_swapped"": {""prediction_count"": 0, ""top1_id"": """", ""top1_score"": 0.0}}",sparse,assessment_naming_regime,standard_state,standard_catalog_mapping,assessment_short_or_acronym_title,yes,yes,no,,,,,,,,,,,,,,,,,,,,,assessment_like,assessment_like_consistent,ACCESS for ELLs,ACCESS for ELLs,Assessment,University of Wisconsin-Madison,False,False,False,standard_catalog_mapping
0033176afa5c655b515ffc5d46ab9067248482adc6e61e5402cdbe833dedba9e,MN,ACCESS/Alternate ACCESS for ELLs,,ELA,Assessment,5,3067c5fa7d9da55a5b3e1980dd4f1c36edd4c4cca6360b3528bfef348c4278de,2023-2024,missing,3067c5fa7d9da55a5b3e1980dd4f1c36edd4c4cca6360b3528bfef348c4278de,3067c5fa7d9da55a5b3e1980dd4f1c36edd4c4cca6360b3528bfef348c4278de,3067c5fa7d9da55a5b3e1980dd4f1c36edd4c4cca6360b3528bfef348c4278de,1,True,True,True,1.0,1.0,0.407,low,True,False,primary,0.407,0.407,"{""primary"": {""prediction_count"": 1, ""top1_id"": ""3067c5fa7d9da55a5b3e1980dd4f1c36edd4c4cca6360b3528bfef348c4278de"", ""top1_score"": 0.407}, ""publisher_as_title"": {""prediction_count"": 0, ""top1_id"": """", ""top1_score"": 0.0}, ""title_plus_publisher"": {""prediction_count"": 5, ""top1_id"": ""3067c5fa7d9da55a5b3e1980dd4f1c36edd4c4cca6360b3528bfef348c4278de"", ""top1_score"": 0.4936}, ""title_publisher_swapped"": {""prediction_count"": 0, ""top1_id"": """", ""top1_score"": 0.0}}",medium,assessment_naming_regime,standard_state,standard_catalog_mapping,assessment_publisher_missing,no,yes,no,3067c5fa7d9da55a5b3e1980dd4f1c36edd4c4cca6360b3528bfef348c4278de,0.407,,,,,,,,,,,,,,,,,,,assessment_like,assessment_like_consistent,ACCESS for ELLs,ACCESS for ELLs,Assessment,University of Wisconsin-Madison,False,False,False,standard_catalog_mapping
00413ce7440992b48bcb60bfddccc2909da33449cc9c85cba8f4519ceb1df6dc,MN,ACCESS for ELLs,,ELA,Assessment,2,3067c5fa7d9da55a5b3e1980dd4f1c36edd4c4cca6360b3528bfef348c4278de,2023-2024,missing,3067c5fa7d9da55a5b3e1980dd4f1c36edd4c4cca6360b3528bfef348c4278de,3067c5fa7d9da55a5b3e1980dd4f1c36edd4c4cca6360b3528bfef348c4278de,3067c5fa7d9da55a5b3e1980dd4f1c36edd4c4cca6360b3528bfef348c4278de,1,True,True,True,1.0,1.0,0.4004,low,True,False,primary,0.4004,0.4004,"{""primary"": {""prediction_count"": 1, ""top1_id"": ""3067c5fa7d9da55a5b3e1980dd4f1c36edd4c4cca6360b3528bfef348c4278de"", ""top1_score"": 0.4004}, ""publisher_as_title"": {""prediction_count"": 0, ""top1_id"": """", ""top1_score"": 0.0}, ""title_plus_publisher"": {""prediction_count"": 2, ""top1_id"": ""3067c5fa7d9da55a5b3e1980dd4f1c36edd4c4cca6360b3528bfef348c4278de"", ""top1_score"": 0.488}, ""title_publisher_swapped"": {""prediction_count"": 0, ""top1_id"": """", ""top1_score"": 0.0}}",medium,assessment_naming_regime,standard_state,standard_catalog_mapping,assessment_publisher_missing,no,yes,no,3067c5fa7d9da55a5b3e1980dd4f1c36edd4c4cca6360b3528bfef348c4278de,0.4004,,,,,,,,,,,,,,,,,,,assessment_like,assessment_like_consistent,ACCESS for ELLs,ACCESS for ELLs,Assessment,University of Wisconsin-Madison,False,False,False,standard_catalog_mapping
0077528fe33a2911fc860d76493c605f4366475f49400a09ef9ed5572f45fd4b,MN,Letter Names,,ELA,Assessment,K,5a61bd63948ea0f4e69b6b3fc3db322c4fcbb1d3056ba0df85ca77ced410f760,2023-2024,missing,5a61bd63948ea0f4e69b6b3fc3db322c4fcbb1d3056ba0df85ca77ced410f760,5a61bd63948ea0f4e69b6b3fc3db322c4fcbb1d3056ba0df85ca77ced410f760,21dd8e0d4587d9fd9c14f509bd8f2b9cdc5f6bf5b677cc343edcb3c92519971a,0,False,False,False,0.0,0.0,0.3182,low,True,True,title_plus_publisher,0.0,0.3182,"{""primary"": {""prediction_count"": 0, ""top1_id"": """", ""top1_score"": 0.0}, ""publisher_as_title"": {""prediction_count"": 0, ""top1_id"": """", ""top1_score"": 0.0}, ""title_plus_publisher"": {""prediction_count"": 2, ""top1_id"": ""21dd8e0d4587d9fd9c14f509bd8f2b9cdc5f6bf5b677cc343edcb3c92519971a"", ""top1_score"": 0.3182}, ""title_publisher_swapped"": {""prediction_count"": 0, ""top1_id"": """", ""top1_score"": 0.0}}",sparse,assessment_naming_regime,standard_state,standard_catalog_mapping,assessment_short_or_acronym_title,yes,yes,no,21dd8e0d4587d9fd9c14f509bd8f2b9cdc5f6bf5b677cc343edcb3c92519971a,0.3182,ca596b1f823764350369e48f4e53b760c3565693aa7f71633d6e9041b5eb7885,0.3087,,,,,,,,,,,,,,,,,assessment_like,assessment_like_consistent,FastBridge,FastBridge,Assessment,Illuminate Education,False,False,False,standard_catalog_mapping
0000fcf163a600b7a71364b6f1e7767e8499dbadfb80adc7e7e727083aa54050,MO,ACCESS for ELLS,,ELA,Assessment,12,3067c5fa7d9da55a5b3e1980dd4f1c36edd4c4cca6360b3528bfef348c4278de,2024-2025,missing,3067c5fa7d9da55a5b3e1980dd4f1c36edd4c4cca6360b3528bfef348c4278de,3067c5fa7d9da55a5b3e1980dd4f1c36edd4c4cca6360b3528bfef348c4278de,3067c5fa7d9da55a5b3e1980dd4f1c36edd4c4cca6360b3528bfef348c4278de,1,True,True,True,1.0,1.0,0.4004,low,True,False,primary,0.4004,0.4004,"{""primary"": {""prediction_count"": 1, ""top1_id"": ""3067c5fa7d9da55a5b3e1980dd4f1c36edd4c4cca6360b3528bfef348c4278de"", ""top1_score"": 0.4004}, ""publisher_as_title"": {""prediction_count"": 0, ""top1_id"": """", ""top1_score"": 0.0}, ""title_plus_publisher"": {""prediction_count"": 2, ""top1_id"": ""3067c5fa7d9da55a5b3e1980dd4f1c36edd4c4cca6360b3528bfef348c4278de"", ""top1_score"": 0.488}, ""title_publisher_swapped"": {""prediction_count"": 0, ""top1_id"": """", ""top1_score"": 0.0}}",medium,assessment_naming_regime,standard_state,standard_catalog_mapping,assessment_publisher_missing,no,yes,no,3067c5fa7d9da55a5b3e1980dd4f1c36edd4c4cca6360b3528bfef348c4278de,0.4004,,,,,,,,,,,,,,,,,,,assessment_like,assessment_like_consistent,ACCESS for ELLs,ACCESS for ELLs,Assessment,University of Wisconsin-Madison,False,False,False,standard_catalog_mapping
001f24d0f3b491a7e0f4d1f21bf7595282fc4f546c0a57c220ecf2981c66b853,MO,WIDA Screener,,ELA,Assessment,7,c353c087e273dfcdbabf4a7e0eb5b671871de89ac1722099111ca390b8b70fa5,2023-2024,missing,c353c087e273dfcdbabf4a7e0eb5b671871de89ac1722099111ca390b8b70fa5,c353c087e273dfcdbabf4a7e0eb5b671871de89ac1722099111ca390b8b70fa5,c353c087e273dfcdbabf4a7e0eb5b671871de89ac1722099111ca390b8b70fa5,1,True,True,True,1.0,1.0,0.4281,low,True,False,primary,0.4281,0.4281,"{""primary"": {""prediction_count"": 1, ""top1_id"": ""c353c087e273dfcdbabf4a7e0eb5b671871de89ac1722099111ca390b8b70fa5"", ""top1_score"": 0.4281}, ""publisher_as_title"": {""prediction_count"": 0, ""top1_id"": """", ""top1_score"": 0.0}, ""title_plus_publisher"": {""prediction_count"": 1, ""top1_id"": ""c353c087e273dfcdbabf4a7e0eb5b671871de89ac1722099111ca390b8b70fa5"", ""top1_score"": 0.4983}, ""title_publisher_swapped"": {""prediction_count"": 0, ""top1_id"": """", ""top1_score"": 0.0}}",sparse,assessment_naming_regime,standard_state,standard_catalog_mapping,assessment_short_or_acronym_title,yes,yes,no,c353c087e273dfcdbabf4a7e0eb5b671871de89ac1722099111ca390b8b70fa5,0.4281,,,,,,,,,,,,,,,,,,,assessment_like,assessment_like_consistent,WIDA Screener,WIDA Screener,Assessment,University of Wisconsin-Madison,False,False,False,standard_catalog_mapping
001b6dff64be1824c5197c9a20b73d8c7b062bbf63215021d3a69fffb89f68ae,MS,iReady Diagnostic Test,,ELA,Assessment,4,56857edf7ee969e982d7a6aceec1cfa3310feeaa2665951d7257ecdbc8a6585e,2023-2024,missing,56857edf7ee969e982d7a6aceec1cfa3310feeaa2665951d7257ecdbc8a6585e,56857edf7ee969e982d7a6aceec1cfa3310feeaa2665951d7257ecdbc8a6585e,b163aefd5ba108a150e920f3bdd335d8be9b73493c226f597a409ee2ca4a625d,0,False,False,False,0.0,0.0,0.2436,very_low,True,False,primary,0.2436,0.2436,"{""primary"": {""prediction_count"": 1, ""top1_id"": ""b163aefd5ba108a150e920f3bdd335d8be9b73493c226f597a409ee2ca4a625d"", ""top1_score"": 0.2436}, ""publisher_as_title"": {""prediction_count"": 0, ""top1_id"": """", ""top1_score"": 0.0}, ""title_plus_publisher"": {""prediction_count"": 5, ""top1_id"": ""b163aefd5ba108a150e920f3bdd335d8be9b73493c226f597a409ee2ca4a625d"", ""top1_score"": 0.3213}, ""title_publisher_swapped"": {""prediction_count"": 0, ""top1_id"": """", ""top1_score"": 0.0}}",medium,assessment_naming_regime,standard_state,standard_catalog_mapping,assessment_publisher_missing,no,yes,no,b163aefd5ba108a150e920f3bdd335d8be9b73493c226f597a409ee2ca4a625d,0.2436,,,,,,,,,,,,,,,,,,,assessment_like,assessment_like_consistent,i-Ready Assessment,i-Ready Assessment,Assessment,Curriculum Associates,False,False,False,standard_catalog_mapping
00449ad4af9af0c9f83adf190a196bbb91e04283aee68c0962cacade46bad7a1,MS,ACT WorkKeys,ACT,ELA,Assessment,10,60f8e4bc6025f11824e7355130ee1e1f44a7a1fc95bcfc16c58c105660b9c6db,2023-2024,present,60f8e4bc6025f11824e7355130ee1e1f44a7a1fc95bcfc16c58c105660b9c6db,60f8e4bc6025f11824e7355130ee1e1f44a7a1fc95bcfc16c58c105660b9c6db,60f8e4bc6025f11824e7355130ee1e1f44a7a1fc95bcfc16c58c105660b9c6db,1,True,True,True,1.0,1.0,0.6584,medium,False,False,primary,0.6584,0.6584,"{""primary"": {""prediction_count"": 1, ""top1_id"": ""60f8e4bc6025f11824e7355130ee1e1f44a7a1fc95bcfc16c58c105660b9c6db"", ""top1_score"": 0.6584}}",medium,assessment_naming_regime,standard_state,standard_catalog_mapping,assessment_short_or_acronym_title,yes,no,no,60f8e4bc6025f11824e7355130ee1e1f44a7a1fc95bcfc16c58c105660b9c6db,0.6584,,,,,,,,,,,,,,,,,,,assessment_like,assessment_like_consistent,ACT WorkKeys,ACT WorkKeys,Assessment,ACT,False,False,False,standard_catalog_mapping
0013aea54f911e22b60cc433acf7bff4c4f42b9b09678c80def136798915229e,NC,"i-Ready Diagnostic Assessments Ã¢ÂÂ Math (K-8), Reading (4-8)",,ELA,Assessment,5,56857edf7ee969e982d7a6aceec1cfa3310feeaa2665951d7257ecdbc8a6585e,2023-2024,missing,56857edf7ee969e982d7a6aceec1cfa3310feeaa2665951d7257ecdbc8a6585e,56857edf7ee969e982d7a6aceec1cfa3310feeaa2665951d7257ecdbc8a6585e,56857edf7ee969e982d7a6aceec1cfa3310feeaa2665951d7257ecdbc8a6585e,1,True,True,True,1.0,1.0,0.3498,low,True,False,primary,0.3498,0.3498,"{""primary"": {""prediction_count"": 1, ""top1_id"": ""56857edf7ee969e982d7a6aceec1cfa3310feeaa2665951d7257ecdbc8a6585e"", ""top1_score"": 0.3498}, ""publisher_as_title"": {""prediction_count"": 0, ""top1_id"": """", ""top1_score"": 0.0}, ""title_plus_publisher"": {""prediction_count"": 1, ""top1_id"": ""56857edf7ee969e982d7a6aceec1cfa3310feeaa2665951d7257ecdbc8a6585e"", ""top1_score"": 0.389}, ""title_publisher_swapped"": {""prediction_count"": 0, ""top1_id"": """", ""top1_score"": 0.0}}",medium,assessment_naming_regime,standard_state,standard_catalog_mapping,assessment_publisher_missing,no,yes,no,56857edf7ee969e982d7a6aceec1cfa3310feeaa2665951d7257ecdbc8a6585e,0.3498,,,,,,,,,,,,,,,,,,,assessment_like,assessment_like_consistent,i-Ready Assessment,i-Ready Assessment,Assessment,Curriculum Associates,False,False,False,standard_catalog_mapping
00259a280f4c7402f3fe740f517e62fabd3489e23f3a6b15189d3b4081892205,NC,ACCESS for ELLs 2.0ÃÂ®,,ELA,Assessment,9,3067c5fa7d9da55a5b3e1980dd4f1c36edd4c4cca6360b3528bfef348c4278de,2023-2024,missing,3067c5fa7d9da55a5b3e1980dd4f1c36edd4c4cca6360b3528bfef348c4278de,3067c5fa7d9da55a5b3e1980dd4f1c36edd4c4cca6360b3528bfef348c4278de,3067c5fa7d9da55a5b3e1980dd4f1c36edd4c4cca6360b3528bfef348c4278de,1,True,True,True,1.0,1.0,0.3767,low,True,False,primary,0.3767,0.3767,"{""primary"": {""prediction_count"": 1, ""top1_id"": ""3067c5fa7d9da55a5b3e1980dd4f1c36edd4c4cca6360b3528bfef348c4278de"", ""top1_score"": 0.3767}, ""publisher_as_title"": {""prediction_count"": 0, ""top1_id"": """", ""top1_score"": 0.0}, ""title_plus_publisher"": {""prediction_count"": 1, ""top1_id"": ""3067c5fa7d9da55a5b3e1980dd4f1c36edd4c4cca6360b3528bfef348c4278de"", ""top1_score"": 0.4484}, ""title_publisher_swapped"": {""prediction_count"": 0, ""top1_id"": """", ""top1_score"": 0.0}}",medium,assessment_naming_regime,standard_state,standard_catalog_mapping,assessment_publisher_missing,no,yes,no,3067c5fa7d9da55a5b3e1980dd4f1c36edd4c4cca6360b3528bfef348c4278de,0.3767,,,,,,,,,,,,,,,,,,,assessment_like,assessment_like_consistent,ACCESS for ELLs,ACCESS for ELLs,Assessment,University of Wisconsin-Madison,False,False,False,standard_catalog_mapping
005fc19b48ae73401545f64450b58e25bae1551cf2f8bec47facc99bc392cfa5,NC,Access for ELLs,,ELA,Assessment,5,3067c5fa7d9da55a5b3e1980dd4f1c36edd4c4cca6360b3528bfef348c4278de,2024-2025,missing,3067c5fa7d9da55a5b3e1980dd4f1c36edd4c4cca6360b3528bfef348c4278de,3067c5fa7d9da55a5b3e1980dd4f1c36edd4c4cca6360b3528bfef348c4278de,3067c5fa7d9da55a5b3e1980dd4f1c36edd4c4cca6360b3528bfef348c4278de,1,True,True,True,1.0,1.0,0.4004,low,True,False,primary,0.4004,0.4004,"{""primary"": {""prediction_count"": 1, ""top1_id"": ""3067c5fa7d9da55a5b3e1980dd4f1c36edd4c4cca6360b3528bfef348c4278de"", ""top1_score"": 0.4004}, ""publisher_as_title"": {""prediction_count"": 0, ""top1_id"": """", ""top1_score"": 0.0}, ""title_plus_publisher"": {""prediction_count"": 2, ""top1_id"": ""3067c5fa7d9da55a5b3e1980dd4f1c36edd4c4cca6360b3528bfef348c4278de"", ""top1_score"": 0.488}, ""title_publisher_swapped"": {""prediction_count"": 0, ""top1_id"": """", ""top1_score"": 0.0}}",medium,assessment_naming_regime,standard_state,standard_catalog_mapping,assessment_publisher_missing,no,yes,no,3067c5fa7d9da55a5b3e1980dd4f1c36edd4c4cca6360b3528bfef348c4278de,0.4004,,,,,,,,,,,,,,,,,,,assessment_like,assessment_like_consistent,ACCESS for ELLs,ACCESS for ELLs,Assessment,University of Wisconsin-Madison,False,False,False,standard_catalog_mapping
0092cae250bce0c7e9c2bd83150287028c6654ee58f439cfc229c9c17e7dc82b,NC,WIDA Screener Placement Test,,ELA,Assessment,12,c353c087e273dfcdbabf4a7e0eb5b671871de89ac1722099111ca390b8b70fa5,2023-2024,missing,c353c087e273dfcdbabf4a7e0eb5b671871de89ac1722099111ca390b8b70fa5,c353c087e273dfcdbabf4a7e0eb5b671871de89ac1722099111ca390b8b70fa5,c353c087e273dfcdbabf4a7e0eb5b671871de89ac1722099111ca390b8b70fa5,1,True,True,True,1.0,1.0,0.3646,low,True,False,primary,0.3646,0.3646,"{""primary"": {""prediction_count"": 1, ""top1_id"": ""c353c087e273dfcdbabf4a7e0eb5b671871de89ac1722099111ca390b8b70fa5"", ""top1_score"": 0.3646}, ""publisher_as_title"": {""prediction_count"": 0, ""top1_id"": """", ""top1_score"": 0.0}, ""title_plus_publisher"": {""prediction_count"": 1, ""top1_id"": ""c353c087e273dfcdbabf4a7e0eb5b671871de89ac1722099111ca390b8b70fa5"", ""top1_score"": 0.4391}, ""title_publisher_swapped"": {""prediction_count"": 0, ""top1_id"": """", ""top1_score"": 0.0}}",medium,assessment_naming_regime,standard_state,standard_catalog_mapping,assessment_publisher_missing,no,yes,no,c353c087e273dfcdbabf4a7e0eb5b671871de89ac1722099111ca390b8b70fa5,0.3646,,,,,,,,,,,,,,,,,,,assessment_like,assessment_like_consistent,WIDA Screener,WIDA Screener,Assessment,University of Wisconsin-Madison,False,False,False,standard_catalog_mapping
009376fddec107da1088e353308e78acf39e00b18e5e4a271462df02d3b6f51e,NC,ACT Workkeys,,ELA,Assessment,12,60f8e4bc6025f11824e7355130ee1e1f44a7a1fc95bcfc16c58c105660b9c6db,2023-2024,missing,60f8e4bc6025f11824e7355130ee1e1f44a7a1fc95bcfc16c58c105660b9c6db,60f8e4bc6025f11824e7355130ee1e1f44a7a1fc95bcfc16c58c105660b9c6db,60f8e4bc6025f11824e7355130ee1e1f44a7a1fc95bcfc16c58c105660b9c6db,1,True,True,True,1.0,1.0,0.4084,low,True,False,primary,0.4084,0.4084,"{""primary"": {""prediction_count"": 1, ""top1_id"": ""60f8e4bc6025f11824e7355130ee1e1f44a7a1fc95bcfc16c58c105660b9c6db"", ""top1_score"": 0.4084}, ""publisher_as_title"": {""prediction_count"": 0, ""top1_id"": """", ""top1_score"": 0.0}, ""title_plus_publisher"": {""prediction_count"": 4, ""top1_id"": ""60f8e4bc6025f11824e7355130ee1e1f44a7a1fc95bcfc16c58c105660b9c6db"", ""top1_score"": 0.4947}, ""title_publisher_swapped"": {""prediction_count"": 0, ""top1_id"": """", ""top1_score"": 0.0}}",sparse,assessment_naming_regime,standard_state,standard_catalog_mapping,assessment_short_or_acronym_title,yes,yes,no,60f8e4bc6025f11824e7355130ee1e1f44a7a1fc95bcfc16c58c105660b9c6db,0.4084,,,,,,,,,,,,,,,,,,,assessment_like,assessment_like_consistent,ACT WorkKeys,ACT WorkKeys,Assessment,ACT,False,False,False,standard_catalog_mapping
00a7cdcd013b9040a7a588b92100a49f07bc64b6d3deabfcd3cb81cf103b9c80,NC,DIBELS,,ELA,Assessment,1,7a854875e5a7f25aca31f6eca06c8f3d69e6eaa1d56c8899c736e686249337fa,2023-2024,missing,7a854875e5a7f25aca31f6eca06c8f3d69e6eaa1d56c8899c736e686249337fa,7a854875e5a7f25aca31f6eca06c8f3d69e6eaa1d56c8899c736e686249337fa,7a854875e5a7f25aca31f6eca06c8f3d69e6eaa1d56c8899c736e686249337fa,1,True,True,True,1.0,1.0,0.3979,low,True,False,primary,0.3979,0.3979,"{""primary"": {""prediction_count"": 1, ""top1_id"": ""7a854875e5a7f25aca31f6eca06c8f3d69e6eaa1d56c8899c736e686249337fa"", ""top1_score"": 0.3979}, ""publisher_as_title"": {""prediction_count"": 0, ""top1_id"": """", ""top1_score"": 0.0}, ""title_plus_publisher"": {""prediction_count"": 2, ""top1_id"": ""7a854875e5a7f25aca31f6eca06c8f3d69e6eaa1d56c8899c736e686249337fa"", ""top1_score"": 0.4904}, ""title_publisher_swapped"": {""prediction_count"": 0, ""top1_id"": """", ""top1_score"": 0.0}}",sparse,assessment_naming_regime,standard_state,standard_catalog_mapping,assessment_short_or_acronym_title,yes,yes,no,7a854875e5a7f25aca31f6eca06c8f3d69e6eaa1d56c8899c736e686249337fa,0.3979,,,,,,,,,,,,,,,,,,,assessment_like,assessment_like_consistent,DIBELS,DIBELS,Assessment,"University of Oregon, Center on Teaching and Learning",False,False,False,standard_catalog_mapping
0084c9743bb4dd5164bb2a3ad924fa26c85f23aa642f4142a912c17a36dddec2,NC,STAR Reading,STAR Reading,ELA,Assessment,3,61cd9bdcfd309ec294f0d5e279650ffd79c53359ee5edc84c0178605752c96d4,2024-2025,present,61cd9bdcfd309ec294f0d5e279650ffd79c53359ee5edc84c0178605752c96d4,61cd9bdcfd309ec294f0d5e279650ffd79c53359ee5edc84c0178605752c96d4,a6a7cafcaa9d1c3358fcc4cdc28b374b7ae4214d1ba1e938468e270b22eba9a0,0,False,False,False,0.0,0.0,0.6129,medium,True,True,title_plus_publisher,0.0,0.6129,"{""primary"": {""prediction_count"": 0, ""top1_id"": """", ""top1_score"": 0.0}, ""publisher_as_title"": {""prediction_count"": 0, ""top1_id"": """", ""top1_score"": 0.0}, ""title_plus_publisher"": {""prediction_count"": 10, ""top1_id"": ""a6a7cafcaa9d1c3358fcc4cdc28b374b7ae4214d1ba1e938468e270b22eba9a0"", ""top1_score"": 0.6129}, ""title_publisher_swapped"": {""prediction_count"": 0, ""top1_id"": """", ""top1_score"": 0.0}}",medium,assessment_naming_regime,standard_state,standard_catalog_mapping,assessment_short_or_acronym_title,yes,no,no,a6a7cafcaa9d1c3358fcc4cdc28b374b7ae4214d1ba1e938468e270b22eba9a0,0.6129,464c448834290df2b1bf12904bf2facff6b72e621495f94c2b4f66d7905fd98e,0.5208,9863bb34daf2ce734c56e414cd14f14a237fd14dfc281b330603f05a67a33187,0.519,299aa69a09cbc83395a884a9f0755692a9edde6a4c06d93cc11ffb5b449e020f,0.517,27736b61c1c1bf1e0f4eef8893cc4537daec974080da703d00e79e051ed4c047,0.5003,21dfa18a42133c0bbd190d9ace2210a41c3811d3ecb7e841c3aeba94cb040d18,0.4627,ebb6aa027f50665f89a3dc09032ce50d4dd4689db5a619d273c70a4fcb6da444,0.4541,24bd09d87cf0238303d9060537561d26377a94d6779a1d2a2989ae03c8bc83b0,0.454,83b67210bf47d7a6170b540bd06c2f7abe957203c0affc36b2c5f1d5de54f0c7,0.4362,3149495899ba5b8c583aa656ad491d6297c14453e20abd51c7d3a28874dd280a,0.4309,assessment_like,assessment_like_consistent,Star Assessments,Star Assessments,Assessment,Renaissance,False,False,False,standard_catalog_mapping
00d0013117c8377d81be1e833a060b647a54bfcfb72c94afe4a03bc90b34c862,ND,mClass DIBELS,,ELA,Assessment,7,386b9e2b268a8a6bbd42b3ab9f9ea931240e1f7c3b6d75b95cf2d4d8f84eea93,2023-2024,missing,386b9e2b268a8a6bbd42b3ab9f9ea931240e1f7c3b6d75b95cf2d4d8f84eea93,386b9e2b268a8a6bbd42b3ab9f9ea931240e1f7c3b6d75b95cf2d4d8f84eea93,386b9e2b268a8a6bbd42b3ab9f9ea931240e1f7c3b6d75b95cf2d4d8f84eea93,1,True,True,True,1.0,1.0,0.4281,low,True,False,primary,0.4281,0.4281,"{""primary"": {""prediction_count"": 3, ""top1_id"": ""386b9e2b268a8a6bbd42b3ab9f9ea931240e1f7c3b6d75b95cf2d4d8f84eea93"", ""top1_score"": 0.4281}, ""publisher_as_title"": {""prediction_count"": 0, ""top1_id"": """", ""top1_score"": 0.0}, ""title_plus_publisher"": {""prediction_count"": 8, ""top1_id"": ""3247b0233b7b37964e9bfa0fa796cb85715b539ec1e703a8453b11cf2e4db811"", ""top1_score"": 0.4969}, ""title_publisher_swapped"": {""prediction_count"": 0, ""top1_id"": """", ""top1_score"": 0.0}}",sparse,assessment_naming_regime,standard_state,standard_catalog_mapping,assessment_short_or_acronym_title,yes,yes,no,386b9e2b268a8a6bbd42b3ab9f9ea931240e1f7c3b6d75b95cf2d4d8f84eea93,0.4281,bff09b8245ba204234b60873d93154891b9a6661fac0212acfb49a442c72482c,0.3705,7a854875e5a7f25aca31f6eca06c8f3d69e6eaa1d56c8899c736e686249337fa,0.3188,,,,,,,,,,,,,,,assessment_like,assessment_like_consistent,mCLASS (with DIBELS),mCLASS,Assessment,Amplify,False,False,False,standard_catalog_mapping
001d40f5b8c9e09d16a0253d2428ed420b29904c07591f7944e0410e0b272025,NE,NSCAS English Language Arts,,ELA,Assessment,4,5b06019e75db74cb43ec4bcdbec2c6dc71392d6fca239bdc06827c808f38b72c,2023-2024,missing,5b06019e75db74cb43ec4bcdbec2c6dc71392d6fca239bdc06827c808f38b72c,5b06019e75db74cb43ec4bcdbec2c6dc71392d6fca239bdc06827c808f38b72c,ca5d8c9beb2421ecd126976b763ce823292f6138bd941d6894d60c2e67d8a62d,0,False,False,False,0.0,0.0,0.4411,low,True,False,primary,0.4411,0.4411,"{""primary"": {""prediction_count"": 10, ""top1_id"": ""ca5d8c9beb2421ecd126976b763ce823292f6138bd941d6894d60c2e67d8a62d"", ""top1_score"": 0.4411}, ""publisher_as_title"": {""prediction_count"": 0, ""top1_id"": """", ""top1_score"": 0.0}, ""title_plus_publisher"": {""prediction_count"": 10, ""top1_id"": ""ca5d8c9beb2421ecd126976b763ce823292f6138bd941d6894d60c2e67d8a62d"", ""top1_score"": 0.5192}, ""title_publisher_swapped"": {""prediction_count"": 0, ""top1_id"": """", ""top1_score"": 0.0}}",medium,assessment_naming_regime,standard_state,standard_catalog_mapping,assessment_publisher_missing,no,yes,no,ca5d8c9beb2421ecd126976b763ce823292f6138bd941d6894d60c2e67d8a62d,0.4411,a4b7c336a9eb0b2ed5d29b48b30bacf802fb1af4654b452f447576ded4f97ad1,0.3666,fe304807152255ce71b0442fc94922b06f2bdb6beb6f9ffab891f742a8b94bf6,0.3381,f6a7575da0ef9da480bf9c7d7c625acac70ef4182dcd7dfacb0ef7a5ee83360c,0.3278,f3713f830e87d55be72b497e68c272ee90ccb116667cf3f3f09080f0d211b4ed,0.3142,def096ae24ed04fd17965b727862f7b75118e40b5c0a90ecb4eed3c41403da62,0.3134,905097a379548c5cd6037144789c0a56e54ad71a5c1ff3b39ea079046b436eb5,0.3089,cbec62ad046d2066da96b5a2329ab09dfc078906ffbe68b400a844338c53d545,0.3014,d766843f1febd6cc45c2f9436c8f9a575b8c03ffcbd214eb38cd9b7ab8eda040,0.2868,8db70b88b5a6b20912256288b0cdcbd47734f827b44c6b31f89a17be9500e307,0.2676,assessment_like,assessment_like_consistent,State Created Assessments,State Created Assessments,Assessment,State Created Materials,False,False,False,standard_catalog_mapping
00c4bc051b647906d4895416ea0dd975fa38df1cde18e6db94e2d9961cb145bf,NH,DLM,,ELA,Assessment,7,e8981ac7bc4c59e1072b24160cd1a28f170dc20cd8564bf57159810523c505d7,2024-2025,missing,e8981ac7bc4c59e1072b24160cd1a28f170dc20cd8564bf57159810523c505d7,e8981ac7bc4c59e1072b24160cd1a28f170dc20cd8564bf57159810523c505d7,fcab4ede9e3f6fbe2930660b06874c69e2753e768adc9d3c250930cae981ebeb,0,False,False,False,0.0,0.0,0.3466,low,True,True,title_plus_publisher,0.0,0.3466,"{""primary"": {""prediction_count"": 0, ""top1_id"": """", ""top1_score"": 0.0}, ""publisher_as_title"": {""prediction_count"": 0, ""top1_id"": """", ""top1_score"": 0.0}, ""title_plus_publisher"": {""prediction_count"": 1, ""top1_id"": ""fcab4ede9e3f6fbe2930660b06874c69e2753e768adc9d3c250930cae981ebeb"", ""top1_score"": 0.3466}, ""title_publisher_swapped"": {""prediction_count"": 0, ""top1_id"": """", ""top1_score"": 0.0}}",sparse,assessment_naming_regime,standard_state,standard_catalog_mapping,assessment_short_or_acronym_title,yes,yes,no,fcab4ede9e3f6fbe2930660b06874c69e2753e768adc9d3c250930cae981ebeb,0.3466,,,,,,,,,,,,,,,,,,,assessment_like,assessment_like_consistent,Dynamic Learning Map (DLM) Assessments,Dynamic Learning Map (DLM) Assessments,Assessment,Dynamic Learning Maps,False,False,False,standard_catalog_mapping
0005f73598016ac755891f46e9cfe093d66acd912aec496d7f03eba212269549,NJ,Dynamic Learning Maps (DLM),,ELA,Assessment,5,e8981ac7bc4c59e1072b24160cd1a28f170dc20cd8564bf57159810523c505d7,2023-2024,missing,e8981ac7bc4c59e1072b24160cd1a28f170dc20cd8564bf57159810523c505d7,e8981ac7bc4c59e1072b24160cd1a28f170dc20cd8564bf57159810523c505d7,e8981ac7bc4c59e1072b24160cd1a28f170dc20cd8564bf57159810523c505d7,1,True,True,True,1.0,1.0,0.3843,low,True,False,primary,0.3843,0.3843,"{""primary"": {""prediction_count"": 1, ""top1_id"": ""e8981ac7bc4c59e1072b24160cd1a28f170dc20cd8564bf57159810523c505d7"", ""top1_score"": 0.3843}, ""publisher_as_title"": {""prediction_count"": 0, ""top1_id"": """", ""top1_score"": 0.0}, ""title_plus_publisher"": {""prediction_count"": 4, ""top1_id"": ""e8981ac7bc4c59e1072b24160cd1a28f170dc20cd8564bf57159810523c505d7"", ""top1_score"": 0.409}, ""title_publisher_swapped"": {""prediction_count"": 0, ""top1_id"": """", ""top1_score"": 0.0}}",medium,assessment_naming_regime,standard_state,standard_catalog_mapping,assessment_publisher_missing,no,yes,no,e8981ac7bc4c59e1072b24160cd1a28f170dc20cd8564bf57159810523c505d7,0.3843,,,,,,,,,,,,,,,,,,,assessment_like,assessment_like_consistent,Dynamic Learning Map (DLM) Assessments,Dynamic Learning Map (DLM) Assessments,Assessment,Dynamic Learning Maps,False,False,False,standard_catalog_mapping
0010c5fed83558eaa8f78dd3a5dfefd10965df4ede48de495502b5e8486b7181,NJ,ACCESS,,ELA,Assessment,6,3067c5fa7d9da55a5b3e1980dd4f1c36edd4c4cca6360b3528bfef348c4278de,2023-2024,missing,3067c5fa7d9da55a5b3e1980dd4f1c36edd4c4cca6360b3528bfef348c4278de,3067c5fa7d9da55a5b3e1980dd4f1c36edd4c4cca6360b3528bfef348c4278de,,0,False,False,False,0.0,0.0,0.0,no_prediction,True,False,primary,0.0,0.0,"{""primary"": {""prediction_count"": 0, ""top1_id"": """", ""top1_score"": 0.0}, ""publisher_as_title"": {""prediction_count"": 0, ""top1_id"": """", ""top1_score"": 0.0}, ""title_plus_publisher"": {""prediction_count"": 0, ""top1_id"": """", ""top1_score"": 0.0}, ""title_publisher_swapped"": {""prediction_count"": 0, ""top1_id"": """", ""top1_score"": 0.0}}",sparse,assessment_naming_regime,standard_state,standard_catalog_mapping,assessment_short_or_acronym_title,yes,yes,no,,,,,,,,,,,,,,,,,,,,,assessment_like,assessment_like_consistent,ACCESS for ELLs,ACCESS for ELLs,Assessment,University of Wisconsin-Madison,False,False,False,standard_catalog_mapping
001b69733d5c92c6b0424b6037007f6e8b343741a4ec3a4221603394c9428f75,NJ,New Jersey Student Learning Assessment (NJSLA),,ELA,Assessment,5,5b06019e75db74cb43ec4bcdbec2c6dc71392d6fca239bdc06827c808f38b72c,2023-2024,missing,5b06019e75db74cb43ec4bcdbec2c6dc71392d6fca239bdc06827c808f38b72c,5b06019e75db74cb43ec4bcdbec2c6dc71392d6fca239bdc06827c808f38b72c,56857edf7ee969e982d7a6aceec1cfa3310feeaa2665951d7257ecdbc8a6585e,0,False,False,False,0.0,0.0,0.2651,very_low,True,False,primary,0.2651,0.2651,"{""primary"": {""prediction_count"": 6, ""top1_id"": ""56857edf7ee969e982d7a6aceec1cfa3310feeaa2665951d7257ecdbc8a6585e"", ""top1_score"": 0.2651}, ""publisher_as_title"": {""prediction_count"": 0, ""top1_id"": """", ""top1_score"": 0.0}, ""title_plus_publisher"": {""prediction_count"": 7, ""top1_id"": ""56857edf7ee969e982d7a6aceec1cfa3310feeaa2665951d7257ecdbc8a6585e"", ""top1_score"": 0.3198}, ""title_publisher_swapped"": {""prediction_count"": 0, ""top1_id"": """", ""top1_score"": 0.0}}",medium,assessment_naming_regime,standard_state,standard_catalog_mapping,assessment_publisher_missing,no,yes,no,56857edf7ee969e982d7a6aceec1cfa3310feeaa2665951d7257ecdbc8a6585e,0.2651,aff2c78f2e443a5f74499dc0cb9be976a05a5eda6e18afc924171758f90b63a3,0.2142,61cd9bdcfd309ec294f0d5e279650ffd79c53359ee5edc84c0178605752c96d4,0.2092,5cb3afc858d1ae3193e73fb9c24cb6de7480dd927d0db5309c407feaef9c3e00,0.2045,7c5a80ae2b4ce40c9419c777933d5ce858c0c8479965dd8ae9f95086723e199c,0.1741,49fdf7b782db223819b0eca7d911af276ee475da16c0bee7aec4a08681c4bd35,0.1675,,,,,,,,,assessment_like,assessment_like_consistent,State Created Assessments,State Created Assessments,Assessment,State Created Materials,False,False,False,standard_catalog_mapping
003d3f2fc15341b5567c3c2d6b151324c91fa2b06063dd412852e9bb387de7d9,NJ,ACCESS for ELLs,,ELA,Assessment,5,3067c5fa7d9da55a5b3e1980dd4f1c36edd4c4cca6360b3528bfef348c4278de,2024-2025,missing,3067c5fa7d9da55a5b3e1980dd4f1c36edd4c4cca6360b3528bfef348c4278de,3067c5fa7d9da55a5b3e1980dd4f1c36edd4c4cca6360b3528bfef348c4278de,3067c5fa7d9da55a5b3e1980dd4f1c36edd4c4cca6360b3528bfef348c4278de,1,True,True,True,1.0,1.0,0.4004,low,True,False,primary,0.4004,0.4004,"{""primary"": {""prediction_count"": 1, ""top1_id"": ""3067c5fa7d9da55a5b3e1980dd4f1c36edd4c4cca6360b3528bfef348c4278de"", ""top1_score"": 0.4004}, ""publisher_as_title"": {""prediction_count"": 0, ""top1_id"": """", ""top1_score"": 0.0}, ""title_plus_publisher"": {""prediction_count"": 2, ""top1_id"": ""3067c5fa7d9da55a5b3e1980dd4f1c36edd4c4cca6360b3528bfef348c4278de"", ""top1_score"": 0.488}, ""title_publisher_swapped"": {""prediction_count"": 0, ""top1_id"": """", ""top1_score"": 0.0}}",medium,assessment_naming_regime,standard_state,standard_catalog_mapping,assessment_publisher_missing,no,yes,no,3067c5fa7d9da55a5b3e1980dd4f1c36edd4c4cca6360b3528bfef348c4278de,0.4004,,,,,,,,,,,,,,,,,,,assessment_like,assessment_like_consistent,ACCESS for ELLs,ACCESS for ELLs,Assessment,University of Wisconsin-Madison,False,False,False,standard_catalog_mapping
00476df59f998d8ea4d13bd6717b0fa2decc8fad7aadf3c94c52c611c48e88c1,NJ,WIDA MODEL,,ELA,Assessment,8,c353c087e273dfcdbabf4a7e0eb5b671871de89ac1722099111ca390b8b70fa5,2023-2024,missing,c353c087e273dfcdbabf4a7e0eb5b671871de89ac1722099111ca390b8b70fa5,c353c087e273dfcdbabf4a7e0eb5b671871de89ac1722099111ca390b8b70fa5,c353c087e273dfcdbabf4a7e0eb5b671871de89ac1722099111ca390b8b70fa5,1,True,True,True,1.0,1.0,0.3543,low,True,True,title_plus_publisher,0.0,0.3543,"{""primary"": {""prediction_count"": 0, ""top1_id"": """", ""top1_score"": 0.0}, ""publisher_as_title"": {""prediction_count"": 0, ""top1_id"": """", ""top1_score"": 0.0}, ""title_plus_publisher"": {""prediction_count"": 1, ""top1_id"": ""c353c087e273dfcdbabf4a7e0eb5b671871de89ac1722099111ca390b8b70fa5"", ""top1_score"": 0.3543}, ""title_publisher_swapped"": {""prediction_count"": 0, ""top1_id"": """", ""top1_score"": 0.0}}",sparse,assessment_naming_regime,standard_state,standard_catalog_mapping,assessment_short_or_acronym_title,yes,yes,no,c353c087e273dfcdbabf4a7e0eb5b671871de89ac1722099111ca390b8b70fa5,0.3543,,,,,,,,,,,,,,,,,,,assessment_like,assessment_like_consistent,WIDA Screener,WIDA Screener,Assessment,University of Wisconsin-Madison,False,False,False,standard_catalog_mapping
006da9be3b929cca1e86b26905519719ea2cc532d998df3a8795e8a44f09278c,NJ,STAR,,ELA,Assessment,3,61cd9bdcfd309ec294f0d5e279650ffd79c53359ee5edc84c0178605752c96d4,2023-2024,missing,61cd9bdcfd309ec294f0d5e279650ffd79c53359ee5edc84c0178605752c96d4,61cd9bdcfd309ec294f0d5e279650ffd79c53359ee5edc84c0178605752c96d4,,0,False,False,False,0.0,0.0,0.0,no_prediction,True,False,primary,0.0,0.0,"{""primary"": {""prediction_count"": 0, ""top1_id"": """", ""top1_score"": 0.0}, ""publisher_as_title"": {""prediction_count"": 0, ""top1_id"": """", ""top1_score"": 0.0}, ""title_plus_publisher"": {""prediction_count"": 0, ""top1_id"": """", ""top1_score"": 0.0}, ""title_publisher_swapped"": {""prediction_count"": 0, ""top1_id"": """", ""top1_score"": 0.0}}",sparse,assessment_naming_regime,standard_state,standard_catalog_mapping,assessment_short_or_acronym_title,yes,yes,no,,,,,,,,,,,,,,,,,,,,,assessment_like,assessment_like_consistent,Star Assessments,Star Assessments,Assessment,Renaissance,False,False,False,standard_catalog_mapping
00e569435d263aefad52d3d47cd8b426ae71a8e38d795e05a3b9f2e750f1a702,NJ,NJSLA,NJDOE,ELA,Assessment,7,5b06019e75db74cb43ec4bcdbec2c6dc71392d6fca239bdc06827c808f38b72c,2024-2025,present,5b06019e75db74cb43ec4bcdbec2c6dc71392d6fca239bdc06827c808f38b72c,5b06019e75db74cb43ec4bcdbec2c6dc71392d6fca239bdc06827c808f38b72c,,0,False,False,False,0.0,0.0,0.0,no_prediction,True,False,primary,0.0,0.0,"{""primary"": {""prediction_count"": 0, ""top1_id"": """", ""top1_score"": 0.0}, ""publisher_as_title"": {""prediction_count"": 0, ""top1_id"": """", ""top1_score"": 0.0}, ""title_plus_publisher"": {""prediction_count"": 0, ""top1_id"": """", ""top1_score"": 0.0}, ""title_publisher_swapped"": {""prediction_count"": 0, ""top1_id"": """", ""top1_score"": 0.0}}",medium,assessment_naming_regime,standard_state,standard_catalog_mapping,assessment_short_or_acronym_title,yes,no,no,,,,,,,,,,,,,,,,,,,,,assessment_like,assessment_like_consistent,State Created Assessments,State Created Assessments,Assessment,State Created Materials,False,False,False,standard_catalog_mapping
00f5193608bef598714ff9325e037d29805d29c25555eb0c6aa208ddf3913699,NJ,ACCESS for ELLs: K-12,University of Wisconsin-Madison,ELA,Assessment,6,3067c5fa7d9da55a5b3e1980dd4f1c36edd4c4cca6360b3528bfef348c4278de,2024-2025,present,3067c5fa7d9da55a5b3e1980dd4f1c36edd4c4cca6360b3528bfef348c4278de,3067c5fa7d9da55a5b3e1980dd4f1c36edd4c4cca6360b3528bfef348c4278de,3067c5fa7d9da55a5b3e1980dd4f1c36edd4c4cca6360b3528bfef348c4278de,1,True,True,True,1.0,1.0,0.5939,medium,False,False,primary,0.5939,0.5939,"{""primary"": {""prediction_count"": 1, ""top1_id"": ""3067c5fa7d9da55a5b3e1980dd4f1c36edd4c4cca6360b3528bfef348c4278de"", ""top1_score"": 0.5939}}",rich,assessment_naming_regime,standard_state,standard_catalog_mapping,assessment_other,no,no,no,3067c5fa7d9da55a5b3e1980dd4f1c36edd4c4cca6360b3528bfef348c4278de,0.5939,,,,,,,,,,,,,,,,,,,assessment_like,assessment_like_consistent,ACCESS for ELLs,ACCESS for ELLs,Assessment,University of Wisconsin-Madison,False,False,False,standard_catalog_mapping
00833b02159693f47d069cb8a19cde22b3779e6a7a80f1859b576a5a1ac03c33,NM,Interim Measures of Student Success Achievement,,ELA,Assessment,3,5b06019e75db74cb43ec4bcdbec2c6dc71392d6fca239bdc06827c808f38b72c,2023-2024,missing,5b06019e75db74cb43ec4bcdbec2c6dc71392d6fca239bdc06827c808f38b72c,5b06019e75db74cb43ec4bcdbec2c6dc71392d6fca239bdc06827c808f38b72c,,0,False,False,False,0.0,0.0,0.0,no_prediction,True,False,primary,0.0,0.0,"{""primary"": {""prediction_count"": 0, ""top1_id"": """", ""top1_score"": 0.0}, ""publisher_as_title"": {""prediction_count"": 0, ""top1_id"": """", ""top1_score"": 0.0}, ""title_plus_publisher"": {""prediction_count"": 0, ""top1_id"": """", ""top1_score"": 0.0}, ""title_publisher_swapped"": {""prediction_count"": 0, ""top1_id"": """", ""top1_score"": 0.0}}",medium,assessment_naming_regime,standard_state,standard_catalog_mapping,assessment_publisher_missing,no,yes,no,,,,,,,,,,,,,,,,,,,,,assessment_like,assessment_like_consistent,State Created Assessments,State Created Assessments,Assessment,State Created Materials,False,False,False,standard_catalog_mapping
00d1eb6a643dee1bcb69b4095c0e4c47506ef6694f75f5800a51f350234ff61d,NM,ACCESS for English Language Learners,,ELA,Assessment,2,3067c5fa7d9da55a5b3e1980dd4f1c36edd4c4cca6360b3528bfef348c4278de,2023-2024,missing,3067c5fa7d9da55a5b3e1980dd4f1c36edd4c4cca6360b3528bfef348c4278de,3067c5fa7d9da55a5b3e1980dd4f1c36edd4c4cca6360b3528bfef348c4278de,905097a379548c5cd6037144789c0a56e54ad71a5c1ff3b39ea079046b436eb5,6,False,False,True,0.1667,0.3562,0.287,very_low,True,False,primary,0.287,0.287,"{""primary"": {""prediction_count"": 6, ""top1_id"": ""905097a379548c5cd6037144789c0a56e54ad71a5c1ff3b39ea079046b436eb5"", ""top1_score"": 0.287}, ""publisher_as_title"": {""prediction_count"": 0, ""top1_id"": """", ""top1_score"": 0.0}, ""title_plus_publisher"": {""prediction_count"": 9, ""top1_id"": ""cbec62ad046d2066da96b5a2329ab09dfc078906ffbe68b400a844338c53d545"", ""top1_score"": 0.3764}, ""title_publisher_swapped"": {""prediction_count"": 0, ""top1_id"": """", ""top1_score"": 0.0}}",medium,assessment_naming_regime,standard_state,standard_catalog_mapping,assessment_publisher_missing,no,yes,no,905097a379548c5cd6037144789c0a56e54ad71a5c1ff3b39ea079046b436eb5,0.287,e4037e3c5ae07523eb8e5f9da673ebbb80d1940864dafbe2e17181afb0511422,0.2779,9d486d8cbb2b831595a72ab2851d14ca386788f9d0be7ece639f716c2510840e,0.2676,fe304807152255ce71b0442fc94922b06f2bdb6beb6f9ffab891f742a8b94bf6,0.2465,f6a7575da0ef9da480bf9c7d7c625acac70ef4182dcd7dfacb0ef7a5ee83360c,0.246,3067c5fa7d9da55a5b3e1980dd4f1c36edd4c4cca6360b3528bfef348c4278de,0.1914,,,,,,,,,assessment_like,assessment_gold_present_selection_issue,ACCESS for ELLs,ACCESS for ELLs,Assessment,University of Wisconsin-Madison,False,False,False,standard_catalog_mapping
00e665fd04be3a382c4a2d7816c59456fb0192abb4a5d49c665389471e7899d7,NM,Dynamic Learning Maps,,ELA,Assessment,11,e8981ac7bc4c59e1072b24160cd1a28f170dc20cd8564bf57159810523c505d7,2023-2024,missing,e8981ac7bc4c59e1072b24160cd1a28f170dc20cd8564bf57159810523c505d7,e8981ac7bc4c59e1072b24160cd1a28f170dc20cd8564bf57159810523c505d7,16f101358a26f8f9d4c17b933ac94de8fab448dd047d4506696f75318104946e,0,False,False,False,0.0,0.0,0.4789,low,True,True,title_plus_publisher,0.0,0.4789,"{""primary"": {""prediction_count"": 0, ""top1_id"": """", ""top1_score"": 0.0}, ""publisher_as_title"": {""prediction_count"": 0, ""top1_id"": """", ""top1_score"": 0.0}, ""title_plus_publisher"": {""prediction_count"": 4, ""top1_id"": ""16f101358a26f8f9d4c17b933ac94de8fab448dd047d4506696f75318104946e"", ""top1_score"": 0.4789}, ""title_publisher_swapped"": {""prediction_count"": 0, ""top1_id"": """", ""top1_score"": 0.0}}",medium,assessment_naming_regime,standard_state,standard_catalog_mapping,assessment_publisher_missing,no,yes,no,16f101358a26f8f9d4c17b933ac94de8fab448dd047d4506696f75318104946e,0.4789,b90e9c5ac05c19cc39460d331f13bde1f00dcde9e915c28584b7f83479e57555,0.402,52ee8915e4568678543cc2cb54154b77dce10165cd69e34ba8df989f14d65f4d,0.4014,04d4e815dc82192ae8b5b7e3fa003bb7812baa0a7445d97a4fdab7f274aa1077,0.3102,,,,,,,,,,,,,assessment_like,assessment_like_consistent,Dynamic Learning Map (DLM) Assessments,Dynamic Learning Map (DLM) Assessments,Assessment,Dynamic Learning Maps,False,False,False,standard_catalog_mapping
004a6d3f994f28b12efac3e8e1c890c3aeb43184fdbc64e5a270f1c4cb1e18df,NV,NWEA Measures of Academic Progress,,ELA,Assessment,6,dee0f2790440685546f3d5dba2a914e5d10319529e1129e4e363d41af2d536db,2024-2025,missing,dee0f2790440685546f3d5dba2a914e5d10319529e1129e4e363d41af2d536db,dee0f2790440685546f3d5dba2a914e5d10319529e1129e4e363d41af2d536db,466c3cd30cb12f8178b062dfa3f8957fa71fd99b997bb7a8e077a5b1f8a4c722,0,False,False,False,0.0,0.0,0.1864,very_low,True,True,title_plus_publisher,0.0,0.1864,"{""primary"": {""prediction_count"": 0, ""top1_id"": """", ""top1_score"": 0.0}, ""publisher_as_title"": {""prediction_count"": 0, ""top1_id"": """", ""top1_score"": 0.0}, ""title_plus_publisher"": {""prediction_count"": 1, ""top1_id"": ""466c3cd30cb12f8178b062dfa3f8957fa71fd99b997bb7a8e077a5b1f8a4c722"", ""top1_score"": 0.1864}, ""title_publisher_swapped"": {""prediction_count"": 0, ""top1_id"": """", ""top1_score"": 0.0}}",medium,assessment_naming_regime,standard_state,standard_catalog_mapping,assessment_publisher_missing,no,yes,no,466c3cd30cb12f8178b062dfa3f8957fa71fd99b997bb7a8e077a5b1f8a4c722,0.1864,,,,,,,,,,,,,,,,,,,assessment_like,assessment_like_consistent,NWEA: MAP Growth,MAP Suite,Assessment,Northwest Evaluation Association (NWEA),False,False,False,standard_catalog_mapping
007bbb33d5b80fb8f75ccbe18d51cffabdfc9ccc6788da230e6ae07985d79a08,NY,NYSESLATT,,ELA,Assessment,NI,5b06019e75db74cb43ec4bcdbec2c6dc71392d6fca239bdc06827c808f38b72c,2024-2025,missing,5b06019e75db74cb43ec4bcdbec2c6dc71392d6fca239bdc06827c808f38b72c,5b06019e75db74cb43ec4bcdbec2c6dc71392d6fca239bdc06827c808f38b72c,44e3080cb989d5ae104ac5f115d1f9677bd4b0991bf30630d0f7113b7bcb6fee,0,False,False,False,0.0,0.0,0.3062,low,True,True,title_plus_publisher,0.0,0.3062,"{""primary"": {""prediction_count"": 0, ""top1_id"": """", ""top1_score"": 0.0}, ""publisher_as_title"": {""prediction_count"": 0, ""top1_id"": """", ""top1_score"": 0.0}, ""title_plus_publisher"": {""prediction_count"": 3, ""top1_id"": ""44e3080cb989d5ae104ac5f115d1f9677bd4b0991bf30630d0f7113b7bcb6fee"", ""top1_score"": 0.3062}, ""title_publisher_swapped"": {""prediction_count"": 0, ""top1_id"": """", ""top1_score"": 0.0}}",sparse,assessment_naming_regime,standard_state,standard_catalog_mapping,assessment_short_or_acronym_title,yes,yes,no,44e3080cb989d5ae104ac5f115d1f9677bd4b0991bf30630d0f7113b7bcb6fee,0.3062,e68a5b1beee66c66a24185ee630717efe9efd82b4dd439b407a4e8b2e46031c3,0.29,89ff1e8788dfa2c44bc425caa1ddf1a7c22dc223f9baa36e6213a508124a94c8,0.2506,,,,,,,,,,,,,,,assessment_like,assessment_like_consistent,State Created Assessments,State Created Assessments,Assessment,State Created Materials,False,False,False,standard_catalog_mapping
0029adcb5eca015ba228ee2be61e7c8d5ed27e1f2b12249e3ebcd804d968dab8,OH,OELPA,,ELA,Assessment,11,5b06019e75db74cb43ec4bcdbec2c6dc71392d6fca239bdc06827c808f38b72c,2024-2025,missing,5b06019e75db74cb43ec4bcdbec2c6dc71392d6fca239bdc06827c808f38b72c,5b06019e75db74cb43ec4bcdbec2c6dc71392d6fca239bdc06827c808f38b72c,73bc56e85c35bb01715a6c04a1062ae9451e17b87b1e571736ba547f379eefaa,0,False,False,False,0.0,0.0,0.383,low,True,True,title_plus_publisher,0.0,0.383,"{""primary"": {""prediction_count"": 0, ""top1_id"": """", ""top1_score"": 0.0}, ""publisher_as_title"": {""prediction_count"": 0, ""top1_id"": """", ""top1_score"": 0.0}, ""title_plus_publisher"": {""prediction_count"": 1, ""top1_id"": ""73bc56e85c35bb01715a6c04a1062ae9451e17b87b1e571736ba547f379eefaa"", ""top1_score"": 0.383}, ""title_publisher_swapped"": {""prediction_count"": 0, ""top1_id"": """", ""top1_score"": 0.0}}",sparse,assessment_naming_regime,standard_state,standard_catalog_mapping,assessment_short_or_acronym_title,yes,yes,no,73bc56e85c35bb01715a6c04a1062ae9451e17b87b1e571736ba547f379eefaa,0.383,,,,,,,,,,,,,,,,,,,assessment_like,assessment_like_consistent,State Created Assessments,State Created Assessments,Assessment,State Created Materials,False,False,False,standard_catalog_mapping
005d8e3348851bba8758c36ff6546b3fb10728d4ffbe221ae1d3139f1ef34573,OH,i-Ready,,ELA,Assessment,8,56857edf7ee969e982d7a6aceec1cfa3310feeaa2665951d7257ecdbc8a6585e,2024-2025,missing,56857edf7ee969e982d7a6aceec1cfa3310feeaa2665951d7257ecdbc8a6585e,56857edf7ee969e982d7a6aceec1cfa3310feeaa2665951d7257ecdbc8a6585e,938eeb820d597c9f049fe4d48ec94efb92d40901e5ef96207afec8bde462347a,0,False,False,False,0.0,0.0,0.4803,low,True,True,title_plus_publisher,0.0,0.4803,"{""primary"": {""prediction_count"": 0, ""top1_id"": """", ""top1_score"": 0.0}, ""publisher_as_title"": {""prediction_count"": 0, ""top1_id"": """", ""top1_score"": 0.0}, ""title_plus_publisher"": {""prediction_count"": 3, ""top1_id"": ""938eeb820d597c9f049fe4d48ec94efb92d40901e5ef96207afec8bde462347a"", ""top1_score"": 0.4803}, ""title_publisher_swapped"": {""prediction_count"": 0, ""top1_id"": """", ""top1_score"": 0.0}}",sparse,assessment_naming_regime,standard_state,standard_catalog_mapping,assessment_short_or_acronym_title,yes,yes,no,938eeb820d597c9f049fe4d48ec94efb92d40901e5ef96207afec8bde462347a,0.4803,893dc5550cae6564562e64e51d38ad9a8e5a6de8ccba406ca5ca5a86afd25671,0.3176,b5fd096a28f78fadf9972f2407f5ec592ecbc67998cadb981d85d19a3d42bc54,0.284,,,,,,,,,,,,,,,assessment_like,assessment_like_consistent,i-Ready Assessment,i-Ready Assessment,Assessment,Curriculum Associates,False,False,False,standard_catalog_mapping
002ca98f4718e1cab68178e6ede4e90b1208952bf0871eba768f561fab94fbef,OK,ACCESS for English Language (EL) Learners,,ELA,Assessment,10,3067c5fa7d9da55a5b3e1980dd4f1c36edd4c4cca6360b3528bfef348c4278de,2024-2025,missing,3067c5fa7d9da55a5b3e1980dd4f1c36edd4c4cca6360b3528bfef348c4278de,3067c5fa7d9da55a5b3e1980dd4f1c36edd4c4cca6360b3528bfef348c4278de,905097a379548c5cd6037144789c0a56e54ad71a5c1ff3b39ea079046b436eb5,8,False,False,True,0.125,0.3155,0.4294,low,True,False,primary,0.4294,0.4294,"{""primary"": {""prediction_count"": 9, ""top1_id"": ""905097a379548c5cd6037144789c0a56e54ad71a5c1ff3b39ea079046b436eb5"", ""top1_score"": 0.4294}, ""publisher_as_title"": {""prediction_count"": 0, ""top1_id"": """", ""top1_score"": 0.0}, ""title_plus_publisher"": {""prediction_count"": 9, ""top1_id"": ""a4b7c336a9eb0b2ed5d29b48b30bacf802fb1af4654b452f447576ded4f97ad1"", ""top1_score"": 0.4313}, ""title_publisher_swapped"": {""prediction_count"": 0, ""top1_id"": """", ""top1_score"": 0.0}}",medium,assessment_naming_regime,standard_state,standard_catalog_mapping,assessment_publisher_missing,no,yes,no,905097a379548c5cd6037144789c0a56e54ad71a5c1ff3b39ea079046b436eb5,0.4294,878c011a07d033260e4a53bdd6b586308e67df6454e1a75ad41465607928616a,0.3712,fc22f9e44b6ffbc9c08e741cb8b798a84f0b217b68f5a6897a43c165465aada8,0.3612,e4037e3c5ae07523eb8e5f9da673ebbb80d1940864dafbe2e17181afb0511422,0.3351,9d486d8cbb2b831595a72ab2851d14ca386788f9d0be7ece639f716c2510840e,0.3333,fe304807152255ce71b0442fc94922b06f2bdb6beb6f9ffab891f742a8b94bf6,0.3182,f6a7575da0ef9da480bf9c7d7c625acac70ef4182dcd7dfacb0ef7a5ee83360c,0.3013,3067c5fa7d9da55a5b3e1980dd4f1c36edd4c4cca6360b3528bfef348c4278de,0.2656,5a6378ffb4ff1afc6c94d4f845997fa0bfef3c7af5713ae0c58b677030fed5b8,0.2063,,,assessment_like,assessment_gold_present_selection_issue,ACCESS for ELLs,ACCESS for ELLs,Assessment,University of Wisconsin-Madison,False,False,False,standard_catalog_mapping
0012204d0baddb3e88c15ee8cd8bd3f545c5562d47b7062d0c9fc2d36ef9ea75,OR,ELPA,,ELA,Assessment,6,5b06019e75db74cb43ec4bcdbec2c6dc71392d6fca239bdc06827c808f38b72c,2024-2025,missing,5b06019e75db74cb43ec4bcdbec2c6dc71392d6fca239bdc06827c808f38b72c,5b06019e75db74cb43ec4bcdbec2c6dc71392d6fca239bdc06827c808f38b72c,73bc56e85c35bb01715a6c04a1062ae9451e17b87b1e571736ba547f379eefaa,0,False,False,False,0.0,0.0,0.2829,very_low,True,True,title_plus_publisher,0.0,0.2829,"{""primary"": {""prediction_count"": 0, ""top1_id"": """", ""top1_score"": 0.0}, ""publisher_as_title"": {""prediction_count"": 0, ""top1_id"": """", ""top1_score"": 0.0}, ""title_plus_publisher"": {""prediction_count"": 1, ""top1_id"": ""73bc56e85c35bb01715a6c04a1062ae9451e17b87b1e571736ba547f379eefaa"", ""top1_score"": 0.2829}, ""title_publisher_swapped"": {""prediction_count"": 0, ""top1_id"": """", ""top1_score"": 0.0}}",sparse,assessment_naming_regime,standard_state,standard_catalog_mapping,assessment_short_or_acronym_title,yes,yes,no,73bc56e85c35bb01715a6c04a1062ae9451e17b87b1e571736ba547f379eefaa,0.2829,,,,,,,,,,,,,,,,,,,assessment_like,assessment_like_consistent,State Created Assessments,State Created Assessments,Assessment,State Created Materials,False,False,False,standard_catalog_mapping
0072af14ebdec65ffa2e9fd28be0bc7ba39ae91f1f020926be8bdb23578f3c90,PA,DRA (Developmental Reading Assessment),,ELA,Assessment,10,6668dea5125090e42b5143e04b51b3d84fc1cb4af4ee1bd3f6c08be2993a440d,2023-2024,missing,6668dea5125090e42b5143e04b51b3d84fc1cb4af4ee1bd3f6c08be2993a440d,6668dea5125090e42b5143e04b51b3d84fc1cb4af4ee1bd3f6c08be2993a440d,6668dea5125090e42b5143e04b51b3d84fc1cb4af4ee1bd3f6c08be2993a440d,1,True,True,True,1.0,1.0,0.5222,medium,True,False,primary,0.5222,0.5222,"{""primary"": {""prediction_count"": 9, ""top1_id"": ""6668dea5125090e42b5143e04b51b3d84fc1cb4af4ee1bd3f6c08be2993a440d"", ""top1_score"": 0.5222}, ""publisher_as_title"": {""prediction_count"": 0, ""top1_id"": """", ""top1_score"": 0.0}, ""title_plus_publisher"": {""prediction_count"": 10, ""top1_id"": ""6668dea5125090e42b5143e04b51b3d84fc1cb4af4ee1bd3f6c08be2993a440d"", ""top1_score"": 0.5294}, ""title_publisher_swapped"": {""prediction_count"": 0, ""top1_id"": """", ""top1_score"": 0.0}}",medium,assessment_naming_regime,standard_state,standard_catalog_mapping,assessment_publisher_missing,no,yes,no,6668dea5125090e42b5143e04b51b3d84fc1cb4af4ee1bd3f6c08be2993a440d,0.5222,0c1688a90733e8a39e2398cef02974b6349a117c35823cf580fdc989869e67c7,0.4099,60741a130f7d60debe435d26942dec4863bc22cc68fb134d5c2e2d9d946756c9,0.2657,56857edf7ee969e982d7a6aceec1cfa3310feeaa2665951d7257ecdbc8a6585e,0.2626,e8981ac7bc4c59e1072b24160cd1a28f170dc20cd8564bf57159810523c505d7,0.2466,7e25ba5a5e60d9711114698c39b5f47883e5374dbf152c8a5757762b3aac5da9,0.245,aff2c78f2e443a5f74499dc0cb9be976a05a5eda6e18afc924171758f90b63a3,0.2294,8bc4b916ea5ccc05c4810bf1e3bd7d078b7a86856fdf67184bf63e3609de57b9,0.2262,5b06019e75db74cb43ec4bcdbec2c6dc71392d6fca239bdc06827c808f38b72c,0.2072,,,assessment_like,assessment_like_consistent,DRA (Developmental Reading Assessment),DRA (Developmental Reading Assessment),Assessment,Pearson Education,False,False,False,standard_catalog_mapping
00a2b1ad5b5a797f5c52d830edfcc432ef3d33b24f3692248ff062170db92510,PA,IXL,,ELA,Assessment,2,854f236fa100a8173ef91142918fcef8ca3eddb70915b5bc75490037ac4aceab,2023-2024,missing,854f236fa100a8173ef91142918fcef8ca3eddb70915b5bc75490037ac4aceab,854f236fa100a8173ef91142918fcef8ca3eddb70915b5bc75490037ac4aceab,b7fa2e4a434ea8b4a27ccca72480ad48d1113731f072a341e2cd7bb1fdd7c4ee,2,False,True,True,0.5,0.6309,0.4081,low,True,True,title_plus_publisher,0.0,0.4081,"{""primary"": {""prediction_count"": 0, ""top1_id"": """", ""top1_score"": 0.0}, ""publisher_as_title"": {""prediction_count"": 0, ""top1_id"": """", ""top1_score"": 0.0}, ""title_plus_publisher"": {""prediction_count"": 6, ""top1_id"": ""b7fa2e4a434ea8b4a27ccca72480ad48d1113731f072a341e2cd7bb1fdd7c4ee"", ""top1_score"": 0.4081}, ""title_publisher_swapped"": {""prediction_count"": 0, ""top1_id"": """", ""top1_score"": 0.0}}",sparse,assessment_naming_regime,standard_state,standard_catalog_mapping,assessment_short_or_acronym_title,yes,yes,no,b7fa2e4a434ea8b4a27ccca72480ad48d1113731f072a341e2cd7bb1fdd7c4ee,0.4081,854f236fa100a8173ef91142918fcef8ca3eddb70915b5bc75490037ac4aceab,0.4029,a9f210f21b66b6a13e6ff004ae0b1511bbfa6fb11140aedbeb3055e2c382473d,0.3671,064fd1f763eead1d00024a3218ef138ca155514c6a3c5d96b79344f131b9ad8c,0.3633,14b3cb49b60acbec32cf10d2fa975fd6247b03613d588aacc1a6c6575761e546,0.3602,2ae6b81032e25f18dcbe863356431f896d018c91d624a0a6804daf39a9a743ea,0.3523,,,,,,,,,assessment_like,assessment_usage_catalog_type_mismatch,IXL Language Arts,IXL,Supplemental,IXL Learning,False,False,False,standard_catalog_mapping
00c5839199617e5c341779bc6c2f67b9be0f5edd1f8bed6d42d03c576d93d4f1,PA,WIDA: ACCESS ELL Testing,,ELA,Assessment,2,3067c5fa7d9da55a5b3e1980dd4f1c36edd4c4cca6360b3528bfef348c4278de,2024-2025,missing,3067c5fa7d9da55a5b3e1980dd4f1c36edd4c4cca6360b3528bfef348c4278de,3067c5fa7d9da55a5b3e1980dd4f1c36edd4c4cca6360b3528bfef348c4278de,,0,False,False,False,0.0,0.0,0.0,no_prediction,True,False,primary,0.0,0.0,"{""primary"": {""prediction_count"": 0, ""top1_id"": """", ""top1_score"": 0.0}, ""publisher_as_title"": {""prediction_count"": 0, ""top1_id"": """", ""top1_score"": 0.0}, ""title_plus_publisher"": {""prediction_count"": 0, ""top1_id"": """", ""top1_score"": 0.0}, ""title_publisher_swapped"": {""prediction_count"": 0, ""top1_id"": """", ""top1_score"": 0.0}}",medium,assessment_naming_regime,standard_state,standard_catalog_mapping,assessment_publisher_missing,no,yes,no,,,,,,,,,,,,,,,,,,,,,assessment_like,assessment_like_consistent,ACCESS for ELLs,ACCESS for ELLs,Assessment,University of Wisconsin-Madison,False,False,False,standard_catalog_mapping
0052aa4090a4a0170073bf26d8f02e76419aecfcbc457af72523248d9a2d8923,RI,Dynamic Learning Maps Alternate Assessments,,ELA,Assessment,1,9b41baefd0d7404d6bedc57ef09f5077e74359bcae70236a76c1418927415066,2024-2025,missing,9b41baefd0d7404d6bedc57ef09f5077e74359bcae70236a76c1418927415066,9b41baefd0d7404d6bedc57ef09f5077e74359bcae70236a76c1418927415066,e8981ac7bc4c59e1072b24160cd1a28f170dc20cd8564bf57159810523c505d7,0,False,False,False,0.0,0.0,0.3976,low,True,False,primary,0.3976,0.3976,"{""primary"": {""prediction_count"": 5, ""top1_id"": ""e8981ac7bc4c59e1072b24160cd1a28f170dc20cd8564bf57159810523c505d7"", ""top1_score"": 0.3976}, ""publisher_as_title"": {""prediction_count"": 0, ""top1_id"": """", ""top1_score"": 0.0}, ""title_plus_publisher"": {""prediction_count"": 10, ""top1_id"": ""e8981ac7bc4c59e1072b24160cd1a28f170dc20cd8564bf57159810523c505d7"", ""top1_score"": 0.4275}, ""title_publisher_swapped"": {""prediction_count"": 0, ""top1_id"": """", ""top1_score"": 0.0}}",medium,assessment_naming_regime,standard_state,standard_catalog_mapping,assessment_publisher_missing,no,yes,no,e8981ac7bc4c59e1072b24160cd1a28f170dc20cd8564bf57159810523c505d7,0.3976,5cb3afc858d1ae3193e73fb9c24cb6de7480dd927d0db5309c407feaef9c3e00,0.1998,50d146dedcc8cfc5cdd5363ef249e130f654f259a371e5441feef377a68a4e2c,0.1973,aff2c78f2e443a5f74499dc0cb9be976a05a5eda6e18afc924171758f90b63a3,0.1951,49fdf7b782db223819b0eca7d911af276ee475da16c0bee7aec4a08681c4bd35,0.1542,,,,,,,,,,,assessment_like,assessment_like_consistent,Other Assessment - Not in Catalog,Other,Assessment,Other,False,False,False,standard_catalog_mapping
000da77c1cf8f6507a365ce1065b119bdaf300422dea1e6a57b8216bb3a1d650,SC,WIDA ACCESS  & Alt ACCESS for ELLs,,ELA,Assessment,K,3067c5fa7d9da55a5b3e1980dd4f1c36edd4c4cca6360b3528bfef348c4278de,2023-2024,missing,3067c5fa7d9da55a5b3e1980dd4f1c36edd4c4cca6360b3528bfef348c4278de,3067c5fa7d9da55a5b3e1980dd4f1c36edd4c4cca6360b3528bfef348c4278de,3067c5fa7d9da55a5b3e1980dd4f1c36edd4c4cca6360b3528bfef348c4278de,1,True,True,True,1.0,1.0,0.3752,low,True,False,primary,0.3752,0.3752,"{""primary"": {""prediction_count"": 2, ""top1_id"": ""3067c5fa7d9da55a5b3e1980dd4f1c36edd4c4cca6360b3528bfef348c4278de"", ""top1_score"": 0.3752}, ""publisher_as_title"": {""prediction_count"": 0, ""top1_id"": """", ""top1_score"": 0.0}, ""title_plus_publisher"": {""prediction_count"": 4, ""top1_id"": ""3067c5fa7d9da55a5b3e1980dd4f1c36edd4c4cca6360b3528bfef348c4278de"", ""top1_score"": 0.4494}, ""title_publisher_swapped"": {""prediction_count"": 0, ""top1_id"": """", ""top1_score"": 0.0}}",medium,assessment_naming_regime,standard_state,standard_catalog_mapping,assessment_publisher_missing,no,yes,no,3067c5fa7d9da55a5b3e1980dd4f1c36edd4c4cca6360b3528bfef348c4278de,0.3752,8c56bd9e49dd082cfdfe18fb61d2db7c7625e5ea76141a7272beb0b397432116,0.1457,,,,,,,,,,,,,,,,,assessment_like,assessment_like_consistent,ACCESS for ELLs,ACCESS for ELLs,Assessment,University of Wisconsin-Madison,False,False,False,standard_catalog_mapping
00103d813aa41ef7e01c26ca7c9654e8aded4adab3bbdc50ad9f1e2333a9fb8a,SC,WIDA ACCESS,,ELA,Assessment,3,3067c5fa7d9da55a5b3e1980dd4f1c36edd4c4cca6360b3528bfef348c4278de,2024-2025,missing,3067c5fa7d9da55a5b3e1980dd4f1c36edd4c4cca6360b3528bfef348c4278de,3067c5fa7d9da55a5b3e1980dd4f1c36edd4c4cca6360b3528bfef348c4278de,3067c5fa7d9da55a5b3e1980dd4f1c36edd4c4cca6360b3528bfef348c4278de,1,True,True,True,1.0,1.0,0.3643,low,True,False,primary,0.3643,0.3643,"{""primary"": {""prediction_count"": 1, ""top1_id"": ""3067c5fa7d9da55a5b3e1980dd4f1c36edd4c4cca6360b3528bfef348c4278de"", ""top1_score"": 0.3643}, ""publisher_as_title"": {""prediction_count"": 0, ""top1_id"": """", ""top1_score"": 0.0}, ""title_plus_publisher"": {""prediction_count"": 3, ""top1_id"": ""3067c5fa7d9da55a5b3e1980dd4f1c36edd4c4cca6360b3528bfef348c4278de"", ""top1_score"": 0.454}, ""title_publisher_swapped"": {""prediction_count"": 0, ""top1_id"": """", ""top1_score"": 0.0}}",sparse,assessment_naming_regime,standard_state,standard_catalog_mapping,assessment_short_or_acronym_title,yes,yes,no,3067c5fa7d9da55a5b3e1980dd4f1c36edd4c4cca6360b3528bfef348c4278de,0.3643,,,,,,,,,,,,,,,,,,,assessment_like,assessment_like_consistent,ACCESS for ELLs,ACCESS for ELLs,Assessment,University of Wisconsin-Madison,False,False,False,standard_catalog_mapping
003ec698389f18546b1116e20ec78e6651fe958684e296ee8091d3f5e883c5b3,SC,NAEP (National Assessment of Educational Progress),,ELA,Assessment,NI,d0f524831b4a5fb961609a8dce8c85a7364ee9eb9853a8a80932b6835801feba,2024-2025,missing,d0f524831b4a5fb961609a8dce8c85a7364ee9eb9853a8a80932b6835801feba,d0f524831b4a5fb961609a8dce8c85a7364ee9eb9853a8a80932b6835801feba,d0f524831b4a5fb961609a8dce8c85a7364ee9eb9853a8a80932b6835801feba,1,True,True,True,1.0,1.0,0.4539,low,True,False,primary,0.4539,0.4539,"{""primary"": {""prediction_count"": 2, ""top1_id"": ""d0f524831b4a5fb961609a8dce8c85a7364ee9eb9853a8a80932b6835801feba"", ""top1_score"": 0.4539}, ""publisher_as_title"": {""prediction_count"": 0, ""top1_id"": """", ""top1_score"": 0.0}, ""title_plus_publisher"": {""prediction_count"": 3, ""top1_id"": ""d0f524831b4a5fb961609a8dce8c85a7364ee9eb9853a8a80932b6835801feba"", ""top1_score"": 0.4706}, ""title_publisher_swapped"": {""prediction_count"": 0, ""top1_id"": """", ""top1_score"": 0.0}}",medium,assessment_naming_regime,standard_state,standard_catalog_mapping,assessment_publisher_missing,no,yes,no,d0f524831b4a5fb961609a8dce8c85a7364ee9eb9853a8a80932b6835801feba,0.4539,a54af1e33dd7fae2dc57413086ce85c49665116fcd410e0d403fb05ceb79c542,0.2167,,,,,,,,,,,,,,,,,assessment_like,assessment_like_consistent,National Assessment of Educational Progress (NAEP),National Assessment of Educational Progress (NAEP),Assessment,U.S. Department of Education,False,False,False,standard_catalog_mapping
0006ef42744e63627935560a4f4255a17f3294efbf6f019e547a402fbc45ded6,SC,SAT,SAT,ELA,Assessment,11,44e3080cb989d5ae104ac5f115d1f9677bd4b0991bf30630d0f7113b7bcb6fee,2023-2024,present,44e3080cb989d5ae104ac5f115d1f9677bd4b0991bf30630d0f7113b7bcb6fee,44e3080cb989d5ae104ac5f115d1f9677bd4b0991bf30630d0f7113b7bcb6fee,44e3080cb989d5ae104ac5f115d1f9677bd4b0991bf30630d0f7113b7bcb6fee,1,True,True,True,1.0,1.0,0.4474,low,True,False,primary,0.4474,0.4474,"{""primary"": {""prediction_count"": 1, ""top1_id"": ""44e3080cb989d5ae104ac5f115d1f9677bd4b0991bf30630d0f7113b7bcb6fee"", ""top1_score"": 0.4474}, ""publisher_as_title"": {""prediction_count"": 1, ""top1_id"": ""44e3080cb989d5ae104ac5f115d1f9677bd4b0991bf30630d0f7113b7bcb6fee"", ""top1_score"": 0.4474}, ""title_plus_publisher"": {""prediction_count"": 2, ""top1_id"": ""44e3080cb989d5ae104ac5f115d1f9677bd4b0991bf30630d0f7113b7bcb6fee"", ""top1_score"": 0.5032}, ""title_publisher_swapped"": {""prediction_count"": 1, ""top1_id"": ""44e3080cb989d5ae104ac5f115d1f9677bd4b0991bf30630d0f7113b7bcb6fee"", ""top1_score"": 0.4474}}",medium,assessment_naming_regime,standard_state,standard_catalog_mapping,assessment_short_or_acronym_title,yes,no,no,44e3080cb989d5ae104ac5f115d1f9677bd4b0991bf30630d0f7113b7bcb6fee,0.4474,,,,,,,,,,,,,,,,,,,assessment_like,assessment_like_consistent,SAT,SAT,Assessment,College Board,False,False,False,standard_catalog_mapping
000fb7a8b21ac52a5ae391610fe15a4e30ed6dffa04b777e5a99e59e2375dd44,SD,DRA,DRA,ELA,Assessment,5,6668dea5125090e42b5143e04b51b3d84fc1cb4af4ee1bd3f6c08be2993a440d,2024-2025,present,6668dea5125090e42b5143e04b51b3d84fc1cb4af4ee1bd3f6c08be2993a440d,6668dea5125090e42b5143e04b51b3d84fc1cb4af4ee1bd3f6c08be2993a440d,6668dea5125090e42b5143e04b51b3d84fc1cb4af4ee1bd3f6c08be2993a440d,1,True,True,True,1.0,1.0,0.5015,medium,True,False,primary,0.5015,0.5015,"{""primary"": {""prediction_count"": 5, ""top1_id"": ""6668dea5125090e42b5143e04b51b3d84fc1cb4af4ee1bd3f6c08be2993a440d"", ""top1_score"": 0.5015}, ""publisher_as_title"": {""prediction_count"": 5, ""top1_id"": ""6668dea5125090e42b5143e04b51b3d84fc1cb4af4ee1bd3f6c08be2993a440d"", ""top1_score"": 0.5015}, ""title_plus_publisher"": {""prediction_count"": 10, ""top1_id"": ""6668dea5125090e42b5143e04b51b3d84fc1cb4af4ee1bd3f6c08be2993a440d"", ""top1_score"": 0.5489}, ""title_publisher_swapped"": {""prediction_count"": 5, ""top1_id"": ""6668dea5125090e42b5143e04b51b3d84fc1cb4af4ee1bd3f6c08be2993a440d"", ""top1_score"": 0.5015}}",medium,assessment_naming_regime,standard_state,standard_catalog_mapping,assessment_short_or_acronym_title,yes,no,no,6668dea5125090e42b5143e04b51b3d84fc1cb4af4ee1bd3f6c08be2993a440d,0.5015,56857edf7ee969e982d7a6aceec1cfa3310feeaa2665951d7257ecdbc8a6585e,0.3808,aff2c78f2e443a5f74499dc0cb9be976a05a5eda6e18afc924171758f90b63a3,0.334,5cb3afc858d1ae3193e73fb9c24cb6de7480dd927d0db5309c407feaef9c3e00,0.3049,7c5a80ae2b4ce40c9419c777933d5ce858c0c8479965dd8ae9f95086723e199c,0.2613,,,,,,,,,,,assessment_like,assessment_like_consistent,DRA (Developmental Reading Assessment),DRA (Developmental Reading Assessment),Assessment,Pearson Education,False,False,False,standard_catalog_mapping
001ef54d3f0c1247525d8d68df094ae8dd910cefe06c73951bea10786a4b8bee,TN,ACT,,ELA,Assessment,11,89ff1e8788dfa2c44bc425caa1ddf1a7c22dc223f9baa36e6213a508124a94c8,2024-2025,missing,89ff1e8788dfa2c44bc425caa1ddf1a7c22dc223f9baa36e6213a508124a94c8,89ff1e8788dfa2c44bc425caa1ddf1a7c22dc223f9baa36e6213a508124a94c8,6667918b486d7ffdfc7270106202ebdf070d4780d1f134bacf52554c33e2da96,2,False,True,True,0.5,0.6309,0.4937,low,True,True,title_plus_publisher,0.0,0.4937,"{""primary"": {""prediction_count"": 0, ""top1_id"": """", ""top1_score"": 0.0}, ""publisher_as_title"": {""prediction_count"": 0, ""top1_id"": """", ""top1_score"": 0.0}, ""title_plus_publisher"": {""prediction_count"": 4, ""top1_id"": ""6667918b486d7ffdfc7270106202ebdf070d4780d1f134bacf52554c33e2da96"", ""top1_score"": 0.4937}, ""title_publisher_swapped"": {""prediction_count"": 0, ""top1_id"": """", ""top1_score"": 0.0}}",sparse,assessment_naming_regime,standard_state,standard_catalog_mapping,assessment_short_or_acronym_title,yes,yes,no,6667918b486d7ffdfc7270106202ebdf070d4780d1f134bacf52554c33e2da96,0.4937,89ff1e8788dfa2c44bc425caa1ddf1a7c22dc223f9baa36e6213a508124a94c8,0.4786,0b5831faa98b0826ca2de59de0de14bd81f64dba88f807edd3d1c62dc193c39f,0.3559,61ce57189a44e7823dc8c783090542dadb39b1f374e237389cf0d3b19adfc099,0.3507,,,,,,,,,,,,,assessment_like,assessment_gold_present_selection_issue,ACT,ACT,Assessment,ACT,False,False,False,standard_catalog_mapping
00783c95f3d849a456c04c3b4a831bfc538671a934bfeecff312d648c4fddd5e,TN,TCAP-ALT,,ELA,Assessment,5,5b06019e75db74cb43ec4bcdbec2c6dc71392d6fca239bdc06827c808f38b72c,2023-2024,missing,5b06019e75db74cb43ec4bcdbec2c6dc71392d6fca239bdc06827c808f38b72c,5b06019e75db74cb43ec4bcdbec2c6dc71392d6fca239bdc06827c808f38b72c,43074938d4272790334b28770fcd219dbb44ad3d5fa258533b7685d7dee97590,0,False,False,False,0.0,0.0,0.3199,low,True,True,title_plus_publisher,0.0,0.3199,"{""primary"": {""prediction_count"": 0, ""top1_id"": """", ""top1_score"": 0.0}, ""publisher_as_title"": {""prediction_count"": 0, ""top1_id"": """", ""top1_score"": 0.0}, ""title_plus_publisher"": {""prediction_count"": 5, ""top1_id"": ""43074938d4272790334b28770fcd219dbb44ad3d5fa258533b7685d7dee97590"", ""top1_score"": 0.3199}, ""title_publisher_swapped"": {""prediction_count"": 0, ""top1_id"": """", ""top1_score"": 0.0}}",sparse,assessment_naming_regime,standard_state,standard_catalog_mapping,assessment_short_or_acronym_title,yes,yes,no,43074938d4272790334b28770fcd219dbb44ad3d5fa258533b7685d7dee97590,0.3199,44e3080cb989d5ae104ac5f115d1f9677bd4b0991bf30630d0f7113b7bcb6fee,0.2733,e68a5b1beee66c66a24185ee630717efe9efd82b4dd439b407a4e8b2e46031c3,0.2692,61ce57189a44e7823dc8c783090542dadb39b1f374e237389cf0d3b19adfc099,0.2592,89ff1e8788dfa2c44bc425caa1ddf1a7c22dc223f9baa36e6213a508124a94c8,0.2281,,,,,,,,,,,assessment_like,assessment_like_consistent,State Created Assessments,State Created Assessments,Assessment,State Created Materials,False,False,False,standard_catalog_mapping
0092a73dfaa9a534fa064bd6e1b138a1a6abedf699d8ddcc2e76b5aeabd53224,TN,i-Ready,,ELA,Assessment,K,56857edf7ee969e982d7a6aceec1cfa3310feeaa2665951d7257ecdbc8a6585e,2024-2025,missing,56857edf7ee969e982d7a6aceec1cfa3310feeaa2665951d7257ecdbc8a6585e,56857edf7ee969e982d7a6aceec1cfa3310feeaa2665951d7257ecdbc8a6585e,893dc5550cae6564562e64e51d38ad9a8e5a6de8ccba406ca5ca5a86afd25671,0,False,False,False,0.0,0.0,0.4676,low,True,True,title_plus_publisher,0.0,0.4676,"{""primary"": {""prediction_count"": 0, ""top1_id"": """", ""top1_score"": 0.0}, ""publisher_as_title"": {""prediction_count"": 0, ""top1_id"": """", ""top1_score"": 0.0}, ""title_plus_publisher"": {""prediction_count"": 3, ""top1_id"": ""893dc5550cae6564562e64e51d38ad9a8e5a6de8ccba406ca5ca5a86afd25671"", ""top1_score"": 0.4676}, ""title_publisher_swapped"": {""prediction_count"": 0, ""top1_id"": """", ""top1_score"": 0.0}}",sparse,assessment_naming_regime,standard_state,standard_catalog_mapping,assessment_short_or_acronym_title,yes,yes,no,893dc5550cae6564562e64e51d38ad9a8e5a6de8ccba406ca5ca5a86afd25671,0.4676,938eeb820d597c9f049fe4d48ec94efb92d40901e5ef96207afec8bde462347a,0.3303,b5fd096a28f78fadf9972f2407f5ec592ecbc67998cadb981d85d19a3d42bc54,0.224,,,,,,,,,,,,,,,assessment_like,assessment_like_consistent,i-Ready Assessment,i-Ready Assessment,Assessment,Curriculum Associates,False,False,False,standard_catalog_mapping
01f248bf4b4f77aa709b7bdeffe91db9ea61c88fc6d42da00548efa84b02380c,TN,FastBridge,Illuminate Education,ELA,Assessment,10,5a61bd63948ea0f4e69b6b3fc3db322c4fcbb1d3056ba0df85ca77ced410f760,2024-2025,present,5a61bd63948ea0f4e69b6b3fc3db322c4fcbb1d3056ba0df85ca77ced410f760,5a61bd63948ea0f4e69b6b3fc3db322c4fcbb1d3056ba0df85ca77ced410f760,5a61bd63948ea0f4e69b6b3fc3db322c4fcbb1d3056ba0df85ca77ced410f760,1,True,True,True,1.0,1.0,0.6797,medium,False,False,primary,0.6797,0.6797,"{""primary"": {""prediction_count"": 1, ""top1_id"": ""5a61bd63948ea0f4e69b6b3fc3db322c4fcbb1d3056ba0df85ca77ced410f760"", ""top1_score"": 0.6797}}",medium,assessment_naming_regime,standard_state,standard_catalog_mapping,assessment_short_or_acronym_title,yes,no,no,5a61bd63948ea0f4e69b6b3fc3db322c4fcbb1d3056ba0df85ca77ced410f760,0.6797,,,,,,,,,,,,,,,,,,,assessment_like,assessment_like_consistent,FastBridge,FastBridge,Assessment,Illuminate Education,False,False,False,standard_catalog_mapping
001cd0acfaa07191565d18d9e5eecc34a2ebe8b57f09ee6cd2e1eded2d996508,TX,STAAR,,ELA,Assessment,12,5528a5f7af0a0016edafee9f1f6a55638a6fa16bae5b3f7afca8967236f50421,2024-2025,missing,5528a5f7af0a0016edafee9f1f6a55638a6fa16bae5b3f7afca8967236f50421,5528a5f7af0a0016edafee9f1f6a55638a6fa16bae5b3f7afca8967236f50421,c070603b28770c4789d6f77b93d25d06bd6b4ef9610fcdaf3c00310526252277,8,False,False,True,0.125,0.3155,0.5596,medium,False,False,primary,0.5596,0.5596,"{""primary"": {""prediction_count"": 10, ""top1_id"": ""c070603b28770c4789d6f77b93d25d06bd6b4ef9610fcdaf3c00310526252277"", ""top1_score"": 0.5596}}",medium,assessment_naming_regime,catalog_state_specific_expected,standard_catalog_mapping,assessment_state_specific_expected,no,yes,yes,c070603b28770c4789d6f77b93d25d06bd6b4ef9610fcdaf3c00310526252277,0.5596,049c984638ebf112b1f15aff316b0cd283131c4b3b1c64011199858284996b27,0.5563,70692c33b956b49cb473a553a81ba1bd10798764bca9cb8a738c66d7369e63df,0.5547,1f3ed77a53f8f3e6d9da6cc2b404e157811d15e3bdde343016f54d84d3d6e6fc,0.5421,0a1380ce179cf6a04af1f2e3adceeae0aa3150587a9244bc31179a3aebbf67f9,0.5282,88b78572b8294d17d43ac5d926ace0a7b6900b49b9a43c1195ba0351d343a22d,0.4301,52d9cf94f79a8a4da74d64e1273c21f1964beb3054c640f1c77d79e221a4c33c,0.4299,5528a5f7af0a0016edafee9f1f6a55638a6fa16bae5b3f7afca8967236f50421,0.4228,0808815ee9aa2047dd92f5f745521ce1e5bd6c667f6933cee8c9faf60044a68c,0.4105,c548fe80d1d4856d586acf0431c7a69b01614aef762eaa4f86914dfe65d71e20,0.4086,assessment_like,assessment_gold_present_selection_issue,STAAR Interim Assessments,STAAR Interim Assessments,Assessment,Texas Education Agency (TEA),False,False,True,standard_catalog_mapping
0023cae523990781b129ba898a1f1eadb38adbda8d986fc01db33b8bcca0897a,TX,EOY NWEA MAP: Reading/Math/Science,,ELA,Assessment,8,3d6c5002a86d064608d518b7041d788d11bb1e498c257f4076fbf446f64e6826,2023-2024,missing,3d6c5002a86d064608d518b7041d788d11bb1e498c257f4076fbf446f64e6826,3d6c5002a86d064608d518b7041d788d11bb1e498c257f4076fbf446f64e6826,9e229bfb2ece2adf64374f0207d12d981a7b227230351e4089b4ab7f24187233,2,False,True,True,0.5,0.6309,0.4079,low,True,False,primary,0.4079,0.4079,"{""primary"": {""prediction_count"": 4, ""top1_id"": ""9e229bfb2ece2adf64374f0207d12d981a7b227230351e4089b4ab7f24187233"", ""top1_score"": 0.4079}, ""publisher_as_title"": {""prediction_count"": 0, ""top1_id"": """", ""top1_score"": 0.0}, ""title_plus_publisher"": {""prediction_count"": 4, ""top1_id"": ""9e229bfb2ece2adf64374f0207d12d981a7b227230351e4089b4ab7f24187233"", ""top1_score"": 0.4283}, ""title_publisher_swapped"": {""prediction_count"": 0, ""top1_id"": """", ""top1_score"": 0.0}}",medium,assessment_naming_regime,adoption_state_high_risk,standard_catalog_mapping,assessment_publisher_missing,no,yes,no,9e229bfb2ece2adf64374f0207d12d981a7b227230351e4089b4ab7f24187233,0.4079,3d6c5002a86d064608d518b7041d788d11bb1e498c257f4076fbf446f64e6826,0.3965,6dc83f19f2778e373de44f283c4580bf6b2f7f496f696fbeba6cc0e9d33bf706,0.3721,dee0f2790440685546f3d5dba2a914e5d10319529e1129e4e363d41af2d536db,0.3645,,,,,,,,,,,,,assessment_like,assessment_gold_present_selection_issue,NWEA: MAP Suite,MAP Suite,Assessment,Northwest Evaluation Association (NWEA),False,False,False,standard_catalog_mapping
003321a2469923fd640236b87247980007db8811af5c81586fb2bb56393b8b0a,TX,Student Success Inititative,,ELA,Assessment,10,9b41baefd0d7404d6bedc57ef09f5077e74359bcae70236a76c1418927415066,2023-2024,missing,9b41baefd0d7404d6bedc57ef09f5077e74359bcae70236a76c1418927415066,9b41baefd0d7404d6bedc57ef09f5077e74359bcae70236a76c1418927415066,1a53d3cdd824465df8ff8dc7c0ca2f6735e28e78078d9ebfae0db7f0fc102ca0,0,False,False,False,0.0,0.0,0.4294,low,True,True,title_plus_publisher,0.0,0.4294,"{""primary"": {""prediction_count"": 0, ""top1_id"": """", ""top1_score"": 0.0}, ""publisher_as_title"": {""prediction_count"": 0, ""top1_id"": """", ""top1_score"": 0.0}, ""title_plus_publisher"": {""prediction_count"": 1, ""top1_id"": ""1a53d3cdd824465df8ff8dc7c0ca2f6735e28e78078d9ebfae0db7f0fc102ca0"", ""top1_score"": 0.4294}, ""title_publisher_swapped"": {""prediction_count"": 0, ""top1_id"": """", ""top1_score"": 0.0}}",medium,assessment_naming_regime,adoption_state_high_risk,standard_catalog_mapping,assessment_publisher_missing,no,yes,no,1a53d3cdd824465df8ff8dc7c0ca2f6735e28e78078d9ebfae0db7f0fc102ca0,0.4294,,,,,,,,,,,,,,,,,,,assessment_like,assessment_like_consistent,Other Assessment - Not in Catalog,Other,Assessment,Other,False,False,False,standard_catalog_mapping
005208d143155f0e32d63b2eebd0f02311a1e157c2a2f44ad4162e80559e3a3e,TX,Week Benchmarks,,ELA,Assessment,1,8bc4b916ea5ccc05c4810bf1e3bd7d078b7a86856fdf67184bf63e3609de57b9,2024-2025,missing,8bc4b916ea5ccc05c4810bf1e3bd7d078b7a86856fdf67184bf63e3609de57b9,8bc4b916ea5ccc05c4810bf1e3bd7d078b7a86856fdf67184bf63e3609de57b9,562cbfc624110c36f3724d669db2a508d7d34edd1544db64fc7e5861b72739a3,0,False,False,False,0.0,0.0,0.4269,low,True,True,title_plus_publisher,0.0,0.4269,"{""primary"": {""prediction_count"": 0, ""top1_id"": """", ""top1_score"": 0.0}, ""publisher_as_title"": {""prediction_count"": 0, ""top1_id"": """", ""top1_score"": 0.0}, ""title_plus_publisher"": {""prediction_count"": 4, ""top1_id"": ""562cbfc624110c36f3724d669db2a508d7d34edd1544db64fc7e5861b72739a3"", ""top1_score"": 0.4269}, ""title_publisher_swapped"": {""prediction_count"": 0, ""top1_id"": """", ""top1_score"": 0.0}}",sparse,assessment_naming_regime,adoption_state_high_risk,standard_catalog_mapping,assessment_short_or_acronym_title,yes,yes,no,562cbfc624110c36f3724d669db2a508d7d34edd1544db64fc7e5861b72739a3,0.4269,afdcb3d71ff366e2a26309ec3c794fe049c1467cab86c9c6d71650cd9b2679d1,0.3571,1aed89ab6d6bdcec5f383656eeb51f3da7df81dd59966918ffa2b778b750c68c,0.3544,beb01405298cb61b5fa7a1ed2c83e361b9698276bc7eea0264c0a08d8d45f859,0.3152,,,,,,,,,,,,,assessment_like,assessment_like_consistent,District Created Assessments,District Created Assessments,Assessment,District Created Materials,False,False,False,standard_catalog_mapping
005c5fb4223f3520f3164e2a26c9c47f6e425ddd4e97a2d52f14a6baa43e097f,TX,STAAR,,ELA,Assessment,6,5528a5f7af0a0016edafee9f1f6a55638a6fa16bae5b3f7afca8967236f50421,2024-2025,missing,5528a5f7af0a0016edafee9f1f6a55638a6fa16bae5b3f7afca8967236f50421,5528a5f7af0a0016edafee9f1f6a55638a6fa16bae5b3f7afca8967236f50421,88b78572b8294d17d43ac5d926ace0a7b6900b49b9a43c1195ba0351d343a22d,7,False,False,True,0.1429,0.3333,0.5801,medium,False,False,primary,0.5801,0.5801,"{""primary"": {""prediction_count"": 10, ""top1_id"": ""88b78572b8294d17d43ac5d926ace0a7b6900b49b9a43c1195ba0351d343a22d"", ""top1_score"": 0.5801}}",medium,assessment_naming_regime,catalog_state_specific_expected,standard_catalog_mapping,assessment_state_specific_expected,no,yes,yes,88b78572b8294d17d43ac5d926ace0a7b6900b49b9a43c1195ba0351d343a22d,0.5801,0808815ee9aa2047dd92f5f745521ce1e5bd6c667f6933cee8c9faf60044a68c,0.5605,70692c33b956b49cb473a553a81ba1bd10798764bca9cb8a738c66d7369e63df,0.5547,1f3ed77a53f8f3e6d9da6cc2b404e157811d15e3bdde343016f54d84d3d6e6fc,0.5421,c548fe80d1d4856d586acf0431c7a69b01614aef762eaa4f86914dfe65d71e20,0.5286,52d9cf94f79a8a4da74d64e1273c21f1964beb3054c640f1c77d79e221a4c33c,0.4899,5528a5f7af0a0016edafee9f1f6a55638a6fa16bae5b3f7afca8967236f50421,0.4228,c070603b28770c4789d6f77b93d25d06bd6b4ef9610fcdaf3c00310526252277,0.4096,049c984638ebf112b1f15aff316b0cd283131c4b3b1c64011199858284996b27,0.4063,0a1380ce179cf6a04af1f2e3adceeae0aa3150587a9244bc31179a3aebbf67f9,0.3782,assessment_like,assessment_gold_present_selection_issue,STAAR Interim Assessments,STAAR Interim Assessments,Assessment,Texas Education Agency (TEA),False,False,True,standard_catalog_mapping
00680e28dbd6647daaedd91010726480c0fe25bfca8fed3be95c5c646d47fbe5,TX,TELPAS,,ELA,Assessment,11,5b06019e75db74cb43ec4bcdbec2c6dc71392d6fca239bdc06827c808f38b72c,2024-2025,missing,5b06019e75db74cb43ec4bcdbec2c6dc71392d6fca239bdc06827c808f38b72c,5b06019e75db74cb43ec4bcdbec2c6dc71392d6fca239bdc06827c808f38b72c,878c011a07d033260e4a53bdd6b586308e67df6454e1a75ad41465607928616a,0,False,False,False,0.0,0.0,0.415,low,True,False,primary,0.415,0.415,"{""primary"": {""prediction_count"": 2, ""top1_id"": ""878c011a07d033260e4a53bdd6b586308e67df6454e1a75ad41465607928616a"", ""top1_score"": 0.415}, ""publisher_as_title"": {""prediction_count"": 0, ""top1_id"": """", ""top1_score"": 0.0}, ""title_plus_publisher"": {""prediction_count"": 2, ""top1_id"": ""878c011a07d033260e4a53bdd6b586308e67df6454e1a75ad41465607928616a"", ""top1_score"": 0.4083}, ""title_publisher_swapped"": {""prediction_count"": 0, ""top1_id"": """", ""top1_score"": 0.0}}",sparse,assessment_naming_regime,adoption_state_high_risk,standard_catalog_mapping,assessment_short_or_acronym_title,yes,yes,no,878c011a07d033260e4a53bdd6b586308e67df6454e1a75ad41465607928616a,0.415,7edb8b65c13503f8ce838e9abb5ad0db33ce52662d1ad41da0cce66e9ade270c,0.2196,,,,,,,,,,,,,,,,,assessment_like,assessment_like_consistent,State Created Assessments,State Created Assessments,Assessment,State Created Materials,False,False,False,standard_catalog_mapping
009632c7547b66c8bb62bf2a437696a2b8c90c6a73662b6b90b7404f88c3f6c6,TX,STAAR,,ELA,Assessment,4,5528a5f7af0a0016edafee9f1f6a55638a6fa16bae5b3f7afca8967236f50421,2024-2025,missing,5528a5f7af0a0016edafee9f1f6a55638a6fa16bae5b3f7afca8967236f50421,5528a5f7af0a0016edafee9f1f6a55638a6fa16bae5b3f7afca8967236f50421,88b78572b8294d17d43ac5d926ace0a7b6900b49b9a43c1195ba0351d343a22d,7,False,False,True,0.1429,0.3333,0.5801,medium,False,False,primary,0.5801,0.5801,"{""primary"": {""prediction_count"": 10, ""top1_id"": ""88b78572b8294d17d43ac5d926ace0a7b6900b49b9a43c1195ba0351d343a22d"", ""top1_score"": 0.5801}}",medium,assessment_naming_regime,catalog_state_specific_expected,standard_catalog_mapping,assessment_state_specific_expected,no,yes,yes,88b78572b8294d17d43ac5d926ace0a7b6900b49b9a43c1195ba0351d343a22d,0.5801,c548fe80d1d4856d586acf0431c7a69b01614aef762eaa4f86914dfe65d71e20,0.5586,70692c33b956b49cb473a553a81ba1bd10798764bca9cb8a738c66d7369e63df,0.5247,1f3ed77a53f8f3e6d9da6cc2b404e157811d15e3bdde343016f54d84d3d6e6fc,0.5121,0808815ee9aa2047dd92f5f745521ce1e5bd6c667f6933cee8c9faf60044a68c,0.4705,52d9cf94f79a8a4da74d64e1273c21f1964beb3054c640f1c77d79e221a4c33c,0.4299,5528a5f7af0a0016edafee9f1f6a55638a6fa16bae5b3f7afca8967236f50421,0.4228,c070603b28770c4789d6f77b93d25d06bd6b4ef9610fcdaf3c00310526252277,0.4096,049c984638ebf112b1f15aff316b0cd283131c4b3b1c64011199858284996b27,0.4063,0a1380ce179cf6a04af1f2e3adceeae0aa3150587a9244bc31179a3aebbf67f9,0.3782,assessment_like,assessment_gold_present_selection_issue,STAAR Interim Assessments,STAAR Interim Assessments,Assessment,Texas Education Agency (TEA),False,False,True,standard_catalog_mapping
00b7327058a1dcc8fc69a7db98d6672d3f3fd04f831c00ca876c8be14a9c362f,TX,Middle School Fluency Exam,,ELA,Assessment,7,8bc4b916ea5ccc05c4810bf1e3bd7d078b7a86856fdf67184bf63e3609de57b9,2023-2024,missing,8bc4b916ea5ccc05c4810bf1e3bd7d078b7a86856fdf67184bf63e3609de57b9,8bc4b916ea5ccc05c4810bf1e3bd7d078b7a86856fdf67184bf63e3609de57b9,a6c1845a8d5339fc4192c975fd08e569b1e4a283ac8ce08495de7363da04e43e,0,False,False,False,0.0,0.0,0.4831,low,True,True,title_plus_publisher,0.0,0.4831,"{""primary"": {""prediction_count"": 0, ""top1_id"": """", ""top1_score"": 0.0}, ""publisher_as_title"": {""prediction_count"": 0, ""top1_id"": """", ""top1_score"": 0.0}, ""title_plus_publisher"": {""prediction_count"": 1, ""top1_id"": ""a6c1845a8d5339fc4192c975fd08e569b1e4a283ac8ce08495de7363da04e43e"", ""top1_score"": 0.4831}, ""title_publisher_swapped"": {""prediction_count"": 0, ""top1_id"": """", ""top1_score"": 0.0}}",medium,assessment_naming_regime,adoption_state_high_risk,standard_catalog_mapping,assessment_publisher_missing,no,yes,no,a6c1845a8d5339fc4192c975fd08e569b1e4a283ac8ce08495de7363da04e43e,0.4831,,,,,,,,,,,,,,,,,,,assessment_like,assessment_like_consistent,District Created Assessments,District Created Assessments,Assessment,District Created Materials,False,False,False,standard_catalog_mapping
00c14fdf9ad8f5415f58a9e7f8ae7151c129769388bea23e93c64e4eced01eb4,TX,TELPAS,,ELA,Assessment,10,5b06019e75db74cb43ec4bcdbec2c6dc71392d6fca239bdc06827c808f38b72c,2023-2024,missing,5b06019e75db74cb43ec4bcdbec2c6dc71392d6fca239bdc06827c808f38b72c,5b06019e75db74cb43ec4bcdbec2c6dc71392d6fca239bdc06827c808f38b72c,878c011a07d033260e4a53bdd6b586308e67df6454e1a75ad41465607928616a,0,False,False,False,0.0,0.0,0.415,low,True,False,primary,0.415,0.415,"{""primary"": {""prediction_count"": 2, ""top1_id"": ""878c011a07d033260e4a53bdd6b586308e67df6454e1a75ad41465607928616a"", ""top1_score"": 0.415}, ""publisher_as_title"": {""prediction_count"": 0, ""top1_id"": """", ""top1_score"": 0.0}, ""title_plus_publisher"": {""prediction_count"": 2, ""top1_id"": ""878c011a07d033260e4a53bdd6b586308e67df6454e1a75ad41465607928616a"", ""top1_score"": 0.4083}, ""title_publisher_swapped"": {""prediction_count"": 0, ""top1_id"": """", ""top1_score"": 0.0}}",sparse,assessment_naming_regime,adoption_state_high_risk,standard_catalog_mapping,assessment_short_or_acronym_title,yes,yes,no,878c011a07d033260e4a53bdd6b586308e67df6454e1a75ad41465607928616a,0.415,7edb8b65c13503f8ce838e9abb5ad0db33ce52662d1ad41da0cce66e9ade270c,0.2196,,,,,,,,,,,,,,,,,assessment_like,assessment_like_consistent,State Created Assessments,State Created Assessments,Assessment,State Created Materials,False,False,False,standard_catalog_mapping
00c26f34de221175ba460258b0750d8cb7c16953591f21d91525e9ba64b3ffa2,TX,NWEA MAP Growth,,ELA,Assessment,5,dee0f2790440685546f3d5dba2a914e5d10319529e1129e4e363d41af2d536db,2024-2025,missing,dee0f2790440685546f3d5dba2a914e5d10319529e1129e4e363d41af2d536db,dee0f2790440685546f3d5dba2a914e5d10319529e1129e4e363d41af2d536db,dee0f2790440685546f3d5dba2a914e5d10319529e1129e4e363d41af2d536db,1,True,True,True,1.0,1.0,0.4369,low,True,False,primary,0.4369,0.4369,"{""primary"": {""prediction_count"": 4, ""top1_id"": ""dee0f2790440685546f3d5dba2a914e5d10319529e1129e4e363d41af2d536db"", ""top1_score"": 0.4369}, ""publisher_as_title"": {""prediction_count"": 0, ""top1_id"": """", ""top1_score"": 0.0}, ""title_plus_publisher"": {""prediction_count"": 4, ""top1_id"": ""dee0f2790440685546f3d5dba2a914e5d10319529e1129e4e363d41af2d536db"", ""top1_score"": 0.4823}, ""title_publisher_swapped"": {""prediction_count"": 0, ""top1_id"": """", ""top1_score"": 0.0}}",medium,assessment_naming_regime,adoption_state_high_risk,standard_catalog_mapping,assessment_publisher_missing,no,yes,no,dee0f2790440685546f3d5dba2a914e5d10319529e1129e4e363d41af2d536db,0.4369,3d6c5002a86d064608d518b7041d788d11bb1e498c257f4076fbf446f64e6826,0.3892,9e229bfb2ece2adf64374f0207d12d981a7b227230351e4089b4ab7f24187233,0.3726,6dc83f19f2778e373de44f283c4580bf6b2f7f496f696fbeba6cc0e9d33bf706,0.3679,,,,,,,,,,,,,assessment_like,assessment_like_consistent,NWEA: MAP Growth,MAP Suite,Assessment,Northwest Evaluation Association (NWEA),False,False,False,standard_catalog_mapping
004cde0abf7085a4284af9d9196fced71f696903c2ef483c9e3c39841c41b771,TX,NAEP,US Department of Education,ELA,Assessment,4,d0f524831b4a5fb961609a8dce8c85a7364ee9eb9853a8a80932b6835801feba,2024-2025,present,d0f524831b4a5fb961609a8dce8c85a7364ee9eb9853a8a80932b6835801feba,d0f524831b4a5fb961609a8dce8c85a7364ee9eb9853a8a80932b6835801feba,d0f524831b4a5fb961609a8dce8c85a7364ee9eb9853a8a80932b6835801feba,1,True,True,True,1.0,1.0,0.6401,medium,False,False,primary,0.6401,0.6401,"{""primary"": {""prediction_count"": 4, ""top1_id"": ""d0f524831b4a5fb961609a8dce8c85a7364ee9eb9853a8a80932b6835801feba"", ""top1_score"": 0.6401}}",medium,assessment_naming_regime,adoption_state_high_risk,standard_catalog_mapping,assessment_short_or_acronym_title,yes,no,no,d0f524831b4a5fb961609a8dce8c85a7364ee9eb9853a8a80932b6835801feba,0.6401,a54af1e33dd7fae2dc57413086ce85c49665116fcd410e0d403fb05ceb79c542,0.4636,7c5a80ae2b4ce40c9419c777933d5ce858c0c8479965dd8ae9f95086723e199c,0.3457,9b41baefd0d7404d6bedc57ef09f5077e74359bcae70236a76c1418927415066,0.2942,,,,,,,,,,,,,assessment_like,assessment_like_consistent,National Assessment of Educational Progress (NAEP),National Assessment of Educational Progress (NAEP),Assessment,U.S. Department of Education,False,False,False,standard_catalog_mapping
00be634d937062abe9ff9b9354b57a97493c19f4866304698d7ccbf2b083a7e5,TX,STAAR,STAAR/TELPAS,ELA,Assessment,4,61cd9bdcfd309ec294f0d5e279650ffd79c53359ee5edc84c0178605752c96d4,2023-2024,present,61cd9bdcfd309ec294f0d5e279650ffd79c53359ee5edc84c0178605752c96d4,61cd9bdcfd309ec294f0d5e279650ffd79c53359ee5edc84c0178605752c96d4,c548fe80d1d4856d586acf0431c7a69b01614aef762eaa4f86914dfe65d71e20,0,False,False,False,0.0,0.0,0.7723,medium,False,False,primary,0.7723,0.7723,"{""primary"": {""prediction_count"": 10, ""top1_id"": ""c548fe80d1d4856d586acf0431c7a69b01614aef762eaa4f86914dfe65d71e20"", ""top1_score"": 0.7723}}",medium,assessment_naming_regime,adoption_state_high_risk,standard_catalog_mapping,assessment_short_or_acronym_title,yes,no,no,c548fe80d1d4856d586acf0431c7a69b01614aef762eaa4f86914dfe65d71e20,0.7723,88b78572b8294d17d43ac5d926ace0a7b6900b49b9a43c1195ba0351d343a22d,0.6895,0808815ee9aa2047dd92f5f745521ce1e5bd6c667f6933cee8c9faf60044a68c,0.6843,1f3ed77a53f8f3e6d9da6cc2b404e157811d15e3bdde343016f54d84d3d6e6fc,0.6371,70692c33b956b49cb473a553a81ba1bd10798764bca9cb8a738c66d7369e63df,0.5951,5528a5f7af0a0016edafee9f1f6a55638a6fa16bae5b3f7afca8967236f50421,0.5653,52d9cf94f79a8a4da74d64e1273c21f1964beb3054c640f1c77d79e221a4c33c,0.5249,049c984638ebf112b1f15aff316b0cd283131c4b3b1c64011199858284996b27,0.4882,0a1380ce179cf6a04af1f2e3adceeae0aa3150587a9244bc31179a3aebbf67f9,0.4765,c070603b28770c4789d6f77b93d25d06bd6b4ef9610fcdaf3c00310526252277,0.4658,assessment_like,assessment_like_consistent,Star Assessments,Star Assessments,Assessment,Renaissance,False,False,False,standard_catalog_mapping
00c722ccf6234e928710e8eb5e2759b57638970446cccc5844dff541cf191ca8,TX,TELPAS,TELPAS,ELA,Assessment,7,5b06019e75db74cb43ec4bcdbec2c6dc71392d6fca239bdc06827c808f38b72c,2023-2024,present,5b06019e75db74cb43ec4bcdbec2c6dc71392d6fca239bdc06827c808f38b72c,5b06019e75db74cb43ec4bcdbec2c6dc71392d6fca239bdc06827c808f38b72c,7edb8b65c13503f8ce838e9abb5ad0db33ce52662d1ad41da0cce66e9ade270c,0,False,False,False,0.0,0.0,0.4146,low,True,False,primary,0.4146,0.4146,"{""primary"": {""prediction_count"": 2, ""top1_id"": ""7edb8b65c13503f8ce838e9abb5ad0db33ce52662d1ad41da0cce66e9ade270c"", ""top1_score"": 0.4146}, ""publisher_as_title"": {""prediction_count"": 2, ""top1_id"": ""7edb8b65c13503f8ce838e9abb5ad0db33ce52662d1ad41da0cce66e9ade270c"", ""top1_score"": 0.4146}, ""title_plus_publisher"": {""prediction_count"": 3, ""top1_id"": ""878c011a07d033260e4a53bdd6b586308e67df6454e1a75ad41465607928616a"", ""top1_score"": 0.4041}, ""title_publisher_swapped"": {""prediction_count"": 2, ""top1_id"": ""7edb8b65c13503f8ce838e9abb5ad0db33ce52662d1ad41da0cce66e9ade270c"", ""top1_score"": 0.4146}}",medium,assessment_naming_regime,adoption_state_high_risk,standard_catalog_mapping,assessment_short_or_acronym_title,yes,no,no,7edb8b65c13503f8ce838e9abb5ad0db33ce52662d1ad41da0cce66e9ade270c,0.4146,878c011a07d033260e4a53bdd6b586308e67df6454e1a75ad41465607928616a,0.3893,,,,,,,,,,,,,,,,,assessment_like,assessment_like_consistent,State Created Assessments,State Created Assessments,Assessment,State Created Materials,False,False,False,standard_catalog_mapping
0023ff0665810444535898a7d4e15b5703d14d173c5526ea5d5aea36260f5d5b,UT,ACT,,ELA,Assessment,NI,89ff1e8788dfa2c44bc425caa1ddf1a7c22dc223f9baa36e6213a508124a94c8,2024-2025,missing,89ff1e8788dfa2c44bc425caa1ddf1a7c22dc223f9baa36e6213a508124a94c8,89ff1e8788dfa2c44bc425caa1ddf1a7c22dc223f9baa36e6213a508124a94c8,89ff1e8788dfa2c44bc425caa1ddf1a7c22dc223f9baa36e6213a508124a94c8,1,True,True,True,1.0,1.0,0.4786,low,True,True,title_plus_publisher,0.0,0.4786,"{""primary"": {""prediction_count"": 0, ""top1_id"": """", ""top1_score"": 0.0}, ""publisher_as_title"": {""prediction_count"": 0, ""top1_id"": """", ""top1_score"": 0.0}, ""title_plus_publisher"": {""prediction_count"": 4, ""top1_id"": ""89ff1e8788dfa2c44bc425caa1ddf1a7c22dc223f9baa36e6213a508124a94c8"", ""top1_score"": 0.4786}, ""title_publisher_swapped"": {""prediction_count"": 0, ""top1_id"": """", ""top1_score"": 0.0}}",sparse,assessment_naming_regime,standard_state,standard_catalog_mapping,assessment_short_or_acronym_title,yes,yes,no,89ff1e8788dfa2c44bc425caa1ddf1a7c22dc223f9baa36e6213a508124a94c8,0.4786,0b5831faa98b0826ca2de59de0de14bd81f64dba88f807edd3d1c62dc193c39f,0.3559,61ce57189a44e7823dc8c783090542dadb39b1f374e237389cf0d3b19adfc099,0.3507,6667918b486d7ffdfc7270106202ebdf070d4780d1f134bacf52554c33e2da96,0.3437,,,,,,,,,,,,,assessment_like,assessment_like_consistent,ACT,ACT,Assessment,ACT,False,False,False,standard_catalog_mapping
00371e96afdbefa984e4ae12e1060b1fd38eddc67d3f12530b0949b0d6607d65,UT,WIDA,,ELA,Assessment,12,c353c087e273dfcdbabf4a7e0eb5b671871de89ac1722099111ca390b8b70fa5,2023-2024,missing,c353c087e273dfcdbabf4a7e0eb5b671871de89ac1722099111ca390b8b70fa5,c353c087e273dfcdbabf4a7e0eb5b671871de89ac1722099111ca390b8b70fa5,c353c087e273dfcdbabf4a7e0eb5b671871de89ac1722099111ca390b8b70fa5,1,True,True,True,1.0,1.0,0.3555,low,True,True,title_plus_publisher,0.0,0.3555,"{""primary"": {""prediction_count"": 0, ""top1_id"": """", ""top1_score"": 0.0}, ""publisher_as_title"": {""prediction_count"": 0, ""top1_id"": """", ""top1_score"": 0.0}, ""title_plus_publisher"": {""prediction_count"": 2, ""top1_id"": ""c353c087e273dfcdbabf4a7e0eb5b671871de89ac1722099111ca390b8b70fa5"", ""top1_score"": 0.3555}, ""title_publisher_swapped"": {""prediction_count"": 0, ""top1_id"": """", ""top1_score"": 0.0}}",sparse,assessment_naming_regime,standard_state,standard_catalog_mapping,assessment_short_or_acronym_title,yes,yes,no,c353c087e273dfcdbabf4a7e0eb5b671871de89ac1722099111ca390b8b70fa5,0.3555,3d4d6e72a713ffa5cec81ddac8ff1fd6b6d5aac520f2adc314129eec21fb51b1,0.2674,,,,,,,,,,,,,,,,,assessment_like,assessment_like_consistent,WIDA Screener,WIDA Screener,Assessment,University of Wisconsin-Madison,False,False,False,standard_catalog_mapping
00f1f2e7f20c87752b98a2956834e5cb04d5d424240eb93341850a771406a09b,UT,ACCESS,ACCESS,ELA,Assessment,11,3067c5fa7d9da55a5b3e1980dd4f1c36edd4c4cca6360b3528bfef348c4278de,2024-2025,present,3067c5fa7d9da55a5b3e1980dd4f1c36edd4c4cca6360b3528bfef348c4278de,3067c5fa7d9da55a5b3e1980dd4f1c36edd4c4cca6360b3528bfef348c4278de,3067c5fa7d9da55a5b3e1980dd4f1c36edd4c4cca6360b3528bfef348c4278de,1,True,True,True,1.0,1.0,0.3146,low,True,True,title_plus_publisher,0.0,0.3146,"{""primary"": {""prediction_count"": 0, ""top1_id"": """", ""top1_score"": 0.0}, ""publisher_as_title"": {""prediction_count"": 0, ""top1_id"": """", ""top1_score"": 0.0}, ""title_plus_publisher"": {""prediction_count"": 2, ""top1_id"": ""3067c5fa7d9da55a5b3e1980dd4f1c36edd4c4cca6360b3528bfef348c4278de"", ""top1_score"": 0.3146}, ""title_publisher_swapped"": {""prediction_count"": 0, ""top1_id"": """", ""top1_score"": 0.0}}",medium,assessment_naming_regime,standard_state,standard_catalog_mapping,assessment_short_or_acronym_title,yes,no,no,3067c5fa7d9da55a5b3e1980dd4f1c36edd4c4cca6360b3528bfef348c4278de,0.3146,1a53d3cdd824465df8ff8dc7c0ca2f6735e28e78078d9ebfae0db7f0fc102ca0,0.2922,,,,,,,,,,,,,,,,,assessment_like,assessment_like_consistent,ACCESS for ELLs,ACCESS for ELLs,Assessment,University of Wisconsin-Madison,False,False,False,standard_catalog_mapping
001925eb5207727d47151588aec26ffebf7529653d98128d6c2c52d71f71d660,VA,Access for ELLS,,ELA,Assessment,5,3067c5fa7d9da55a5b3e1980dd4f1c36edd4c4cca6360b3528bfef348c4278de,2024-2025,missing,3067c5fa7d9da55a5b3e1980dd4f1c36edd4c4cca6360b3528bfef348c4278de,3067c5fa7d9da55a5b3e1980dd4f1c36edd4c4cca6360b3528bfef348c4278de,3067c5fa7d9da55a5b3e1980dd4f1c36edd4c4cca6360b3528bfef348c4278de,1,True,True,True,1.0,1.0,0.4004,low,True,False,primary,0.4004,0.4004,"{""primary"": {""prediction_count"": 1, ""top1_id"": ""3067c5fa7d9da55a5b3e1980dd4f1c36edd4c4cca6360b3528bfef348c4278de"", ""top1_score"": 0.4004}, ""publisher_as_title"": {""prediction_count"": 0, ""top1_id"": """", ""top1_score"": 0.0}, ""title_plus_publisher"": {""prediction_count"": 2, ""top1_id"": ""3067c5fa7d9da55a5b3e1980dd4f1c36edd4c4cca6360b3528bfef348c4278de"", ""top1_score"": 0.488}, ""title_publisher_swapped"": {""prediction_count"": 0, ""top1_id"": """", ""top1_score"": 0.0}}",medium,assessment_naming_regime,standard_state,standard_catalog_mapping,assessment_publisher_missing,no,yes,no,3067c5fa7d9da55a5b3e1980dd4f1c36edd4c4cca6360b3528bfef348c4278de,0.4004,,,,,,,,,,,,,,,,,,,assessment_like,assessment_like_consistent,ACCESS for ELLs,ACCESS for ELLs,Assessment,University of Wisconsin-Madison,False,False,False,standard_catalog_mapping
0063f0d58f12476c1e9c8a2511e73c3757bbe9e5016270a5c885c33af5fcb0eb,VA,Cogat,,ELA,Assessment,2,69c32ed9800fe6da88b88176939e92733b203ac983b6fdcb1f57f68929858826,2024-2025,missing,69c32ed9800fe6da88b88176939e92733b203ac983b6fdcb1f57f68929858826,69c32ed9800fe6da88b88176939e92733b203ac983b6fdcb1f57f68929858826,01af0b43c028382cc8353d96c7d6a91dfd6339d8f60a24ad5f02f5e6486dcbbd,0,False,False,False,0.0,0.0,0.354,low,True,True,title_plus_publisher,0.0,0.354,"{""primary"": {""prediction_count"": 0, ""top1_id"": """", ""top1_score"": 0.0}, ""publisher_as_title"": {""prediction_count"": 0, ""top1_id"": """", ""top1_score"": 0.0}, ""title_plus_publisher"": {""prediction_count"": 4, ""top1_id"": ""01af0b43c028382cc8353d96c7d6a91dfd6339d8f60a24ad5f02f5e6486dcbbd"", ""top1_score"": 0.354}, ""title_publisher_swapped"": {""prediction_count"": 0, ""top1_id"": """", ""top1_score"": 0.0}}",sparse,assessment_naming_regime,standard_state,standard_catalog_mapping,assessment_short_or_acronym_title,yes,yes,no,01af0b43c028382cc8353d96c7d6a91dfd6339d8f60a24ad5f02f5e6486dcbbd,0.354,bc89e27facdda78a185c3abcf389dd71c2ca84ced1cfabd9fbbab253e6ad52e8,0.2892,44e3080cb989d5ae104ac5f115d1f9677bd4b0991bf30630d0f7113b7bcb6fee,0.2821,89ff1e8788dfa2c44bc425caa1ddf1a7c22dc223f9baa36e6213a508124a94c8,0.2478,,,,,,,,,,,,,assessment_like,assessment_like_consistent,Cognitive Abilities Test (CogAT),Cognitive Abilities Test (CogAT),Assessment,Riverside Insights,False,False,False,standard_catalog_mapping
00899693f877900ad58d1cc02cb54ec4f8f4d67db4571960264f211596546147,VA,WIDA Screener,,ELA,Assessment,3,c353c087e273dfcdbabf4a7e0eb5b671871de89ac1722099111ca390b8b70fa5,2023-2024,missing,c353c087e273dfcdbabf4a7e0eb5b671871de89ac1722099111ca390b8b70fa5,c353c087e273dfcdbabf4a7e0eb5b671871de89ac1722099111ca390b8b70fa5,c353c087e273dfcdbabf4a7e0eb5b671871de89ac1722099111ca390b8b70fa5,1,True,True,True,1.0,1.0,0.4281,low,True,False,primary,0.4281,0.4281,"{""primary"": {""prediction_count"": 1, ""top1_id"": ""c353c087e273dfcdbabf4a7e0eb5b671871de89ac1722099111ca390b8b70fa5"", ""top1_score"": 0.4281}, ""publisher_as_title"": {""prediction_count"": 0, ""top1_id"": """", ""top1_score"": 0.0}, ""title_plus_publisher"": {""prediction_count"": 1, ""top1_id"": ""c353c087e273dfcdbabf4a7e0eb5b671871de89ac1722099111ca390b8b70fa5"", ""top1_score"": 0.4983}, ""title_publisher_swapped"": {""prediction_count"": 0, ""top1_id"": """", ""top1_score"": 0.0}}",sparse,assessment_naming_regime,standard_state,standard_catalog_mapping,assessment_short_or_acronym_title,yes,yes,no,c353c087e273dfcdbabf4a7e0eb5b671871de89ac1722099111ca390b8b70fa5,0.4281,,,,,,,,,,,,,,,,,,,assessment_like,assessment_like_consistent,WIDA Screener,WIDA Screener,Assessment,University of Wisconsin-Madison,False,False,False,standard_catalog_mapping
008b6ac0b50a19f2b86268a334a444576d89939343090a5a5ff2ef2f916f1549,VA,Virginia Substitute Evaluation Program (VSEP),,ELA,Assessment,3,5b06019e75db74cb43ec4bcdbec2c6dc71392d6fca239bdc06827c808f38b72c,2023-2024,missing,5b06019e75db74cb43ec4bcdbec2c6dc71392d6fca239bdc06827c808f38b72c,5b06019e75db74cb43ec4bcdbec2c6dc71392d6fca239bdc06827c808f38b72c,,0,False,False,False,0.0,0.0,0.0,no_prediction,True,False,primary,0.0,0.0,"{""primary"": {""prediction_count"": 0, ""top1_id"": """", ""top1_score"": 0.0}, ""publisher_as_title"": {""prediction_count"": 0, ""top1_id"": """", ""top1_score"": 0.0}, ""title_plus_publisher"": {""prediction_count"": 0, ""top1_id"": """", ""top1_score"": 0.0}, ""title_publisher_swapped"": {""prediction_count"": 0, ""top1_id"": """", ""top1_score"": 0.0}}",medium,assessment_naming_regime,standard_state,standard_catalog_mapping,assessment_publisher_missing,no,yes,no,,,,,,,,,,,,,,,,,,,,,assessment_like,assessment_like_consistent,State Created Assessments,State Created Assessments,Assessment,State Created Materials,False,False,False,standard_catalog_mapping
0005f8593e77cb3fbf172c6d9734d58dd0fc806f22406c1baf1660ff7b8e74bb,WA,i-Ready,,ELA,Assessment,5,56857edf7ee969e982d7a6aceec1cfa3310feeaa2665951d7257ecdbc8a6585e,2023-2024,missing,56857edf7ee969e982d7a6aceec1cfa3310feeaa2665951d7257ecdbc8a6585e,56857edf7ee969e982d7a6aceec1cfa3310feeaa2665951d7257ecdbc8a6585e,b5fd096a28f78fadf9972f2407f5ec592ecbc67998cadb981d85d19a3d42bc54,0,False,False,False,0.0,0.0,0.344,low,True,True,title_plus_publisher,0.0,0.344,"{""primary"": {""prediction_count"": 0, ""top1_id"": """", ""top1_score"": 0.0}, ""publisher_as_title"": {""prediction_count"": 0, ""top1_id"": """", ""top1_score"": 0.0}, ""title_plus_publisher"": {""prediction_count"": 3, ""top1_id"": ""b5fd096a28f78fadf9972f2407f5ec592ecbc67998cadb981d85d19a3d42bc54"", ""top1_score"": 0.344}, ""title_publisher_swapped"": {""prediction_count"": 0, ""top1_id"": """", ""top1_score"": 0.0}}",sparse,assessment_naming_regime,standard_state,standard_catalog_mapping,assessment_short_or_acronym_title,yes,yes,no,b5fd096a28f78fadf9972f2407f5ec592ecbc67998cadb981d85d19a3d42bc54,0.344,938eeb820d597c9f049fe4d48ec94efb92d40901e5ef96207afec8bde462347a,0.3303,893dc5550cae6564562e64e51d38ad9a8e5a6de8ccba406ca5ca5a86afd25671,0.3176,,,,,,,,,,,,,,,assessment_like,assessment_like_consistent,i-Ready Assessment,i-Ready Assessment,Assessment,Curriculum Associates,False,False,False,standard_catalog_mapping
00082fed0760d4a1796a28ef11b350d3c7e1595d21785cedafbdb1149de2b88f,WA,i-Ready,,ELA,Assessment,4,56857edf7ee969e982d7a6aceec1cfa3310feeaa2665951d7257ecdbc8a6585e,2023-2024,missing,56857edf7ee969e982d7a6aceec1cfa3310feeaa2665951d7257ecdbc8a6585e,56857edf7ee969e982d7a6aceec1cfa3310feeaa2665951d7257ecdbc8a6585e,938eeb820d597c9f049fe4d48ec94efb92d40901e5ef96207afec8bde462347a,0,False,False,False,0.0,0.0,0.3303,low,True,True,title_plus_publisher,0.0,0.3303,"{""primary"": {""prediction_count"": 0, ""top1_id"": """", ""top1_score"": 0.0}, ""publisher_as_title"": {""prediction_count"": 0, ""top1_id"": """", ""top1_score"": 0.0}, ""title_plus_publisher"": {""prediction_count"": 3, ""top1_id"": ""938eeb820d597c9f049fe4d48ec94efb92d40901e5ef96207afec8bde462347a"", ""top1_score"": 0.3303}, ""title_publisher_swapped"": {""prediction_count"": 0, ""top1_id"": """", ""top1_score"": 0.0}}",sparse,assessment_naming_regime,standard_state,standard_catalog_mapping,assessment_short_or_acronym_title,yes,yes,no,938eeb820d597c9f049fe4d48ec94efb92d40901e5ef96207afec8bde462347a,0.3303,893dc5550cae6564562e64e51d38ad9a8e5a6de8ccba406ca5ca5a86afd25671,0.3176,b5fd096a28f78fadf9972f2407f5ec592ecbc67998cadb981d85d19a3d42bc54,0.284,,,,,,,,,,,,,,,assessment_like,assessment_like_consistent,i-Ready Assessment,i-Ready Assessment,Assessment,Curriculum Associates,False,False,False,standard_catalog_mapping
0012b7b5e1ad3a4cd6601beabce3983b6ffac3df2411a5fe391d8d30b0d96347,WA,smarter balanced,,ELA,Assessment,7,a193c1174801b4a108ad3fd62cc510746b53b05a1fa982ca1bd8689ec04f0d65,2024-2025,missing,a193c1174801b4a108ad3fd62cc510746b53b05a1fa982ca1bd8689ec04f0d65,a193c1174801b4a108ad3fd62cc510746b53b05a1fa982ca1bd8689ec04f0d65,a193c1174801b4a108ad3fd62cc510746b53b05a1fa982ca1bd8689ec04f0d65,1,True,True,True,1.0,1.0,0.3502,low,True,True,title_plus_publisher,0.0,0.3502,"{""primary"": {""prediction_count"": 0, ""top1_id"": """", ""top1_score"": 0.0}, ""publisher_as_title"": {""prediction_count"": 0, ""top1_id"": """", ""top1_score"": 0.0}, ""title_plus_publisher"": {""prediction_count"": 1, ""top1_id"": ""a193c1174801b4a108ad3fd62cc510746b53b05a1fa982ca1bd8689ec04f0d65"", ""top1_score"": 0.3502}, ""title_publisher_swapped"": {""prediction_count"": 0, ""top1_id"": """", ""top1_score"": 0.0}}",sparse,assessment_naming_regime,standard_state,standard_catalog_mapping,assessment_short_or_acronym_title,yes,yes,no,a193c1174801b4a108ad3fd62cc510746b53b05a1fa982ca1bd8689ec04f0d65,0.3502,,,,,,,,,,,,,,,,,,,assessment_like,assessment_like_consistent,The Smarter Balanced Assessment System,The Smarter Balanced Assessment System,Assessment,Smarter Balanced,False,False,False,standard_catalog_mapping
001de7a409b6da718ec36f2d0b99b0aca18ca26f4fd0cd15fc445ab0e6a4ea30,WA,Smarter Balanced,,ELA,Assessment,3,a193c1174801b4a108ad3fd62cc510746b53b05a1fa982ca1bd8689ec04f0d65,2023-2024,missing,a193c1174801b4a108ad3fd62cc510746b53b05a1fa982ca1bd8689ec04f0d65,a193c1174801b4a108ad3fd62cc510746b53b05a1fa982ca1bd8689ec04f0d65,a193c1174801b4a108ad3fd62cc510746b53b05a1fa982ca1bd8689ec04f0d65,1,True,True,True,1.0,1.0,0.3502,low,True,True,title_plus_publisher,0.0,0.3502,"{""primary"": {""prediction_count"": 0, ""top1_id"": """", ""top1_score"": 0.0}, ""publisher_as_title"": {""prediction_count"": 0, ""top1_id"": """", ""top1_score"": 0.0}, ""title_plus_publisher"": {""prediction_count"": 1, ""top1_id"": ""a193c1174801b4a108ad3fd62cc510746b53b05a1fa982ca1bd8689ec04f0d65"", ""top1_score"": 0.3502}, ""title_publisher_swapped"": {""prediction_count"": 0, ""top1_id"": """", ""top1_score"": 0.0}}",sparse,assessment_naming_regime,standard_state,standard_catalog_mapping,assessment_short_or_acronym_title,yes,yes,no,a193c1174801b4a108ad3fd62cc510746b53b05a1fa982ca1bd8689ec04f0d65,0.3502,,,,,,,,,,,,,,,,,,,assessment_like,assessment_like_consistent,The Smarter Balanced Assessment System,The Smarter Balanced Assessment System,Assessment,Smarter Balanced,False,False,False,standard_catalog_mapping
0020af49d469ee80b1fd4445ec4e81b9994415390f25691fa739aa4a1d1adef4,WA,WA-AIM,,ELA,Assessment,8,5b06019e75db74cb43ec4bcdbec2c6dc71392d6fca239bdc06827c808f38b72c,2024-2025,missing,5b06019e75db74cb43ec4bcdbec2c6dc71392d6fca239bdc06827c808f38b72c,5b06019e75db74cb43ec4bcdbec2c6dc71392d6fca239bdc06827c808f38b72c,,0,False,False,False,0.0,0.0,0.0,no_prediction,True,False,primary,0.0,0.0,"{""primary"": {""prediction_count"": 0, ""top1_id"": """", ""top1_score"": 0.0}, ""publisher_as_title"": {""prediction_count"": 0, ""top1_id"": """", ""top1_score"": 0.0}, ""title_plus_publisher"": {""prediction_count"": 0, ""top1_id"": """", ""top1_score"": 0.0}, ""title_publisher_swapped"": {""prediction_count"": 0, ""top1_id"": """", ""top1_score"": 0.0}}",sparse,assessment_naming_regime,standard_state,standard_catalog_mapping,assessment_short_or_acronym_title,yes,yes,no,,,,,,,,,,,,,,,,,,,,,assessment_like,assessment_like_consistent,State Created Assessments,State Created Assessments,Assessment,State Created Materials,False,False,False,standard_catalog_mapping
002e4e71f3ef01284dc2e8aefb4a6e3f6b2590e0a9e2e05464789b7610f29bb8,WA,Smarter Balanced,,ELA,Assessment,5,a193c1174801b4a108ad3fd62cc510746b53b05a1fa982ca1bd8689ec04f0d65,2024-2025,missing,a193c1174801b4a108ad3fd62cc510746b53b05a1fa982ca1bd8689ec04f0d65,a193c1174801b4a108ad3fd62cc510746b53b05a1fa982ca1bd8689ec04f0d65,a193c1174801b4a108ad3fd62cc510746b53b05a1fa982ca1bd8689ec04f0d65,1,True,True,True,1.0,1.0,0.3502,low,True,True,title_plus_publisher,0.0,0.3502,"{""primary"": {""prediction_count"": 0, ""top1_id"": """", ""top1_score"": 0.0}, ""publisher_as_title"": {""prediction_count"": 0, ""top1_id"": """", ""top1_score"": 0.0}, ""title_plus_publisher"": {""prediction_count"": 1, ""top1_id"": ""a193c1174801b4a108ad3fd62cc510746b53b05a1fa982ca1bd8689ec04f0d65"", ""top1_score"": 0.3502}, ""title_publisher_swapped"": {""prediction_count"": 0, ""top1_id"": """", ""top1_score"": 0.0}}",sparse,assessment_naming_regime,standard_state,standard_catalog_mapping,assessment_short_or_acronym_title,yes,yes,no,a193c1174801b4a108ad3fd62cc510746b53b05a1fa982ca1bd8689ec04f0d65,0.3502,,,,,,,,,,,,,,,,,,,assessment_like,assessment_like_consistent,The Smarter Balanced Assessment System,The Smarter Balanced Assessment System,Assessment,Smarter Balanced,False,False,False,standard_catalog_mapping
002ceb352e9ba833418eafd7ed60a6dece44bdd831701a034d72e605eb7238e6,WI,Wisconsin Forward,,ELA,Assessment,4,5b06019e75db74cb43ec4bcdbec2c6dc71392d6fca239bdc06827c808f38b72c,2024-2025,missing,5b06019e75db74cb43ec4bcdbec2c6dc71392d6fca239bdc06827c808f38b72c,5b06019e75db74cb43ec4bcdbec2c6dc71392d6fca239bdc06827c808f38b72c,cb84d3dbe19f37905df6ea235662e7547c7d3944a2a7e53c0d53c33c7e60a21e,0,False,False,False,0.0,0.0,0.3575,low,True,True,title_plus_publisher,0.0,0.3575,"{""primary"": {""prediction_count"": 0, ""top1_id"": """", ""top1_score"": 0.0}, ""publisher_as_title"": {""prediction_count"": 0, ""top1_id"": """", ""top1_score"": 0.0}, ""title_plus_publisher"": {""prediction_count"": 2, ""top1_id"": ""cb84d3dbe19f37905df6ea235662e7547c7d3944a2a7e53c0d53c33c7e60a21e"", ""top1_score"": 0.3575}, ""title_publisher_swapped"": {""prediction_count"": 0, ""top1_id"": """", ""top1_score"": 0.0}}",sparse,assessment_naming_regime,standard_state,standard_catalog_mapping,assessment_short_or_acronym_title,yes,yes,no,cb84d3dbe19f37905df6ea235662e7547c7d3944a2a7e53c0d53c33c7e60a21e,0.3575,c269b180be4fde4581870bb52aa8a51ada9dd3e5660e873607513ae0f22e5431,0.3087,,,,,,,,,,,,,,,,,assessment_like,assessment_like_consistent,State Created Assessments,State Created Assessments,Assessment,State Created Materials,False,False,False,standard_catalog_mapping
0040549e4592414890688fc9f1ba5f3bcefae168ad374b6d2c78a711212faa37,WI,Wisconsin Forward,,ELA,Assessment,K,5b06019e75db74cb43ec4bcdbec2c6dc71392d6fca239bdc06827c808f38b72c,2024-2025,missing,5b06019e75db74cb43ec4bcdbec2c6dc71392d6fca239bdc06827c808f38b72c,5b06019e75db74cb43ec4bcdbec2c6dc71392d6fca239bdc06827c808f38b72c,cb84d3dbe19f37905df6ea235662e7547c7d3944a2a7e53c0d53c33c7e60a21e,0,False,False,False,0.0,0.0,0.2075,very_low,True,True,title_plus_publisher,0.0,0.2075,"{""primary"": {""prediction_count"": 0, ""top1_id"": """", ""top1_score"": 0.0}, ""publisher_as_title"": {""prediction_count"": 0, ""top1_id"": """", ""top1_score"": 0.0}, ""title_plus_publisher"": {""prediction_count"": 2, ""top1_id"": ""cb84d3dbe19f37905df6ea235662e7547c7d3944a2a7e53c0d53c33c7e60a21e"", ""top1_score"": 0.2075}, ""title_publisher_swapped"": {""prediction_count"": 0, ""top1_id"": """", ""top1_score"": 0.0}}",sparse,assessment_naming_regime,standard_state,standard_catalog_mapping,assessment_short_or_acronym_title,yes,yes,no,cb84d3dbe19f37905df6ea235662e7547c7d3944a2a7e53c0d53c33c7e60a21e,0.2075,c269b180be4fde4581870bb52aa8a51ada9dd3e5660e873607513ae0f22e5431,0.1887,,,,,,,,,,,,,,,,,assessment_like,assessment_like_consistent,State Created Assessments,State Created Assessments,Assessment,State Created Materials,False,False,False,standard_catalog_mapping
003941716eca492dc32b8e3a58aee9e75bba0b0d8aeee7e059f7059ff462a2dc,WV,ELPA21,,ELA,Assessment,10,5b06019e75db74cb43ec4bcdbec2c6dc71392d6fca239bdc06827c808f38b72c,2023-2024,missing,5b06019e75db74cb43ec4bcdbec2c6dc71392d6fca239bdc06827c808f38b72c,5b06019e75db74cb43ec4bcdbec2c6dc71392d6fca239bdc06827c808f38b72c,9c2f748e68809dd9aaa22716c85f64dd8b0396fdfddc798bf92c8bf3adae63d9,0,False,False,False,0.0,0.0,0.4083,low,True,False,primary,0.4083,0.4083,"{""primary"": {""prediction_count"": 1, ""top1_id"": ""9c2f748e68809dd9aaa22716c85f64dd8b0396fdfddc798bf92c8bf3adae63d9"", ""top1_score"": 0.4083}, ""publisher_as_title"": {""prediction_count"": 0, ""top1_id"": """", ""top1_score"": 0.0}, ""title_plus_publisher"": {""prediction_count"": 1, ""top1_id"": ""9c2f748e68809dd9aaa22716c85f64dd8b0396fdfddc798bf92c8bf3adae63d9"", ""top1_score"": 0.4141}, ""title_publisher_swapped"": {""prediction_count"": 0, ""top1_id"": """", ""top1_score"": 0.0}}",sparse,assessment_naming_regime,standard_state,standard_catalog_mapping,assessment_short_or_acronym_title,yes,yes,no,9c2f748e68809dd9aaa22716c85f64dd8b0396fdfddc798bf92c8bf3adae63d9,0.4083,,,,,,,,,,,,,,,,,,,assessment_like,assessment_like_consistent,State Created Assessments,State Created Assessments,Assessment,State Created Materials,False,False,False,standard_catalog_mapping
003284046aa381890ecd6c1ba3e87c7dd7acbc18019746f304fa1006fdb39591,WY,WyTopp,,ELA,Assessment,5,5b06019e75db74cb43ec4bcdbec2c6dc71392d6fca239bdc06827c808f38b72c,2023-2024,missing,5b06019e75db74cb43ec4bcdbec2c6dc71392d6fca239bdc06827c808f38b72c,5b06019e75db74cb43ec4bcdbec2c6dc71392d6fca239bdc06827c808f38b72c,ff3b9f73a0d60c3e0d36f98d95733a57b1c25f7fbff27f5785ceda8f22e51336,0,False,False,False,0.0,0.0,0.4876,low,True,True,title_plus_publisher,0.0,0.4876,"{""primary"": {""prediction_count"": 0, ""top1_id"": """", ""top1_score"": 0.0}, ""publisher_as_title"": {""prediction_count"": 0, ""top1_id"": """", ""top1_score"": 0.0}, ""title_plus_publisher"": {""prediction_count"": 1, ""top1_id"": ""ff3b9f73a0d60c3e0d36f98d95733a57b1c25f7fbff27f5785ceda8f22e51336"", ""top1_score"": 0.4876}, ""title_publisher_swapped"": {""prediction_count"": 0, ""top1_id"": """", ""top1_score"": 0.0}}",sparse,assessment_naming_regime,standard_state,standard_catalog_mapping,assessment_short_or_acronym_title,yes,yes,no,ff3b9f73a0d60c3e0d36f98d95733a57b1c25f7fbff27f5785ceda8f22e51336,0.4876,,,,,,,,,,,,,,,,,,,assessment_like,assessment_like_consistent,State Created Assessments,State Created Assessments,Assessment,State Created Materials,False,False,False,standard_catalog_mapping
000a2cc1e479abc58229fe206ecbbdb4814d8e85c8851e1be99b812d5a050ceb,AK,MAP Growth,,Math,Assessment,5,dee0f2790440685546f3d5dba2a914e5d10319529e1129e4e363d41af2d536db,2023-2024,missing,dee0f2790440685546f3d5dba2a914e5d10319529e1129e4e363d41af2d536db,dee0f2790440685546f3d5dba2a914e5d10319529e1129e4e363d41af2d536db,dee0f2790440685546f3d5dba2a914e5d10319529e1129e4e363d41af2d536db,1,True,True,True,1.0,1.0,0.3379,low,True,True,title_plus_publisher,0.0,0.3379,"{""primary"": {""prediction_count"": 0, ""top1_id"": """", ""top1_score"": 0.0}, ""publisher_as_title"": {""prediction_count"": 0, ""top1_id"": """", ""top1_score"": 0.0}, ""title_plus_publisher"": {""prediction_count"": 2, ""top1_id"": ""dee0f2790440685546f3d5dba2a914e5d10319529e1129e4e363d41af2d536db"", ""top1_score"": 0.3379}, ""title_publisher_swapped"": {""prediction_count"": 0, ""top1_id"": """", ""top1_score"": 0.0}}",medium,assessment_naming_regime,standard_state,standard_catalog_mapping,assessment_short_or_acronym_title,yes,yes,no,dee0f2790440685546f3d5dba2a914e5d10319529e1129e4e363d41af2d536db,0.3379,622b8e3bf66d9b428d8b45aa0af053698804e7b3dae2b0098f7c65d60c4ecf9b,0.2589,,,,,,,,,,,,,,,,,assessment_like,assessment_like_consistent,NWEA: MAP Growth,MAP Suite,Assessment,Northwest Evaluation Association (NWEA),False,False,False,standard_catalog_mapping
00360daee08e820b1874b4f399d295077dd81382c7e7518809ed634ee7299695,AK,MAP Growth,,Math,Assessment,2,dee0f2790440685546f3d5dba2a914e5d10319529e1129e4e363d41af2d536db,2024-2025,missing,dee0f2790440685546f3d5dba2a914e5d10319529e1129e4e363d41af2d536db,dee0f2790440685546f3d5dba2a914e5d10319529e1129e4e363d41af2d536db,dee0f2790440685546f3d5dba2a914e5d10319529e1129e4e363d41af2d536db,1,True,True,True,1.0,1.0,0.3379,low,True,True,title_plus_publisher,0.0,0.3379,"{""primary"": {""prediction_count"": 0, ""top1_id"": """", ""top1_score"": 0.0}, ""publisher_as_title"": {""prediction_count"": 0, ""top1_id"": """", ""top1_score"": 0.0}, ""title_plus_publisher"": {""prediction_count"": 2, ""top1_id"": ""dee0f2790440685546f3d5dba2a914e5d10319529e1129e4e363d41af2d536db"", ""top1_score"": 0.3379}, ""title_publisher_swapped"": {""prediction_count"": 0, ""top1_id"": """", ""top1_score"": 0.0}}",medium,assessment_naming_regime,standard_state,standard_catalog_mapping,assessment_short_or_acronym_title,yes,yes,no,dee0f2790440685546f3d5dba2a914e5d10319529e1129e4e363d41af2d536db,0.3379,622b8e3bf66d9b428d8b45aa0af053698804e7b3dae2b0098f7c65d60c4ecf9b,0.2589,,,,,,,,,,,,,,,,,assessment_like,assessment_like_consistent,NWEA: MAP Growth,MAP Suite,Assessment,Northwest Evaluation Association (NWEA),False,False,False,standard_catalog_mapping
002f64062641cd96653ec3eb0e71bbfec9ac0bf3ccae2969bd5703f2123ec535,AL,Pre-ACT,,Math,Assessment,10,61ce57189a44e7823dc8c783090542dadb39b1f374e237389cf0d3b19adfc099,2024-2025,missing,61ce57189a44e7823dc8c783090542dadb39b1f374e237389cf0d3b19adfc099,61ce57189a44e7823dc8c783090542dadb39b1f374e237389cf0d3b19adfc099,61ce57189a44e7823dc8c783090542dadb39b1f374e237389cf0d3b19adfc099,1,True,True,True,1.0,1.0,0.4542,low,True,True,title_plus_publisher,0.303,0.4542,"{""primary"": {""prediction_count"": 1, ""top1_id"": ""61ce57189a44e7823dc8c783090542dadb39b1f374e237389cf0d3b19adfc099"", ""top1_score"": 0.303}, ""publisher_as_title"": {""prediction_count"": 0, ""top1_id"": """", ""top1_score"": 0.0}, ""title_plus_publisher"": {""prediction_count"": 3, ""top1_id"": ""61ce57189a44e7823dc8c783090542dadb39b1f374e237389cf0d3b19adfc099"", ""top1_score"": 0.4542}, ""title_publisher_swapped"": {""prediction_count"": 0, ""top1_id"": """", ""top1_score"": 0.0}}",sparse,assessment_naming_regime,standard_state,standard_catalog_mapping,assessment_short_or_acronym_title,yes,yes,no,61ce57189a44e7823dc8c783090542dadb39b1f374e237389cf0d3b19adfc099,0.4542,89ff1e8788dfa2c44bc425caa1ddf1a7c22dc223f9baa36e6213a508124a94c8,0.4253,0b5831faa98b0826ca2de59de0de14bd81f64dba88f807edd3d1c62dc193c39f,0.3545,,,,,,,,,,,,,,,assessment_like,assessment_like_consistent,PreACT,PreACT,Assessment,ACT,False,False,False,standard_catalog_mapping
00d12cc2a634668f57220179446f9a08b0bdaf15647250cbc1cf32c7d4f74f74,AR,Atlas,,Math,Assessment,4,9b41baefd0d7404d6bedc57ef09f5077e74359bcae70236a76c1418927415066,2023-2024,missing,9b41baefd0d7404d6bedc57ef09f5077e74359bcae70236a76c1418927415066,9b41baefd0d7404d6bedc57ef09f5077e74359bcae70236a76c1418927415066,43482c4df425b06c2e1acac12854f67eb8b6ba54396c1a7e7d8aab7a03fcccab,0,False,False,False,0.0,0.0,0.2143,very_low,True,True,title_plus_publisher,0.0,0.2143,"{""primary"": {""prediction_count"": 0, ""top1_id"": """", ""top1_score"": 0.0}, ""publisher_as_title"": {""prediction_count"": 0, ""top1_id"": """", ""top1_score"": 0.0}, ""title_plus_publisher"": {""prediction_count"": 2, ""top1_id"": ""43482c4df425b06c2e1acac12854f67eb8b6ba54396c1a7e7d8aab7a03fcccab"", ""top1_score"": 0.2143}, ""title_publisher_swapped"": {""prediction_count"": 0, ""top1_id"": """", ""top1_score"": 0.0}}",sparse,assessment_naming_regime,standard_state,standard_catalog_mapping,assessment_short_or_acronym_title,yes,yes,no,43482c4df425b06c2e1acac12854f67eb8b6ba54396c1a7e7d8aab7a03fcccab,0.2143,3627e2ce327886658619a1455cf89d6263e934f1876977f0dcace8da0d59f290,0.2107,,,,,,,,,,,,,,,,,assessment_like,assessment_like_consistent,Other Assessment - Not in Catalog,Other,Assessment,Other,False,False,False,standard_catalog_mapping
00298672ac090ff301202768dd1b066185a0a5b30f0d51bc827503c8f6efff0f,AZ,SAEBRS,,Math,Assessment,8,5a61bd63948ea0f4e69b6b3fc3db322c4fcbb1d3056ba0df85ca77ced410f760,2024-2025,missing,5a61bd63948ea0f4e69b6b3fc3db322c4fcbb1d3056ba0df85ca77ced410f760,5a61bd63948ea0f4e69b6b3fc3db322c4fcbb1d3056ba0df85ca77ced410f760,44e3080cb989d5ae104ac5f115d1f9677bd4b0991bf30630d0f7113b7bcb6fee,0,False,False,False,0.0,0.0,0.2969,very_low,True,True,title_plus_publisher,0.0,0.2969,"{""primary"": {""prediction_count"": 0, ""top1_id"": """", ""top1_score"": 0.0}, ""publisher_as_title"": {""prediction_count"": 0, ""top1_id"": """", ""top1_score"": 0.0}, ""title_plus_publisher"": {""prediction_count"": 1, ""top1_id"": ""44e3080cb989d5ae104ac5f115d1f9677bd4b0991bf30630d0f7113b7bcb6fee"", ""top1_score"": 0.2969}, ""title_publisher_swapped"": {""prediction_count"": 0, ""top1_id"": """", ""top1_score"": 0.0}}",sparse,assessment_naming_regime,standard_state,standard_catalog_mapping,assessment_short_or_acronym_title,yes,yes,no,44e3080cb989d5ae104ac5f115d1f9677bd4b0991bf30630d0f7113b7bcb6fee,0.2969,,,,,,,,,,,,,,,,,,,assessment_like,assessment_like_consistent,FastBridge,FastBridge,Assessment,Illuminate Education,False,False,False,standard_catalog_mapping
00f6f8c241008b35e686240e370be6109f7468c99bb10e26b7ace8ce588a649c,AZ,Arizona's Academic Standards Assessment (AASA),,Math,Assessment,7,5b06019e75db74cb43ec4bcdbec2c6dc71392d6fca239bdc06827c808f38b72c,2023-2024,missing,5b06019e75db74cb43ec4bcdbec2c6dc71392d6fca239bdc06827c808f38b72c,5b06019e75db74cb43ec4bcdbec2c6dc71392d6fca239bdc06827c808f38b72c,50d146dedcc8cfc5cdd5363ef249e130f654f259a371e5441feef377a68a4e2c,0,False,False,False,0.0,0.0,0.3833,low,True,False,primary,0.3833,0.3833,"{""primary"": {""prediction_count"": 3, ""top1_id"": ""50d146dedcc8cfc5cdd5363ef249e130f654f259a371e5441feef377a68a4e2c"", ""top1_score"": 0.3833}, ""publisher_as_title"": {""prediction_count"": 0, ""top1_id"": """", ""top1_score"": 0.0}, ""title_plus_publisher"": {""prediction_count"": 9, ""top1_id"": ""50d146dedcc8cfc5cdd5363ef249e130f654f259a371e5441feef377a68a4e2c"", ""top1_score"": 0.4386}, ""title_publisher_swapped"": {""prediction_count"": 0, ""top1_id"": """", ""top1_score"": 0.0}}",medium,assessment_naming_regime,standard_state,standard_catalog_mapping,assessment_publisher_missing,no,yes,no,50d146dedcc8cfc5cdd5363ef249e130f654f259a371e5441feef377a68a4e2c,0.3833,5cb3afc858d1ae3193e73fb9c24cb6de7480dd927d0db5309c407feaef9c3e00,0.2514,61cd9bdcfd309ec294f0d5e279650ffd79c53359ee5edc84c0178605752c96d4,0.2431,,,,,,,,,,,,,,,assessment_like,assessment_like_consistent,State Created Assessments,State Created Assessments,Assessment,State Created Materials,False,False,False,standard_catalog_mapping
009cd07363563efe3c97a45b24d47f86b117ce64a34b181ef01aabd07dd2f369,AZ,NAEP,U.S. Department of Education,Math,Assessment,8,d0f524831b4a5fb961609a8dce8c85a7364ee9eb9853a8a80932b6835801feba,2024-2025,present,d0f524831b4a5fb961609a8dce8c85a7364ee9eb9853a8a80932b6835801feba,d0f524831b4a5fb961609a8dce8c85a7364ee9eb9853a8a80932b6835801feba,d0f524831b4a5fb961609a8dce8c85a7364ee9eb9853a8a80932b6835801feba,1,True,True,True,1.0,1.0,0.6448,medium,False,False,primary,0.6448,0.6448,"{""primary"": {""prediction_count"": 4, ""top1_id"": ""d0f524831b4a5fb961609a8dce8c85a7364ee9eb9853a8a80932b6835801feba"", ""top1_score"": 0.6448}}",medium,assessment_naming_regime,standard_state,standard_catalog_mapping,assessment_short_or_acronym_title,yes,no,no,d0f524831b4a5fb961609a8dce8c85a7364ee9eb9853a8a80932b6835801feba,0.6448,a54af1e33dd7fae2dc57413086ce85c49665116fcd410e0d403fb05ceb79c542,0.4636,7c5a80ae2b4ce40c9419c777933d5ce858c0c8479965dd8ae9f95086723e199c,0.3424,9b41baefd0d7404d6bedc57ef09f5077e74359bcae70236a76c1418927415066,0.2942,,,,,,,,,,,,,assessment_like,assessment_like_consistent,National Assessment of Educational Progress (NAEP),National Assessment of Educational Progress (NAEP),Assessment,U.S. Department of Education,False,False,False,standard_catalog_mapping
00090203295584f75c499179366ed83e3448ffdbfdcfdf1e6e11b9ae78223f80,CA,CAASPP,,Math,Assessment,12,5b06019e75db74cb43ec4bcdbec2c6dc71392d6fca239bdc06827c808f38b72c,2024-2025,missing,5b06019e75db74cb43ec4bcdbec2c6dc71392d6fca239bdc06827c808f38b72c,5b06019e75db74cb43ec4bcdbec2c6dc71392d6fca239bdc06827c808f38b72c,986557ff1b5e847f69566fa2a2c885c990e3f4c01316cc0d5455b94f9435e858,0,False,False,False,0.0,0.0,0.2722,very_low,True,True,title_plus_publisher,0.0,0.2722,"{""primary"": {""prediction_count"": 0, ""top1_id"": """", ""top1_score"": 0.0}, ""publisher_as_title"": {""prediction_count"": 0, ""top1_id"": """", ""top1_score"": 0.0}, ""title_plus_publisher"": {""prediction_count"": 2, ""top1_id"": ""986557ff1b5e847f69566fa2a2c885c990e3f4c01316cc0d5455b94f9435e858"", ""top1_score"": 0.2722}, ""title_publisher_swapped"": {""prediction_count"": 0, ""top1_id"": """", ""top1_score"": 0.0}}",sparse,assessment_naming_regime,adoption_state_high_risk,standard_catalog_mapping,assessment_short_or_acronym_title,yes,yes,no,986557ff1b5e847f69566fa2a2c885c990e3f4c01316cc0d5455b94f9435e858,0.2722,47321e3d59430b36798a9b6fc2c7f228174e0ab66703f1bdd52c372d0b03f8bd,0.2338,,,,,,,,,,,,,,,,,assessment_like,assessment_like_consistent,State Created Assessments,State Created Assessments,Assessment,State Created Materials,False,False,False,standard_catalog_mapping
000b99dec70f81cab4322c8a63063af6f984825d1db7dd0f5e751045186021c8,CA,STAR Renaissance - Math,,Math,Assessment,5,61cd9bdcfd309ec294f0d5e279650ffd79c53359ee5edc84c0178605752c96d4,2024-2025,missing,61cd9bdcfd309ec294f0d5e279650ffd79c53359ee5edc84c0178605752c96d4,61cd9bdcfd309ec294f0d5e279650ffd79c53359ee5edc84c0178605752c96d4,8788316b911b89e177b2099398872b77833e02a4b0ccd96fa6aaf1a44f35f058,0,False,False,False,0.0,0.0,0.471,low,True,True,title_plus_publisher,0.0,0.471,"{""primary"": {""prediction_count"": 0, ""top1_id"": """", ""top1_score"": 0.0}, ""publisher_as_title"": {""prediction_count"": 0, ""top1_id"": """", ""top1_score"": 0.0}, ""title_plus_publisher"": {""prediction_count"": 8, ""top1_id"": ""8788316b911b89e177b2099398872b77833e02a4b0ccd96fa6aaf1a44f35f058"", ""top1_score"": 0.471}, ""title_publisher_swapped"": {""prediction_count"": 0, ""top1_id"": """", ""top1_score"": 0.0}}",medium,assessment_naming_regime,adoption_state_high_risk,standard_catalog_mapping,assessment_publisher_missing,no,yes,no,8788316b911b89e177b2099398872b77833e02a4b0ccd96fa6aaf1a44f35f058,0.471,eb433f69407f866fedd0232aee3a2af4f76bb0fc597e1f3fbd2b39e6fbbefd73,0.4431,46649193aeeded5f8797012af268d9de6bcb59b0089c901c1dadd22e76a3c890,0.4219,86fd14dfbd6253a9a42d4a3ebf43bda36d60ea7bc18750ca795c337edf4646e4,0.3675,c9be7dc77cc464a55073366b335dc04a2b896477cd4d3918c1dbba083c65d8b0,0.3648,fb4f620c27277af063dc5164051dfd0858ecb996f9949a58b9a63e092532cbc5,0.3537,2fa61191609dbbcaf2ad778a86135db82e24aedf409d68e4b8ec6b521a9a5597,0.3157,c405e32619f413709e7e5b070bd37906cc639fdd1b6ff47cc982c49f37e87f10,0.2904,,,,,assessment_like,assessment_like_consistent,Star Assessments,Star Assessments,Assessment,Renaissance,False,False,False,standard_catalog_mapping
000eb9a765e3b773ed17c8a654ddba073d31c8f70f12657f725ab20c75a330ae,CA,Smarter Balanced,,Math,Assessment,2,a193c1174801b4a108ad3fd62cc510746b53b05a1fa982ca1bd8689ec04f0d65,2023-2024,missing,a193c1174801b4a108ad3fd62cc510746b53b05a1fa982ca1bd8689ec04f0d65,a193c1174801b4a108ad3fd62cc510746b53b05a1fa982ca1bd8689ec04f0d65,a193c1174801b4a108ad3fd62cc510746b53b05a1fa982ca1bd8689ec04f0d65,1,True,True,True,1.0,1.0,0.3502,low,True,True,title_plus_publisher,0.0,0.3502,"{""primary"": {""prediction_count"": 0, ""top1_id"": """", ""top1_score"": 0.0}, ""publisher_as_title"": {""prediction_count"": 0, ""top1_id"": """", ""top1_score"": 0.0}, ""title_plus_publisher"": {""prediction_count"": 1, ""top1_id"": ""a193c1174801b4a108ad3fd62cc510746b53b05a1fa982ca1bd8689ec04f0d65"", ""top1_score"": 0.3502}, ""title_publisher_swapped"": {""prediction_count"": 0, ""top1_id"": """", ""top1_score"": 0.0}}",sparse,assessment_naming_regime,adoption_state_high_risk,standard_catalog_mapping,assessment_short_or_acronym_title,yes,yes,no,a193c1174801b4a108ad3fd62cc510746b53b05a1fa982ca1bd8689ec04f0d65,0.3502,,,,,,,,,,,,,,,,,,,assessment_like,assessment_like_consistent,The Smarter Balanced Assessment System,The Smarter Balanced Assessment System,Assessment,Smarter Balanced,False,False,False,standard_catalog_mapping
00170170b26a482f2c200a8b18c37a4772d87d64f8d0ce9482462a1392533967,CA,California Assessment of Student Performance and Progress (CAASPP),,Math,Assessment,10,5b06019e75db74cb43ec4bcdbec2c6dc71392d6fca239bdc06827c808f38b72c,2024-2025,missing,5b06019e75db74cb43ec4bcdbec2c6dc71392d6fca239bdc06827c808f38b72c,5b06019e75db74cb43ec4bcdbec2c6dc71392d6fca239bdc06827c808f38b72c,,0,False,False,False,0.0,0.0,0.0,no_prediction,True,False,primary,0.0,0.0,"{""primary"": {""prediction_count"": 0, ""top1_id"": """", ""top1_score"": 0.0}, ""publisher_as_title"": {""prediction_count"": 0, ""top1_id"": """", ""top1_score"": 0.0}, ""title_plus_publisher"": {""prediction_count"": 0, ""top1_id"": """", ""top1_score"": 0.0}, ""title_publisher_swapped"": {""prediction_count"": 0, ""top1_id"": """", ""top1_score"": 0.0}}",medium,assessment_naming_regime,adoption_state_high_risk,standard_catalog_mapping,assessment_publisher_missing,no,yes,no,,,,,,,,,,,,,,,,,,,,,assessment_like,assessment_like_consistent,State Created Assessments,State Created Assessments,Assessment,State Created Materials,False,False,False,standard_catalog_mapping
00190f4068b43904d630b96a307135b39951ecd8a25a110253ce2cde1f2ddb92,CA,CAASPP,,Math,Assessment,9,5b06019e75db74cb43ec4bcdbec2c6dc71392d6fca239bdc06827c808f38b72c,2023-2024,missing,5b06019e75db74cb43ec4bcdbec2c6dc71392d6fca239bdc06827c808f38b72c,5b06019e75db74cb43ec4bcdbec2c6dc71392d6fca239bdc06827c808f38b72c,47321e3d59430b36798a9b6fc2c7f228174e0ab66703f1bdd52c372d0b03f8bd,0,False,False,False,0.0,0.0,0.3538,low,True,True,title_plus_publisher,0.0,0.3538,"{""primary"": {""prediction_count"": 0, ""top1_id"": """", ""top1_score"": 0.0}, ""publisher_as_title"": {""prediction_count"": 0, ""top1_id"": """", ""top1_score"": 0.0}, ""title_plus_publisher"": {""prediction_count"": 2, ""top1_id"": ""47321e3d59430b36798a9b6fc2c7f228174e0ab66703f1bdd52c372d0b03f8bd"", ""top1_score"": 0.3538}, ""title_publisher_swapped"": {""prediction_count"": 0, ""top1_id"": """", ""top1_score"": 0.0}}",sparse,assessment_naming_regime,adoption_state_high_risk,standard_catalog_mapping,assessment_short_or_acronym_title,yes,yes,no,47321e3d59430b36798a9b6fc2c7f228174e0ab66703f1bdd52c372d0b03f8bd,0.3538,986557ff1b5e847f69566fa2a2c885c990e3f4c01316cc0d5455b94f9435e858,0.2722,,,,,,,,,,,,,,,,,assessment_like,assessment_like_consistent,State Created Assessments,State Created Assessments,Assessment,State Created Materials,False,False,False,standard_catalog_mapping
00208aa58ab05c12c8dc1fd6b76756ce39b56d245f0406cbbcf1e5cc13c07d30,CA,i-ready,,Math,Assessment,NI,56857edf7ee969e982d7a6aceec1cfa3310feeaa2665951d7257ecdbc8a6585e,2024-2025,missing,56857edf7ee969e982d7a6aceec1cfa3310feeaa2665951d7257ecdbc8a6585e,56857edf7ee969e982d7a6aceec1cfa3310feeaa2665951d7257ecdbc8a6585e,938eeb820d597c9f049fe4d48ec94efb92d40901e5ef96207afec8bde462347a,0,False,False,False,0.0,0.0,0.3303,low,True,True,title_plus_publisher,0.0,0.3303,"{""primary"": {""prediction_count"": 0, ""top1_id"": """", ""top1_score"": 0.0}, ""publisher_as_title"": {""prediction_count"": 0, ""top1_id"": """", ""top1_score"": 0.0}, ""title_plus_publisher"": {""prediction_count"": 3, ""top1_id"": ""938eeb820d597c9f049fe4d48ec94efb92d40901e5ef96207afec8bde462347a"", ""top1_score"": 0.3303}, ""title_publisher_swapped"": {""prediction_count"": 0, ""top1_id"": """", ""top1_score"": 0.0}}",sparse,assessment_naming_regime,adoption_state_high_risk,standard_catalog_mapping,assessment_short_or_acronym_title,yes,yes,no,938eeb820d597c9f049fe4d48ec94efb92d40901e5ef96207afec8bde462347a,0.3303,893dc5550cae6564562e64e51d38ad9a8e5a6de8ccba406ca5ca5a86afd25671,0.3176,b5fd096a28f78fadf9972f2407f5ec592ecbc67998cadb981d85d19a3d42bc54,0.224,,,,,,,,,,,,,,,assessment_like,assessment_like_consistent,i-Ready Assessment,i-Ready Assessment,Assessment,Curriculum Associates,False,False,False,standard_catalog_mapping
002a34aacfb8b479dde6db6b6777bae54eecf8b247e1cf289c5b21c462db7c0e,CA,California Alternate Assessments (CAA),,Math,Assessment,8,5b06019e75db74cb43ec4bcdbec2c6dc71392d6fca239bdc06827c808f38b72c,2023-2024,missing,5b06019e75db74cb43ec4bcdbec2c6dc71392d6fca239bdc06827c808f38b72c,5b06019e75db74cb43ec4bcdbec2c6dc71392d6fca239bdc06827c808f38b72c,50d146dedcc8cfc5cdd5363ef249e130f654f259a371e5441feef377a68a4e2c,0,False,False,False,0.0,0.0,0.2717,very_low,True,False,primary,0.2717,0.2717,"{""primary"": {""prediction_count"": 4, ""top1_id"": ""50d146dedcc8cfc5cdd5363ef249e130f654f259a371e5441feef377a68a4e2c"", ""top1_score"": 0.2717}, ""publisher_as_title"": {""prediction_count"": 0, ""top1_id"": """", ""top1_score"": 0.0}, ""title_plus_publisher"": {""prediction_count"": 9, ""top1_id"": ""1bd4d211015bee75c8dab7bbc6439ef1c3d8a5df5fb696e7b349351f8683006b"", ""top1_score"": 0.3766}, ""title_publisher_swapped"": {""prediction_count"": 0, ""top1_id"": """", ""top1_score"": 0.0}}",medium,assessment_naming_regime,adoption_state_high_risk,standard_catalog_mapping,assessment_publisher_missing,no,yes,no,50d146dedcc8cfc5cdd5363ef249e130f654f259a371e5441feef377a68a4e2c,0.2717,5cb3afc858d1ae3193e73fb9c24cb6de7480dd927d0db5309c407feaef9c3e00,0.2079,56857edf7ee969e982d7a6aceec1cfa3310feeaa2665951d7257ecdbc8a6585e,0.2032,7c5a80ae2b4ce40c9419c777933d5ce858c0c8479965dd8ae9f95086723e199c,0.1832,,,,,,,,,,,,,assessment_like,assessment_like_consistent,State Created Assessments,State Created Assessments,Assessment,State Created Materials,False,False,False,standard_catalog_mapping
002ad7d334dac143ffd90edb53b8aea0d729124ddef3b82fee2d3ca027237cdc,CA,PSAT,,Math,Assessment,9,e68a5b1beee66c66a24185ee630717efe9efd82b4dd439b407a4e8b2e46031c3,2024-2025,missing,e68a5b1beee66c66a24185ee630717efe9efd82b4dd439b407a4e8b2e46031c3,e68a5b1beee66c66a24185ee630717efe9efd82b4dd439b407a4e8b2e46031c3,e68a5b1beee66c66a24185ee630717efe9efd82b4dd439b407a4e8b2e46031c3,1,True,True,True,1.0,1.0,0.3808,low,True,False,primary,0.3808,0.3808,"{""primary"": {""prediction_count"": 1, ""top1_id"": ""e68a5b1beee66c66a24185ee630717efe9efd82b4dd439b407a4e8b2e46031c3"", ""top1_score"": 0.3808}, ""publisher_as_title"": {""prediction_count"": 0, ""top1_id"": """", ""top1_score"": 0.0}, ""title_plus_publisher"": {""prediction_count"": 3, ""top1_id"": ""e68a5b1beee66c66a24185ee630717efe9efd82b4dd439b407a4e8b2e46031c3"", ""top1_score"": 0.5005}, ""title_publisher_swapped"": {""prediction_count"": 0, ""top1_id"": """", ""top1_score"": 0.0}}",sparse,assessment_naming_regime,adoption_state_high_risk,standard_catalog_mapping,assessment_short_or_acronym_title,yes,yes,no,e68a5b1beee66c66a24185ee630717efe9efd82b4dd439b407a4e8b2e46031c3,0.3808,,,,,,,,,,,,,,,,,,,assessment_like,assessment_like_consistent,PSAT,PSAT,Assessment,College Board,False,False,False,standard_catalog_mapping
002d95e73fcad773416392f5e258999bdce272d2c1d4d2e6acb9f9a6dc3a7c1c,CA,Smarter Balanced,,Math,Assessment,6,a193c1174801b4a108ad3fd62cc510746b53b05a1fa982ca1bd8689ec04f0d65,2023-2024,missing,a193c1174801b4a108ad3fd62cc510746b53b05a1fa982ca1bd8689ec04f0d65,a193c1174801b4a108ad3fd62cc510746b53b05a1fa982ca1bd8689ec04f0d65,a193c1174801b4a108ad3fd62cc510746b53b05a1fa982ca1bd8689ec04f0d65,1,True,True,True,1.0,1.0,0.3502,low,True,True,title_plus_publisher,0.0,0.3502,"{""primary"": {""prediction_count"": 0, ""top1_id"": """", ""top1_score"": 0.0}, ""publisher_as_title"": {""prediction_count"": 0, ""top1_id"": """", ""top1_score"": 0.0}, ""title_plus_publisher"": {""prediction_count"": 1, ""top1_id"": ""a193c1174801b4a108ad3fd62cc510746b53b05a1fa982ca1bd8689ec04f0d65"", ""top1_score"": 0.3502}, ""title_publisher_swapped"": {""prediction_count"": 0, ""top1_id"": """", ""top1_score"": 0.0}}",sparse,assessment_naming_regime,adoption_state_high_risk,standard_catalog_mapping,assessment_short_or_acronym_title,yes,yes,no,a193c1174801b4a108ad3fd62cc510746b53b05a1fa982ca1bd8689ec04f0d65,0.3502,,,,,,,,,,,,,,,,,,,assessment_like,assessment_like_consistent,The Smarter Balanced Assessment System,The Smarter Balanced Assessment System,Assessment,Smarter Balanced,False,False,False,standard_catalog_mapping
00375350a6b9e381ada0f0804734ddfe2cf80d43acbc914ade4c278d1d172d31,CA,California Assessment of Student Performance and Progress,,Math,Assessment,7,a193c1174801b4a108ad3fd62cc510746b53b05a1fa982ca1bd8689ec04f0d65,2024-2025,missing,a193c1174801b4a108ad3fd62cc510746b53b05a1fa982ca1bd8689ec04f0d65,a193c1174801b4a108ad3fd62cc510746b53b05a1fa982ca1bd8689ec04f0d65,47321e3d59430b36798a9b6fc2c7f228174e0ab66703f1bdd52c372d0b03f8bd,0,False,False,False,0.0,0.0,0.4017,low,True,True,title_plus_publisher,0.1675,0.4017,"{""primary"": {""prediction_count"": 1, ""top1_id"": ""b764e53683e0865d736d8d00682a29f04ede4399e07e82ba6b8022a248feb7bf"", ""top1_score"": 0.1675}, ""publisher_as_title"": {""prediction_count"": 0, ""top1_id"": """", ""top1_score"": 0.0}, ""title_plus_publisher"": {""prediction_count"": 2, ""top1_id"": ""47321e3d59430b36798a9b6fc2c7f228174e0ab66703f1bdd52c372d0b03f8bd"", ""top1_score"": 0.4017}, ""title_publisher_swapped"": {""prediction_count"": 0, ""top1_id"": """", ""top1_score"": 0.0}}",medium,assessment_naming_regime,adoption_state_high_risk,standard_catalog_mapping,assessment_publisher_missing,no,yes,no,47321e3d59430b36798a9b6fc2c7f228174e0ab66703f1bdd52c372d0b03f8bd,0.4017,986557ff1b5e847f69566fa2a2c885c990e3f4c01316cc0d5455b94f9435e858,0.2959,,,,,,,,,,,,,,,,,assessment_like,assessment_like_consistent,The Smarter Balanced Assessment System,The Smarter Balanced Assessment System,Assessment,Smarter Balanced,False,False,False,standard_catalog_mapping
003d942d49e8d392142bd6f84734e6eec763e87fb977a1c85be0278b177554a6,CA,Smarter Balanced Summative Assessments,,Math,Assessment,6,a193c1174801b4a108ad3fd62cc510746b53b05a1fa982ca1bd8689ec04f0d65,2024-2025,missing,a193c1174801b4a108ad3fd62cc510746b53b05a1fa982ca1bd8689ec04f0d65,a193c1174801b4a108ad3fd62cc510746b53b05a1fa982ca1bd8689ec04f0d65,50d146dedcc8cfc5cdd5363ef249e130f654f259a371e5441feef377a68a4e2c,2,False,True,True,0.5,0.6309,0.4245,low,True,False,primary,0.4245,0.4245,"{""primary"": {""prediction_count"": 7, ""top1_id"": ""50d146dedcc8cfc5cdd5363ef249e130f654f259a371e5441feef377a68a4e2c"", ""top1_score"": 0.4245}, ""publisher_as_title"": {""prediction_count"": 0, ""top1_id"": """", ""top1_score"": 0.0}, ""title_plus_publisher"": {""prediction_count"": 10, ""top1_id"": ""50d146dedcc8cfc5cdd5363ef249e130f654f259a371e5441feef377a68a4e2c"", ""top1_score"": 0.4966}, ""title_publisher_swapped"": {""prediction_count"": 0, ""top1_id"": """", ""top1_score"": 0.0}}",medium,assessment_naming_regime,adoption_state_high_risk,standard_catalog_mapping,assessment_publisher_missing,no,yes,no,50d146dedcc8cfc5cdd5363ef249e130f654f259a371e5441feef377a68a4e2c,0.4245,a193c1174801b4a108ad3fd62cc510746b53b05a1fa982ca1bd8689ec04f0d65,0.3744,56857edf7ee969e982d7a6aceec1cfa3310feeaa2665951d7257ecdbc8a6585e,0.2706,8367af1ee861498f27a54e66d30f33b33090a0df2400f4f8a3ae531dc462ef4b,0.2501,5cb3afc858d1ae3193e73fb9c24cb6de7480dd927d0db5309c407feaef9c3e00,0.2488,5b06019e75db74cb43ec4bcdbec2c6dc71392d6fca239bdc06827c808f38b72c,0.2275,61cd9bdcfd309ec294f0d5e279650ffd79c53359ee5edc84c0178605752c96d4,0.2228,,,,,,,assessment_like,assessment_gold_present_selection_issue,The Smarter Balanced Assessment System,The Smarter Balanced Assessment System,Assessment,Smarter Balanced,False,False,False,standard_catalog_mapping
0047b12057e6340cded0279f1ae540f845afbc5962e0e6470f3873f12e687f4c,CA,fastbridge,,Math,Assessment,5,5a61bd63948ea0f4e69b6b3fc3db322c4fcbb1d3056ba0df85ca77ced410f760,2024-2025,missing,5a61bd63948ea0f4e69b6b3fc3db322c4fcbb1d3056ba0df85ca77ced410f760,5a61bd63948ea0f4e69b6b3fc3db322c4fcbb1d3056ba0df85ca77ced410f760,5a61bd63948ea0f4e69b6b3fc3db322c4fcbb1d3056ba0df85ca77ced410f760,1,True,True,True,1.0,1.0,0.4297,low,True,False,primary,0.4297,0.4297,"{""primary"": {""prediction_count"": 1, ""top1_id"": ""5a61bd63948ea0f4e69b6b3fc3db322c4fcbb1d3056ba0df85ca77ced410f760"", ""top1_score"": 0.4297}, ""publisher_as_title"": {""prediction_count"": 0, ""top1_id"": """", ""top1_score"": 0.0}, ""title_plus_publisher"": {""prediction_count"": 2, ""top1_id"": ""5a61bd63948ea0f4e69b6b3fc3db322c4fcbb1d3056ba0df85ca77ced410f760"", ""top1_score"": 0.4758}, ""title_publisher_swapped"": {""prediction_count"": 0, ""top1_id"": """", ""top1_score"": 0.0}}",sparse,assessment_naming_regime,adoption_state_high_risk,standard_catalog_mapping,assessment_short_or_acronym_title,yes,yes,no,5a61bd63948ea0f4e69b6b3fc3db322c4fcbb1d3056ba0df85ca77ced410f760,0.4297,,,,,,,,,,,,,,,,,,,assessment_like,assessment_like_consistent,FastBridge,FastBridge,Assessment,Illuminate Education,False,False,False,standard_catalog_mapping
004a83b3e4c5870d433711cf0164d3fee1fc393a03b413c61ef1d8f9538d3c15,CA,Smarter Balanced Summative Assessments,,Math,Assessment,3,a193c1174801b4a108ad3fd62cc510746b53b05a1fa982ca1bd8689ec04f0d65,2023-2024,missing,a193c1174801b4a108ad3fd62cc510746b53b05a1fa982ca1bd8689ec04f0d65,a193c1174801b4a108ad3fd62cc510746b53b05a1fa982ca1bd8689ec04f0d65,a193c1174801b4a108ad3fd62cc510746b53b05a1fa982ca1bd8689ec04f0d65,1,True,True,True,1.0,1.0,0.3744,low,True,False,primary,0.3744,0.3744,"{""primary"": {""prediction_count"": 7, ""top1_id"": ""a193c1174801b4a108ad3fd62cc510746b53b05a1fa982ca1bd8689ec04f0d65"", ""top1_score"": 0.3744}, ""publisher_as_title"": {""prediction_count"": 0, ""top1_id"": """", ""top1_score"": 0.0}, ""title_plus_publisher"": {""prediction_count"": 10, ""top1_id"": ""a193c1174801b4a108ad3fd62cc510746b53b05a1fa982ca1bd8689ec04f0d65"", ""top1_score"": 0.4095}, ""title_publisher_swapped"": {""prediction_count"": 0, ""top1_id"": """", ""top1_score"": 0.0}}",medium,assessment_naming_regime,adoption_state_high_risk,standard_catalog_mapping,assessment_publisher_missing,no,yes,no,a193c1174801b4a108ad3fd62cc510746b53b05a1fa982ca1bd8689ec04f0d65,0.3744,50d146dedcc8cfc5cdd5363ef249e130f654f259a371e5441feef377a68a4e2c,0.2745,56857edf7ee969e982d7a6aceec1cfa3310feeaa2665951d7257ecdbc8a6585e,0.2706,8367af1ee861498f27a54e66d30f33b33090a0df2400f4f8a3ae531dc462ef4b,0.2501,5cb3afc858d1ae3193e73fb9c24cb6de7480dd927d0db5309c407feaef9c3e00,0.2488,5b06019e75db74cb43ec4bcdbec2c6dc71392d6fca239bdc06827c808f38b72c,0.2275,61cd9bdcfd309ec294f0d5e279650ffd79c53359ee5edc84c0178605752c96d4,0.2228,,,,,,,assessment_like,assessment_like_consistent,The Smarter Balanced Assessment System,The Smarter Balanced Assessment System,Assessment,Smarter Balanced,False,False,False,standard_catalog_mapping
004e582ed7d5bddf63b2d3948cc92096f3fa404b66213fb5cf06970e298775ce,CA,CAASPP,,Math,Assessment,11,5b06019e75db74cb43ec4bcdbec2c6dc71392d6fca239bdc06827c808f38b72c,2024-2025,missing,5b06019e75db74cb43ec4bcdbec2c6dc71392d6fca239bdc06827c808f38b72c,5b06019e75db74cb43ec4bcdbec2c6dc71392d6fca239bdc06827c808f38b72c,986557ff1b5e847f69566fa2a2c885c990e3f4c01316cc0d5455b94f9435e858,0,False,False,False,0.0,0.0,0.2722,very_low,True,True,title_plus_publisher,0.0,0.2722,"{""primary"": {""prediction_count"": 0, ""top1_id"": """", ""top1_score"": 0.0}, ""publisher_as_title"": {""prediction_count"": 0, ""top1_id"": """", ""top1_score"": 0.0}, ""title_plus_publisher"": {""prediction_count"": 2, ""top1_id"": ""986557ff1b5e847f69566fa2a2c885c990e3f4c01316cc0d5455b94f9435e858"", ""top1_score"": 0.2722}, ""title_publisher_swapped"": {""prediction_count"": 0, ""top1_id"": """", ""top1_score"": 0.0}}",sparse,assessment_naming_regime,adoption_state_high_risk,standard_catalog_mapping,assessment_short_or_acronym_title,yes,yes,no,986557ff1b5e847f69566fa2a2c885c990e3f4c01316cc0d5455b94f9435e858,0.2722,47321e3d59430b36798a9b6fc2c7f228174e0ab66703f1bdd52c372d0b03f8bd,0.2338,,,,,,,,,,,,,,,,,assessment_like,assessment_like_consistent,State Created Assessments,State Created Assessments,Assessment,State Created Materials,False,False,False,standard_catalog_mapping
005ef02216bab809fe808fd99d4a1acb6d668b291cc67e0153959bce3dcccbe6,CA,Smarter Balanced Assessment (SBAC),,Math,Assessment,12,a193c1174801b4a108ad3fd62cc510746b53b05a1fa982ca1bd8689ec04f0d65,2023-2024,missing,a193c1174801b4a108ad3fd62cc510746b53b05a1fa982ca1bd8689ec04f0d65,a193c1174801b4a108ad3fd62cc510746b53b05a1fa982ca1bd8689ec04f0d65,a193c1174801b4a108ad3fd62cc510746b53b05a1fa982ca1bd8689ec04f0d65,1,True,True,True,1.0,1.0,0.391,low,True,False,primary,0.391,0.391,"{""primary"": {""prediction_count"": 5, ""top1_id"": ""a193c1174801b4a108ad3fd62cc510746b53b05a1fa982ca1bd8689ec04f0d65"", ""top1_score"": 0.391}, ""publisher_as_title"": {""prediction_count"": 0, ""top1_id"": """", ""top1_score"": 0.0}, ""title_plus_publisher"": {""prediction_count"": 10, ""top1_id"": ""9dd0c90108536065476ec1ae297cb6e1f96482c23a49dc06cd6cb9245359e25d"", ""top1_score"": 0.4994}, ""title_publisher_swapped"": {""prediction_count"": 0, ""top1_id"": """", ""top1_score"": 0.0}}",medium,assessment_naming_regime,adoption_state_high_risk,standard_catalog_mapping,assessment_publisher_missing,no,yes,no,a193c1174801b4a108ad3fd62cc510746b53b05a1fa982ca1bd8689ec04f0d65,0.391,56857edf7ee969e982d7a6aceec1cfa3310feeaa2665951d7257ecdbc8a6585e,0.27,5cb3afc858d1ae3193e73fb9c24cb6de7480dd927d0db5309c407feaef9c3e00,0.2538,50d146dedcc8cfc5cdd5363ef249e130f654f259a371e5441feef377a68a4e2c,0.2517,5b06019e75db74cb43ec4bcdbec2c6dc71392d6fca239bdc06827c808f38b72c,0.2252,,,,,,,,,,,assessment_like,assessment_like_consistent,The Smarter Balanced Assessment System,The Smarter Balanced Assessment System,Assessment,Smarter Balanced,False,False,False,standard_catalog_mapping
0066d36346d8404861a4d7d04ef0353156317b71be1737d12f040982dba45ebe,CA,i-Ready,,Math,Assessment,7,56857edf7ee969e982d7a6aceec1cfa3310feeaa2665951d7257ecdbc8a6585e,2024-2025,missing,56857edf7ee969e982d7a6aceec1cfa3310feeaa2665951d7257ecdbc8a6585e,56857edf7ee969e982d7a6aceec1cfa3310feeaa2665951d7257ecdbc8a6585e,938eeb820d597c9f049fe4d48ec94efb92d40901e5ef96207afec8bde462347a,0,False,False,False,0.0,0.0,0.4503,low,True,True,title_plus_publisher,0.0,0.4503,"{""primary"": {""prediction_count"": 0, ""top1_id"": """", ""top1_score"": 0.0}, ""publisher_as_title"": {""prediction_count"": 0, ""top1_id"": """", ""top1_score"": 0.0}, ""title_plus_publisher"": {""prediction_count"": 3, ""top1_id"": ""938eeb820d597c9f049fe4d48ec94efb92d40901e5ef96207afec8bde462347a"", ""top1_score"": 0.4503}, ""title_publisher_swapped"": {""prediction_count"": 0, ""top1_id"": """", ""top1_score"": 0.0}}",sparse,assessment_naming_regime,adoption_state_high_risk,standard_catalog_mapping,assessment_short_or_acronym_title,yes,yes,no,938eeb820d597c9f049fe4d48ec94efb92d40901e5ef96207afec8bde462347a,0.4503,b5fd096a28f78fadf9972f2407f5ec592ecbc67998cadb981d85d19a3d42bc54,0.344,893dc5550cae6564562e64e51d38ad9a8e5a6de8ccba406ca5ca5a86afd25671,0.3176,,,,,,,,,,,,,,,assessment_like,assessment_like_consistent,i-Ready Assessment,i-Ready Assessment,Assessment,Curriculum Associates,False,False,False,standard_catalog_mapping
002132c5b6925aba95593336619087b5bfe0c3a2dd10b2281f446c276aae50b3,CA,NWEA MAP,NWEA,Math,Assessment,8,9e229bfb2ece2adf64374f0207d12d981a7b227230351e4089b4ab7f24187233,2024-2025,present,9e229bfb2ece2adf64374f0207d12d981a7b227230351e4089b4ab7f24187233,9e229bfb2ece2adf64374f0207d12d981a7b227230351e4089b4ab7f24187233,3d6c5002a86d064608d518b7041d788d11bb1e498c257f4076fbf446f64e6826,3,False,True,True,0.3333,0.5,0.5497,medium,True,False,primary,0.5497,0.5497,"{""primary"": {""prediction_count"": 4, ""top1_id"": ""3d6c5002a86d064608d518b7041d788d11bb1e498c257f4076fbf446f64e6826"", ""top1_score"": 0.5497}, ""publisher_as_title"": {""prediction_count"": 0, ""top1_id"": """", ""top1_score"": 0.0}, ""title_plus_publisher"": {""prediction_count"": 4, ""top1_id"": ""3d6c5002a86d064608d518b7041d788d11bb1e498c257f4076fbf446f64e6826"", ""top1_score"": 0.5571}, ""title_publisher_swapped"": {""prediction_count"": 0, ""top1_id"": """", ""top1_score"": 0.0}}",medium,assessment_naming_regime,adoption_state_high_risk,standard_catalog_mapping,assessment_short_or_acronym_title,yes,no,no,3d6c5002a86d064608d518b7041d788d11bb1e498c257f4076fbf446f64e6826,0.5497,dee0f2790440685546f3d5dba2a914e5d10319529e1129e4e363d41af2d536db,0.5292,9e229bfb2ece2adf64374f0207d12d981a7b227230351e4089b4ab7f24187233,0.527,6dc83f19f2778e373de44f283c4580bf6b2f7f496f696fbeba6cc0e9d33bf706,0.5191,,,,,,,,,,,,,assessment_like,assessment_gold_present_selection_issue,NWEA: MAP Reading Fluency,MAP Suite,Assessment,Northwest Evaluation Association (NWEA),False,False,False,standard_catalog_mapping
004866ab8926344af0eb66c0aca3149531b35fa3922684f33ed0a000960d44e2,CA,NWEA,NWEA,Math,Assessment,K,6dc83f19f2778e373de44f283c4580bf6b2f7f496f696fbeba6cc0e9d33bf706,2024-2025,present,6dc83f19f2778e373de44f283c4580bf6b2f7f496f696fbeba6cc0e9d33bf706,6dc83f19f2778e373de44f283c4580bf6b2f7f496f696fbeba6cc0e9d33bf706,356587fcd3e0eeca0b0968b9ced0774601f4779ac82929afc08d562fc79f0305,0,False,False,False,0.0,0.0,0.4019,low,True,True,title_plus_publisher,0.0,0.4019,"{""primary"": {""prediction_count"": 0, ""top1_id"": """", ""top1_score"": 0.0}, ""publisher_as_title"": {""prediction_count"": 0, ""top1_id"": """", ""top1_score"": 0.0}, ""title_plus_publisher"": {""prediction_count"": 1, ""top1_id"": ""356587fcd3e0eeca0b0968b9ced0774601f4779ac82929afc08d562fc79f0305"", ""top1_score"": 0.4019}, ""title_publisher_swapped"": {""prediction_count"": 0, ""top1_id"": """", ""top1_score"": 0.0}}",medium,assessment_naming_regime,adoption_state_high_risk,standard_catalog_mapping,assessment_short_or_acronym_title,yes,no,no,356587fcd3e0eeca0b0968b9ced0774601f4779ac82929afc08d562fc79f0305,0.4019,,,,,,,,,,,,,,,,,,,assessment_like,assessment_like_consistent,NWEA: MAP Accelerator,MAP Suite,Assessment,Northwest Evaluation Association (NWEA),False,False,False,standard_catalog_mapping
0065a230a0a01fb2f8621aa8c46a8df32e71981b982c55688480ae4843163380,CA,i-Ready,Curriculum Associates,Math,Assessment,11,56857edf7ee969e982d7a6aceec1cfa3310feeaa2665951d7257ecdbc8a6585e,2024-2025,present,56857edf7ee969e982d7a6aceec1cfa3310feeaa2665951d7257ecdbc8a6585e,56857edf7ee969e982d7a6aceec1cfa3310feeaa2665951d7257ecdbc8a6585e,60d094eed8d0e64c3dd27faa5eee3d4db85ce3625e14e6c75133cffc9117fe68,0,False,False,False,0.0,0.0,0.6104,medium,True,True,publisher_as_title,0.0,0.6104,"{""primary"": {""prediction_count"": 0, ""top1_id"": """", ""top1_score"": 0.0}, ""publisher_as_title"": {""prediction_count"": 1, ""top1_id"": ""60d094eed8d0e64c3dd27faa5eee3d4db85ce3625e14e6c75133cffc9117fe68"", ""top1_score"": 0.6104}, ""title_plus_publisher"": {""prediction_count"": 0, ""top1_id"": """", ""top1_score"": 0.0}, ""title_publisher_swapped"": {""prediction_count"": 1, ""top1_id"": ""60d094eed8d0e64c3dd27faa5eee3d4db85ce3625e14e6c75133cffc9117fe68"", ""top1_score"": 0.4354}}",medium,assessment_naming_regime,adoption_state_high_risk,standard_catalog_mapping,assessment_short_or_acronym_title,yes,no,no,60d094eed8d0e64c3dd27faa5eee3d4db85ce3625e14e6c75133cffc9117fe68,0.6104,,,,,,,,,,,,,,,,,,,assessment_like,assessment_like_consistent,i-Ready Assessment,i-Ready Assessment,Assessment,Curriculum Associates,False,False,False,standard_catalog_mapping
007ec1747ab3fca9cb258121cb5781ddcabda90ed0207b12b2f7a6730b0020fe,CA,The Smarter Balanced Assessment System,Smarter Balanced,Math,Assessment,3,a193c1174801b4a108ad3fd62cc510746b53b05a1fa982ca1bd8689ec04f0d65,2023-2024,present,a193c1174801b4a108ad3fd62cc510746b53b05a1fa982ca1bd8689ec04f0d65,a193c1174801b4a108ad3fd62cc510746b53b05a1fa982ca1bd8689ec04f0d65,a193c1174801b4a108ad3fd62cc510746b53b05a1fa982ca1bd8689ec04f0d65,1,True,True,True,1.0,1.0,0.7024,medium,False,False,primary,0.7024,0.7024,"{""primary"": {""prediction_count"": 5, ""top1_id"": ""a193c1174801b4a108ad3fd62cc510746b53b05a1fa982ca1bd8689ec04f0d65"", ""top1_score"": 0.7024}}",rich,assessment_naming_regime,adoption_state_high_risk,standard_catalog_mapping,assessment_other,no,no,no,a193c1174801b4a108ad3fd62cc510746b53b05a1fa982ca1bd8689ec04f0d65,0.7024,50d146dedcc8cfc5cdd5363ef249e130f654f259a371e5441feef377a68a4e2c,0.3561,5b06019e75db74cb43ec4bcdbec2c6dc71392d6fca239bdc06827c808f38b72c,0.3459,5cb3afc858d1ae3193e73fb9c24cb6de7480dd927d0db5309c407feaef9c3e00,0.3249,15314462521e6b9e3db2705f00a295c7af08fdfedb72bea3706fa345554acb9e,0.2818,,,,,,,,,,,assessment_like,assessment_like_consistent,The Smarter Balanced Assessment System,The Smarter Balanced Assessment System,Assessment,Smarter Balanced,False,False,False,standard_catalog_mapping
0021e24406e06b8a9a202dc60c5e8897a5e6eff5d06256ee1a801c0e3014dcbf,CO,CogAT,,Math,Assessment,5,69c32ed9800fe6da88b88176939e92733b203ac983b6fdcb1f57f68929858826,2023-2024,missing,69c32ed9800fe6da88b88176939e92733b203ac983b6fdcb1f57f68929858826,69c32ed9800fe6da88b88176939e92733b203ac983b6fdcb1f57f68929858826,01af0b43c028382cc8353d96c7d6a91dfd6339d8f60a24ad5f02f5e6486dcbbd,0,False,False,False,0.0,0.0,0.354,low,True,True,title_plus_publisher,0.0,0.354,"{""primary"": {""prediction_count"": 0, ""top1_id"": """", ""top1_score"": 0.0}, ""publisher_as_title"": {""prediction_count"": 0, ""top1_id"": """", ""top1_score"": 0.0}, ""title_plus_publisher"": {""prediction_count"": 4, ""top1_id"": ""01af0b43c028382cc8353d96c7d6a91dfd6339d8f60a24ad5f02f5e6486dcbbd"", ""top1_score"": 0.354}, ""title_publisher_swapped"": {""prediction_count"": 0, ""top1_id"": """", ""top1_score"": 0.0}}",sparse,assessment_naming_regime,standard_state,standard_catalog_mapping,assessment_short_or_acronym_title,yes,yes,no,01af0b43c028382cc8353d96c7d6a91dfd6339d8f60a24ad5f02f5e6486dcbbd,0.354,bc89e27facdda78a185c3abcf389dd71c2ca84ced1cfabd9fbbab253e6ad52e8,0.2892,44e3080cb989d5ae104ac5f115d1f9677bd4b0991bf30630d0f7113b7bcb6fee,0.2821,89ff1e8788dfa2c44bc425caa1ddf1a7c22dc223f9baa36e6213a508124a94c8,0.2478,,,,,,,,,,,,,assessment_like,assessment_like_consistent,Cognitive Abilities Test (CogAT),Cognitive Abilities Test (CogAT),Assessment,Riverside Insights,False,False,False,standard_catalog_mapping
006a9389547f730f6be8d1e2979f990a119dc75c8a36cc88f06969aeb98f6d30,CO,iReady Math,,Math,Assessment,10,56857edf7ee969e982d7a6aceec1cfa3310feeaa2665951d7257ecdbc8a6585e,2024-2025,missing,56857edf7ee969e982d7a6aceec1cfa3310feeaa2665951d7257ecdbc8a6585e,56857edf7ee969e982d7a6aceec1cfa3310feeaa2665951d7257ecdbc8a6585e,622b8e3bf66d9b428d8b45aa0af053698804e7b3dae2b0098f7c65d60c4ecf9b,0,False,False,False,0.0,0.0,0.4739,low,True,True,title_plus_publisher,0.0,0.4739,"{""primary"": {""prediction_count"": 0, ""top1_id"": """", ""top1_score"": 0.0}, ""publisher_as_title"": {""prediction_count"": 0, ""top1_id"": """", ""top1_score"": 0.0}, ""title_plus_publisher"": {""prediction_count"": 10, ""top1_id"": ""622b8e3bf66d9b428d8b45aa0af053698804e7b3dae2b0098f7c65d60c4ecf9b"", ""top1_score"": 0.4739}, ""title_publisher_swapped"": {""prediction_count"": 0, ""top1_id"": """", ""top1_score"": 0.0}}",sparse,assessment_naming_regime,standard_state,standard_catalog_mapping,assessment_short_or_acronym_title,yes,yes,no,622b8e3bf66d9b428d8b45aa0af053698804e7b3dae2b0098f7c65d60c4ecf9b,0.4739,2bab67db5ae7552970828983fbd7bc441bc3f83087ea0eebaf18b5ec496d0fe5,0.4547,2fa61191609dbbcaf2ad778a86135db82e24aedf409d68e4b8ec6b521a9a5597,0.4453,fb4f620c27277af063dc5164051dfd0858ecb996f9949a58b9a63e092532cbc5,0.4442,b7fa2e4a434ea8b4a27ccca72480ad48d1113731f072a341e2cd7bb1fdd7c4ee,0.4167,924385975fe9453abceb174a4590f1b2f8e36bfaafc1df892d9ca1b65ebcb152,0.4057,63a3f4653ba0f1cced820055849f6aa291ed62efb7ceed0229bf2a6899db23d2,0.403,eb433f69407f866fedd0232aee3a2af4f76bb0fc597e1f3fbd2b39e6fbbefd73,0.3995,a73f0a71bb33426e1b53712f8b3bf6b260a40509aec364faed483f8e6e09a064,0.3825,e5827a2275577105995baf249895b794e99a62353d9d1e72edc7d451dabcc465,0.3798,assessment_like,assessment_like_consistent,i-Ready Assessment,i-Ready Assessment,Assessment,Curriculum Associates,False,False,False,standard_catalog_mapping
009844c45dbaa1fc7b08075f94f78d2476817aa764972eb4c7cc66a7e37f8621,CO,SAT,,Math,Assessment,11,44e3080cb989d5ae104ac5f115d1f9677bd4b0991bf30630d0f7113b7bcb6fee,2024-2025,missing,44e3080cb989d5ae104ac5f115d1f9677bd4b0991bf30630d0f7113b7bcb6fee,44e3080cb989d5ae104ac5f115d1f9677bd4b0991bf30630d0f7113b7bcb6fee,44e3080cb989d5ae104ac5f115d1f9677bd4b0991bf30630d0f7113b7bcb6fee,1,True,True,True,1.0,1.0,0.5106,medium,True,True,title_plus_publisher,0.3724,0.5106,"{""primary"": {""prediction_count"": 1, ""top1_id"": ""44e3080cb989d5ae104ac5f115d1f9677bd4b0991bf30630d0f7113b7bcb6fee"", ""top1_score"": 0.3724}, ""publisher_as_title"": {""prediction_count"": 0, ""top1_id"": """", ""top1_score"": 0.0}, ""title_plus_publisher"": {""prediction_count"": 3, ""top1_id"": ""44e3080cb989d5ae104ac5f115d1f9677bd4b0991bf30630d0f7113b7bcb6fee"", ""top1_score"": 0.5106}, ""title_publisher_swapped"": {""prediction_count"": 0, ""top1_id"": """", ""top1_score"": 0.0}}",sparse,assessment_naming_regime,standard_state,standard_catalog_mapping,assessment_short_or_acronym_title,yes,yes,no,44e3080cb989d5ae104ac5f115d1f9677bd4b0991bf30630d0f7113b7bcb6fee,0.5106,89ff1e8788dfa2c44bc425caa1ddf1a7c22dc223f9baa36e6213a508124a94c8,0.3478,e68a5b1beee66c66a24185ee630717efe9efd82b4dd439b407a4e8b2e46031c3,0.3132,,,,,,,,,,,,,,,assessment_like,assessment_like_consistent,SAT,SAT,Assessment,College Board,False,False,False,standard_catalog_mapping
001db3d02529cffb2b62c5612be760be9d8ada3441effebcb8a1ed7cc9b1452d,FL,NAEP,,Math,Assessment,8,d0f524831b4a5fb961609a8dce8c85a7364ee9eb9853a8a80932b6835801feba,2024-2025,missing,d0f524831b4a5fb961609a8dce8c85a7364ee9eb9853a8a80932b6835801feba,d0f524831b4a5fb961609a8dce8c85a7364ee9eb9853a8a80932b6835801feba,d0f524831b4a5fb961609a8dce8c85a7364ee9eb9853a8a80932b6835801feba,1,True,True,True,1.0,1.0,0.3948,low,True,False,primary,0.3948,0.3948,"{""primary"": {""prediction_count"": 4, ""top1_id"": ""d0f524831b4a5fb961609a8dce8c85a7364ee9eb9853a8a80932b6835801feba"", ""top1_score"": 0.3948}, ""publisher_as_title"": {""prediction_count"": 0, ""top1_id"": """", ""top1_score"": 0.0}, ""title_plus_publisher"": {""prediction_count"": 8, ""top1_id"": ""d0f524831b4a5fb961609a8dce8c85a7364ee9eb9853a8a80932b6835801feba"", ""top1_score"": 0.4035}, ""title_publisher_swapped"": {""prediction_count"": 0, ""top1_id"": """", ""top1_score"": 0.0}}",sparse,assessment_naming_regime,adoption_state_high_risk,standard_catalog_mapping,assessment_short_or_acronym_title,yes,yes,no,d0f524831b4a5fb961609a8dce8c85a7364ee9eb9853a8a80932b6835801feba,0.3948,a54af1e33dd7fae2dc57413086ce85c49665116fcd410e0d403fb05ceb79c542,0.2498,9b41baefd0d7404d6bedc57ef09f5077e74359bcae70236a76c1418927415066,0.2042,7c5a80ae2b4ce40c9419c777933d5ce858c0c8479965dd8ae9f95086723e199c,0.1935,,,,,,,,,,,,,assessment_like,assessment_like_consistent,National Assessment of Educational Progress (NAEP),National Assessment of Educational Progress (NAEP),Assessment,U.S. Department of Education,False,False,False,standard_catalog_mapping
003810f3f52db318f327ff4344a5e09025d0215d3c280f18d0abe821c346724d,FL,NAEP Mathematics,,Math,Assessment,4,d0f524831b4a5fb961609a8dce8c85a7364ee9eb9853a8a80932b6835801feba,2023-2024,missing,d0f524831b4a5fb961609a8dce8c85a7364ee9eb9853a8a80932b6835801feba,d0f524831b4a5fb961609a8dce8c85a7364ee9eb9853a8a80932b6835801feba,d0f524831b4a5fb961609a8dce8c85a7364ee9eb9853a8a80932b6835801feba,1,True,True,True,1.0,1.0,0.3611,low,True,False,primary,0.3611,0.3611,"{""primary"": {""prediction_count"": 2, ""top1_id"": ""d0f524831b4a5fb961609a8dce8c85a7364ee9eb9853a8a80932b6835801feba"", ""top1_score"": 0.3611}, ""publisher_as_title"": {""prediction_count"": 0, ""top1_id"": """", ""top1_score"": 0.0}, ""title_plus_publisher"": {""prediction_count"": 7, ""top1_id"": ""6ae3276c183939249d0f504d63b491a546294a5f38ef8bf31c849923cac6ee42"", ""top1_score"": 0.4233}, ""title_publisher_swapped"": {""prediction_count"": 0, ""top1_id"": """", ""top1_score"": 0.0}}",sparse,assessment_naming_regime,adoption_state_high_risk,standard_catalog_mapping,assessment_short_or_acronym_title,yes,yes,no,d0f524831b4a5fb961609a8dce8c85a7364ee9eb9853a8a80932b6835801feba,0.3611,a54af1e33dd7fae2dc57413086ce85c49665116fcd410e0d403fb05ceb79c542,0.2286,,,,,,,,,,,,,,,,,assessment_like,assessment_like_consistent,National Assessment of Educational Progress (NAEP),National Assessment of Educational Progress (NAEP),Assessment,U.S. Department of Education,False,False,False,standard_catalog_mapping
004373ecd5c8295a607173f8445140a9ea4483b2e59df59760918e16fa8e8dc2,FL,CogAT,,Math,Assessment,2,69c32ed9800fe6da88b88176939e92733b203ac983b6fdcb1f57f68929858826,2023-2024,missing,69c32ed9800fe6da88b88176939e92733b203ac983b6fdcb1f57f68929858826,69c32ed9800fe6da88b88176939e92733b203ac983b6fdcb1f57f68929858826,01af0b43c028382cc8353d96c7d6a91dfd6339d8f60a24ad5f02f5e6486dcbbd,0,False,False,False,0.0,0.0,0.354,low,True,True,title_plus_publisher,0.0,0.354,"{""primary"": {""prediction_count"": 0, ""top1_id"": """", ""top1_score"": 0.0}, ""publisher_as_title"": {""prediction_count"": 0, ""top1_id"": """", ""top1_score"": 0.0}, ""title_plus_publisher"": {""prediction_count"": 4, ""top1_id"": ""01af0b43c028382cc8353d96c7d6a91dfd6339d8f60a24ad5f02f5e6486dcbbd"", ""top1_score"": 0.354}, ""title_publisher_swapped"": {""prediction_count"": 0, ""top1_id"": """", ""top1_score"": 0.0}}",sparse,assessment_naming_regime,adoption_state_high_risk,standard_catalog_mapping,assessment_short_or_acronym_title,yes,yes,no,01af0b43c028382cc8353d96c7d6a91dfd6339d8f60a24ad5f02f5e6486dcbbd,0.354,bc89e27facdda78a185c3abcf389dd71c2ca84ced1cfabd9fbbab253e6ad52e8,0.2892,44e3080cb989d5ae104ac5f115d1f9677bd4b0991bf30630d0f7113b7bcb6fee,0.2821,89ff1e8788dfa2c44bc425caa1ddf1a7c22dc223f9baa36e6213a508124a94c8,0.2478,,,,,,,,,,,,,assessment_like,assessment_like_consistent,Cognitive Abilities Test (CogAT),Cognitive Abilities Test (CogAT),Assessment,Riverside Insights,False,False,False,standard_catalog_mapping
005b47fb2adc922bd0d6a85f5852372b6961d5237ed564613f0de63ef7de7b39,FL,FAST PM1,,Math,Assessment,8,5b06019e75db74cb43ec4bcdbec2c6dc71392d6fca239bdc06827c808f38b72c,2024-2025,missing,5b06019e75db74cb43ec4bcdbec2c6dc71392d6fca239bdc06827c808f38b72c,5b06019e75db74cb43ec4bcdbec2c6dc71392d6fca239bdc06827c808f38b72c,fb4f620c27277af063dc5164051dfd0858ecb996f9949a58b9a63e092532cbc5,0,False,False,False,0.0,0.0,0.4408,low,True,True,title_plus_publisher,0.0,0.4408,"{""primary"": {""prediction_count"": 0, ""top1_id"": """", ""top1_score"": 0.0}, ""publisher_as_title"": {""prediction_count"": 0, ""top1_id"": """", ""top1_score"": 0.0}, ""title_plus_publisher"": {""prediction_count"": 2, ""top1_id"": ""fb4f620c27277af063dc5164051dfd0858ecb996f9949a58b9a63e092532cbc5"", ""top1_score"": 0.4408}, ""title_publisher_swapped"": {""prediction_count"": 0, ""top1_id"": """", ""top1_score"": 0.0}}",sparse,assessment_naming_regime,adoption_state_high_risk,standard_catalog_mapping,assessment_short_or_acronym_title,yes,yes,no,fb4f620c27277af063dc5164051dfd0858ecb996f9949a58b9a63e092532cbc5,0.4408,e68a5b1beee66c66a24185ee630717efe9efd82b4dd439b407a4e8b2e46031c3,0.2918,,,,,,,,,,,,,,,,,assessment_like,assessment_like_consistent,State Created Assessments,State Created Assessments,Assessment,State Created Materials,False,False,False,standard_catalog_mapping
006077c33baf274fc93a44ee1c2d2a9dcbb535f89e89f2ee2a7ac23952cdf9de,FL,NAEP,,Math,Assessment,12,d0f524831b4a5fb961609a8dce8c85a7364ee9eb9853a8a80932b6835801feba,2024-2025,missing,d0f524831b4a5fb961609a8dce8c85a7364ee9eb9853a8a80932b6835801feba,d0f524831b4a5fb961609a8dce8c85a7364ee9eb9853a8a80932b6835801feba,a54af1e33dd7fae2dc57413086ce85c49665116fcd410e0d403fb05ceb79c542,2,False,True,True,0.5,0.6309,0.3998,low,True,False,primary,0.3998,0.3998,"{""primary"": {""prediction_count"": 4, ""top1_id"": ""a54af1e33dd7fae2dc57413086ce85c49665116fcd410e0d403fb05ceb79c542"", ""top1_score"": 0.3998}, ""publisher_as_title"": {""prediction_count"": 0, ""top1_id"": """", ""top1_score"": 0.0}, ""title_plus_publisher"": {""prediction_count"": 8, ""top1_id"": ""a54af1e33dd7fae2dc57413086ce85c49665116fcd410e0d403fb05ceb79c542"", ""top1_score"": 0.4322}, ""title_publisher_swapped"": {""prediction_count"": 0, ""top1_id"": """", ""top1_score"": 0.0}}",sparse,assessment_naming_regime,adoption_state_high_risk,standard_catalog_mapping,assessment_short_or_acronym_title,yes,yes,no,a54af1e33dd7fae2dc57413086ce85c49665116fcd410e0d403fb05ceb79c542,0.3998,d0f524831b4a5fb961609a8dce8c85a7364ee9eb9853a8a80932b6835801feba,0.3948,9b41baefd0d7404d6bedc57ef09f5077e74359bcae70236a76c1418927415066,0.2042,7c5a80ae2b4ce40c9419c777933d5ce858c0c8479965dd8ae9f95086723e199c,0.1935,,,,,,,,,,,,,assessment_like,assessment_gold_present_selection_issue,National Assessment of Educational Progress (NAEP),National Assessment of Educational Progress (NAEP),Assessment,U.S. Department of Education,False,False,False,standard_catalog_mapping
01dc75ae75c2a1943f33198ef26ce78b4ab0fed5424651d08bf7bf2d7503ee10,FL,i-Ready Math,iReady,Math,Assessment,8,56857edf7ee969e982d7a6aceec1cfa3310feeaa2665951d7257ecdbc8a6585e,2024-2025,present,56857edf7ee969e982d7a6aceec1cfa3310feeaa2665951d7257ecdbc8a6585e,56857edf7ee969e982d7a6aceec1cfa3310feeaa2665951d7257ecdbc8a6585e,d7358459bdf54e14457492daefe1313931705f408c8549dd7e84f9e6b3c1a435,0,False,False,False,0.0,0.0,0.5924,medium,True,True,title_plus_publisher,0.0,0.5924,"{""primary"": {""prediction_count"": 0, ""top1_id"": """", ""top1_score"": 0.0}, ""publisher_as_title"": {""prediction_count"": 1, ""top1_id"": ""ec4c6b30034ea7b4c65e3b8c3577dc692f534d469645969c0c75470b1352f1bb"", ""top1_score"": 0.3778}, ""title_plus_publisher"": {""prediction_count"": 8, ""top1_id"": ""d7358459bdf54e14457492daefe1313931705f408c8549dd7e84f9e6b3c1a435"", ""top1_score"": 0.5924}, ""title_publisher_swapped"": {""prediction_count"": 1, ""top1_id"": ""ec4c6b30034ea7b4c65e3b8c3577dc692f534d469645969c0c75470b1352f1bb"", ""top1_score"": 0.4903}}",medium,assessment_naming_regime,adoption_state_high_risk,standard_catalog_mapping,assessment_other,no,no,no,d7358459bdf54e14457492daefe1313931705f408c8549dd7e84f9e6b3c1a435,0.5924,138112c4754319d3202c78823a5b20721fe7dabc74a27307411f1b2150279835,0.5794,69fd26ffdecc9e2739c3d47f6ce23fb2936a8d5b49bcb2d7d3b378b0e3f60408,0.4705,0f100e2c9d616e7b4a41967fb9a6b153c8a953010c77b359ad43302eb405f9d5,0.4566,5894f36923fce4e8b3c981cfe6d40265c191c85240831cd03ff7527662238caf,0.418,b5fd096a28f78fadf9972f2407f5ec592ecbc67998cadb981d85d19a3d42bc54,0.3732,dc51c30a8ee7be99f6badb7b70871fb1e096e2ccf7aa1c341529a95054d7ecaa,0.3279,ec4c6b30034ea7b4c65e3b8c3577dc692f534d469645969c0c75470b1352f1bb,0.2517,,,,,assessment_like,assessment_like_consistent,i-Ready Assessment,i-Ready Assessment,Assessment,Curriculum Associates,False,False,False,standard_catalog_mapping
000375fb35bff87b8785631752465dae33f4ef0624c6d73330eddaace850093c,GA,Georgia Alternate Assessment 2.0,,Math,Assessment,10,5b06019e75db74cb43ec4bcdbec2c6dc71392d6fca239bdc06827c808f38b72c,2023-2024,missing,5b06019e75db74cb43ec4bcdbec2c6dc71392d6fca239bdc06827c808f38b72c,5b06019e75db74cb43ec4bcdbec2c6dc71392d6fca239bdc06827c808f38b72c,5cb3afc858d1ae3193e73fb9c24cb6de7480dd927d0db5309c407feaef9c3e00,4,False,False,True,0.25,0.4307,0.3379,low,True,True,title_plus_publisher,0.1436,0.3379,"{""primary"": {""prediction_count"": 1, ""top1_id"": ""49fdf7b782db223819b0eca7d911af276ee475da16c0bee7aec4a08681c4bd35"", ""top1_score"": 0.1436}, ""publisher_as_title"": {""prediction_count"": 0, ""top1_id"": """", ""top1_score"": 0.0}, ""title_plus_publisher"": {""prediction_count"": 9, ""top1_id"": ""5cb3afc858d1ae3193e73fb9c24cb6de7480dd927d0db5309c407feaef9c3e00"", ""top1_score"": 0.3379}, ""title_publisher_swapped"": {""prediction_count"": 0, ""top1_id"": """", ""top1_score"": 0.0}}",medium,assessment_naming_regime,standard_state,standard_catalog_mapping,assessment_publisher_missing,no,yes,no,5cb3afc858d1ae3193e73fb9c24cb6de7480dd927d0db5309c407feaef9c3e00,0.3379,56857edf7ee969e982d7a6aceec1cfa3310feeaa2665951d7257ecdbc8a6585e,0.3343,50d146dedcc8cfc5cdd5363ef249e130f654f259a371e5441feef377a68a4e2c,0.3226,5b06019e75db74cb43ec4bcdbec2c6dc71392d6fca239bdc06827c808f38b72c,0.3214,7c5a80ae2b4ce40c9419c777933d5ce858c0c8479965dd8ae9f95086723e199c,0.3126,aff2c78f2e443a5f74499dc0cb9be976a05a5eda6e18afc924171758f90b63a3,0.2919,61cd9bdcfd309ec294f0d5e279650ffd79c53359ee5edc84c0178605752c96d4,0.2912,49fdf7b782db223819b0eca7d911af276ee475da16c0bee7aec4a08681c4bd35,0.2322,b764e53683e0865d736d8d00682a29f04ede4399e07e82ba6b8022a248feb7bf,0.2318,,,assessment_like,assessment_gold_present_selection_issue,State Created Assessments,State Created Assessments,Assessment,State Created Materials,False,False,False,standard_catalog_mapping
0006e585f60cb0b95f47acfef3963093e5d26244d6c2075e84732495ca5ba147,GA,GKIDS Readiness Check,,Math,Assessment,K,5b06019e75db74cb43ec4bcdbec2c6dc71392d6fca239bdc06827c808f38b72c,2023-2024,missing,5b06019e75db74cb43ec4bcdbec2c6dc71392d6fca239bdc06827c808f38b72c,5b06019e75db74cb43ec4bcdbec2c6dc71392d6fca239bdc06827c808f38b72c,,0,False,False,False,0.0,0.0,0.0,no_prediction,True,False,primary,0.0,0.0,"{""primary"": {""prediction_count"": 0, ""top1_id"": """", ""top1_score"": 0.0}, ""publisher_as_title"": {""prediction_count"": 0, ""top1_id"": """", ""top1_score"": 0.0}, ""title_plus_publisher"": {""prediction_count"": 0, ""top1_id"": """", ""top1_score"": 0.0}, ""title_publisher_swapped"": {""prediction_count"": 0, ""top1_id"": """", ""top1_score"": 0.0}}",medium,assessment_naming_regime,standard_state,standard_catalog_mapping,assessment_publisher_missing,no,yes,no,,,,,,,,,,,,,,,,,,,,,assessment_like,assessment_like_consistent,State Created Assessments,State Created Assessments,Assessment,State Created Materials,False,False,False,standard_catalog_mapping
002ca223fa9f50fd650b1ce9fb5b35689c5bdb3ab565f4f310cde8cfaf7b9726,GA,DRC BEACON,,Math,Assessment,8,741fc997fd25a8865284f8c8d30ded813933c318733d6b120df51f2bbe013958,2024-2025,missing,741fc997fd25a8865284f8c8d30ded813933c318733d6b120df51f2bbe013958,741fc997fd25a8865284f8c8d30ded813933c318733d6b120df51f2bbe013958,741fc997fd25a8865284f8c8d30ded813933c318733d6b120df51f2bbe013958,1,True,True,True,1.0,1.0,0.4328,low,True,False,primary,0.4328,0.4328,"{""primary"": {""prediction_count"": 1, ""top1_id"": ""741fc997fd25a8865284f8c8d30ded813933c318733d6b120df51f2bbe013958"", ""top1_score"": 0.4328}, ""publisher_as_title"": {""prediction_count"": 0, ""top1_id"": """", ""top1_score"": 0.0}, ""title_plus_publisher"": {""prediction_count"": 2, ""top1_id"": ""741fc997fd25a8865284f8c8d30ded813933c318733d6b120df51f2bbe013958"", ""top1_score"": 0.4974}, ""title_publisher_swapped"": {""prediction_count"": 0, ""top1_id"": """", ""top1_score"": 0.0}}",sparse,assessment_naming_regime,standard_state,standard_catalog_mapping,assessment_short_or_acronym_title,yes,yes,no,741fc997fd25a8865284f8c8d30ded813933c318733d6b120df51f2bbe013958,0.4328,,,,,,,,,,,,,,,,,,,assessment_like,assessment_like_consistent,DRC BEACON,DRC BEACON,Assessment,DRC (Data Recognition Corporation),False,False,False,standard_catalog_mapping
0000b8f2b6ae0a3f9440edc60a0e3576bd49f5b081d61fe9d482e4f059f9b41d,GA,MAP,NWEA,Math,Assessment,2,3d6c5002a86d064608d518b7041d788d11bb1e498c257f4076fbf446f64e6826,2023-2024,present,3d6c5002a86d064608d518b7041d788d11bb1e498c257f4076fbf446f64e6826,3d6c5002a86d064608d518b7041d788d11bb1e498c257f4076fbf446f64e6826,3d6c5002a86d064608d518b7041d788d11bb1e498c257f4076fbf446f64e6826,1,True,True,True,1.0,1.0,0.5024,medium,True,True,title_plus_publisher,0.0,0.5024,"{""primary"": {""prediction_count"": 0, ""top1_id"": """", ""top1_score"": 0.0}, ""publisher_as_title"": {""prediction_count"": 0, ""top1_id"": """", ""top1_score"": 0.0}, ""title_plus_publisher"": {""prediction_count"": 4, ""top1_id"": ""3d6c5002a86d064608d518b7041d788d11bb1e498c257f4076fbf446f64e6826"", ""top1_score"": 0.5024}, ""title_publisher_swapped"": {""prediction_count"": 0, ""top1_id"": """", ""top1_score"": 0.0}}",medium,assessment_naming_regime,standard_state,standard_catalog_mapping,assessment_short_or_acronym_title,yes,no,no,3d6c5002a86d064608d518b7041d788d11bb1e498c257f4076fbf446f64e6826,0.5024,9e229bfb2ece2adf64374f0207d12d981a7b227230351e4089b4ab7f24187233,0.4836,6dc83f19f2778e373de44f283c4580bf6b2f7f496f696fbeba6cc0e9d33bf706,0.4784,dee0f2790440685546f3d5dba2a914e5d10319529e1129e4e363d41af2d536db,0.4767,,,,,,,,,,,,,assessment_like,assessment_like_consistent,NWEA: MAP Suite,MAP Suite,Assessment,Northwest Evaluation Association (NWEA),False,False,False,standard_catalog_mapping
0015d6d4346500f73d163932975f829a6a27db0def9a9800b8a77786934dff22,IA,FAST Math,,Math,Assessment,4,5a61bd63948ea0f4e69b6b3fc3db322c4fcbb1d3056ba0df85ca77ced410f760,2024-2025,missing,5a61bd63948ea0f4e69b6b3fc3db322c4fcbb1d3056ba0df85ca77ced410f760,5a61bd63948ea0f4e69b6b3fc3db322c4fcbb1d3056ba0df85ca77ced410f760,af5d0855e19cde0d047a69a52580cd4907e3a94b92d17ece06f62a6ad2108064,0,False,False,False,0.0,0.0,0.5456,medium,True,True,title_plus_publisher,0.2612,0.5456,"{""primary"": {""prediction_count"": 2, ""top1_id"": ""fb4f620c27277af063dc5164051dfd0858ecb996f9949a58b9a63e092532cbc5"", ""top1_score"": 0.2612}, ""publisher_as_title"": {""prediction_count"": 0, ""top1_id"": """", ""top1_score"": 0.0}, ""title_plus_publisher"": {""prediction_count"": 10, ""top1_id"": ""af5d0855e19cde0d047a69a52580cd4907e3a94b92d17ece06f62a6ad2108064"", ""top1_score"": 0.5456}, ""title_publisher_swapped"": {""prediction_count"": 0, ""top1_id"": """", ""top1_score"": 0.0}}",sparse,assessment_naming_regime,standard_state,standard_catalog_mapping,assessment_short_or_acronym_title,yes,yes,no,af5d0855e19cde0d047a69a52580cd4907e3a94b92d17ece06f62a6ad2108064,0.5456,5b1285d9d56c4367f5db86a24d847236656b69c7399087ad5664b4a62ec9613f,0.5379,e5827a2275577105995baf249895b794e99a62353d9d1e72edc7d451dabcc465,0.5172,8788316b911b89e177b2099398872b77833e02a4b0ccd96fa6aaf1a44f35f058,0.49,ae73d07ff5235f092c87d19a410f714cd3b8c3dc7ca5c4076a474ce3d713d3d0,0.4693,eb433f69407f866fedd0232aee3a2af4f76bb0fc597e1f3fbd2b39e6fbbefd73,0.4395,bd14a18bdb8a1e1c2c1bd0374be84d4515aafc5df73b4ca89fd7a1c3614c2863,0.4191,fb4f620c27277af063dc5164051dfd0858ecb996f9949a58b9a63e092532cbc5,0.4134,2fa61191609dbbcaf2ad778a86135db82e24aedf409d68e4b8ec6b521a9a5597,0.4046,88d959412edd202033ef31fd2ae696599d382807d5ca0c23df0d9ed2923f6e44,0.3959,assessment_like,assessment_like_consistent,FastBridge,FastBridge,Assessment,Illuminate Education,False,False,False,standard_catalog_mapping
01ac88ac5425ac47f39c83583528619e35ee7d972c6beb434ec25dd9d15f544d,ID,ISATs,,Math,Assessment,7,5b06019e75db74cb43ec4bcdbec2c6dc71392d6fca239bdc06827c808f38b72c,2024-2025,missing,5b06019e75db74cb43ec4bcdbec2c6dc71392d6fca239bdc06827c808f38b72c,5b06019e75db74cb43ec4bcdbec2c6dc71392d6fca239bdc06827c808f38b72c,e5d38058442037636c274f0f9e556aa5e34e5a62cba1195ecfcedc611b8aec00,0,False,False,False,0.0,0.0,0.3957,low,True,True,title_plus_publisher,0.154,0.3957,"{""primary"": {""prediction_count"": 1, ""top1_id"": ""44e3080cb989d5ae104ac5f115d1f9677bd4b0991bf30630d0f7113b7bcb6fee"", ""top1_score"": 0.154}, ""publisher_as_title"": {""prediction_count"": 0, ""top1_id"": """", ""top1_score"": 0.0}, ""title_plus_publisher"": {""prediction_count"": 6, ""top1_id"": ""e5d38058442037636c274f0f9e556aa5e34e5a62cba1195ecfcedc611b8aec00"", ""top1_score"": 0.3957}, ""title_publisher_swapped"": {""prediction_count"": 0, ""top1_id"": """", ""top1_score"": 0.0}}",sparse,assessment_naming_regime,standard_state,standard_catalog_mapping,assessment_short_or_acronym_title,yes,yes,no,e5d38058442037636c274f0f9e556aa5e34e5a62cba1195ecfcedc611b8aec00,0.3957,44e3080cb989d5ae104ac5f115d1f9677bd4b0991bf30630d0f7113b7bcb6fee,0.3316,02fbdca1639d3ab84d097d43c0449663d09f7d62873ab770a935fbe03ec7d72b,0.3081,cccee71f498f094b74ede69f9b15b75bb4720919f075cff7998f60a8afb5f4d8,0.3081,e68a5b1beee66c66a24185ee630717efe9efd82b4dd439b407a4e8b2e46031c3,0.2948,a799b32e7b327546c16ad9beb29b1f5a959724e3b971df9ebafa7ccf3f521527,0.2347,,,,,,,,,assessment_like,assessment_like_consistent,State Created Assessments,State Created Assessments,Assessment,State Created Materials,False,False,False,standard_catalog_mapping
0007ae7e3ac2de3a6448afe524b9f88b665e82cec614a69e005632e9ddc21f26,IL,IAR,,Math,Assessment,6,5b06019e75db74cb43ec4bcdbec2c6dc71392d6fca239bdc06827c808f38b72c,2024-2025,missing,5b06019e75db74cb43ec4bcdbec2c6dc71392d6fca239bdc06827c808f38b72c,5b06019e75db74cb43ec4bcdbec2c6dc71392d6fca239bdc06827c808f38b72c,,0,False,False,False,0.0,0.0,0.0,no_prediction,True,False,primary,0.0,0.0,"{""primary"": {""prediction_count"": 0, ""top1_id"": """", ""top1_score"": 0.0}, ""publisher_as_title"": {""prediction_count"": 0, ""top1_id"": """", ""top1_score"": 0.0}, ""title_plus_publisher"": {""prediction_count"": 0, ""top1_id"": """", ""top1_score"": 0.0}, ""title_publisher_swapped"": {""prediction_count"": 0, ""top1_id"": """", ""top1_score"": 0.0}}",sparse,assessment_naming_regime,standard_state,standard_catalog_mapping,assessment_short_or_acronym_title,yes,yes,no,,,,,,,,,,,,,,,,,,,,,assessment_like,assessment_like_consistent,State Created Assessments,State Created Assessments,Assessment,State Created Materials,False,False,False,standard_catalog_mapping
00281effa46602e281309de5912027e1bac0824ad73a941926744d39f0d46f0a,IL,NWEA MAP,,Math,Assessment,9,3d6c5002a86d064608d518b7041d788d11bb1e498c257f4076fbf446f64e6826,2023-2024,missing,3d6c5002a86d064608d518b7041d788d11bb1e498c257f4076fbf446f64e6826,3d6c5002a86d064608d518b7041d788d11bb1e498c257f4076fbf446f64e6826,3d6c5002a86d064608d518b7041d788d11bb1e498c257f4076fbf446f64e6826,1,True,True,True,1.0,1.0,0.3997,low,True,False,primary,0.3997,0.3997,"{""primary"": {""prediction_count"": 4, ""top1_id"": ""3d6c5002a86d064608d518b7041d788d11bb1e498c257f4076fbf446f64e6826"", ""top1_score"": 0.3997}, ""publisher_as_title"": {""prediction_count"": 0, ""top1_id"": """", ""top1_score"": 0.0}, ""title_plus_publisher"": {""prediction_count"": 4, ""top1_id"": ""3d6c5002a86d064608d518b7041d788d11bb1e498c257f4076fbf446f64e6826"", ""top1_score"": 0.4377}, ""title_publisher_swapped"": {""prediction_count"": 0, ""top1_id"": """", ""top1_score"": 0.0}}",sparse,assessment_naming_regime,standard_state,standard_catalog_mapping,assessment_short_or_acronym_title,yes,yes,no,3d6c5002a86d064608d518b7041d788d11bb1e498c257f4076fbf446f64e6826,0.3997,dee0f2790440685546f3d5dba2a914e5d10319529e1129e4e363d41af2d536db,0.3792,9e229bfb2ece2adf64374f0207d12d981a7b227230351e4089b4ab7f24187233,0.377,6dc83f19f2778e373de44f283c4580bf6b2f7f496f696fbeba6cc0e9d33bf706,0.3691,,,,,,,,,,,,,assessment_like,assessment_like_consistent,NWEA: MAP Suite,MAP Suite,Assessment,Northwest Evaluation Association (NWEA),False,False,False,standard_catalog_mapping
004a5ee72935969e1dc39b4b50e84ff69b28cfc83d0ae5ed8ceca3b19748c2b4,IL,DLM-AA,,Math,Assessment,8,e8981ac7bc4c59e1072b24160cd1a28f170dc20cd8564bf57159810523c505d7,2023-2024,missing,e8981ac7bc4c59e1072b24160cd1a28f170dc20cd8564bf57159810523c505d7,e8981ac7bc4c59e1072b24160cd1a28f170dc20cd8564bf57159810523c505d7,dc160f0f80e335cee61326d6f2676ed80ecbf1a8b6187e3ff1e14569a0394dee,0,False,False,False,0.0,0.0,0.418,low,True,True,title_plus_publisher,0.0,0.418,"{""primary"": {""prediction_count"": 0, ""top1_id"": """", ""top1_score"": 0.0}, ""publisher_as_title"": {""prediction_count"": 0, ""top1_id"": """", ""top1_score"": 0.0}, ""title_plus_publisher"": {""prediction_count"": 3, ""top1_id"": ""dc160f0f80e335cee61326d6f2676ed80ecbf1a8b6187e3ff1e14569a0394dee"", ""top1_score"": 0.418}, ""title_publisher_swapped"": {""prediction_count"": 0, ""top1_id"": """", ""top1_score"": 0.0}}",sparse,assessment_naming_regime,standard_state,standard_catalog_mapping,assessment_short_or_acronym_title,yes,yes,no,dc160f0f80e335cee61326d6f2676ed80ecbf1a8b6187e3ff1e14569a0394dee,0.418,fcab4ede9e3f6fbe2930660b06874c69e2753e768adc9d3c250930cae981ebeb,0.3115,3d4d6e72a713ffa5cec81ddac8ff1fd6b6d5aac520f2adc314129eec21fb51b1,0.268,,,,,,,,,,,,,,,assessment_like,assessment_like_consistent,Dynamic Learning Map (DLM) Assessments,Dynamic Learning Map (DLM) Assessments,Assessment,Dynamic Learning Maps,False,False,False,standard_catalog_mapping
002d82805bd6115042e52a4fde64e3c0e1ad20f9d761c0d931bf054882548fa2,IL,ACT,ACT,Math,Assessment,9,89ff1e8788dfa2c44bc425caa1ddf1a7c22dc223f9baa36e6213a508124a94c8,2024-2025,present,89ff1e8788dfa2c44bc425caa1ddf1a7c22dc223f9baa36e6213a508124a94c8,89ff1e8788dfa2c44bc425caa1ddf1a7c22dc223f9baa36e6213a508124a94c8,89ff1e8788dfa2c44bc425caa1ddf1a7c22dc223f9baa36e6213a508124a94c8,1,True,True,True,1.0,1.0,0.6669,medium,True,True,title_plus_publisher,0.0,0.6669,"{""primary"": {""prediction_count"": 0, ""top1_id"": """", ""top1_score"": 0.0}, ""publisher_as_title"": {""prediction_count"": 0, ""top1_id"": """", ""top1_score"": 0.0}, ""title_plus_publisher"": {""prediction_count"": 2, ""top1_id"": ""89ff1e8788dfa2c44bc425caa1ddf1a7c22dc223f9baa36e6213a508124a94c8"", ""top1_score"": 0.6669}, ""title_publisher_swapped"": {""prediction_count"": 0, ""top1_id"": """", ""top1_score"": 0.0}}",medium,assessment_naming_regime,standard_state,standard_catalog_mapping,assessment_short_or_acronym_title,yes,no,no,89ff1e8788dfa2c44bc425caa1ddf1a7c22dc223f9baa36e6213a508124a94c8,0.6669,61ce57189a44e7823dc8c783090542dadb39b1f374e237389cf0d3b19adfc099,0.4129,,,,,,,,,,,,,,,,,assessment_like,assessment_like_consistent,ACT,ACT,Assessment,ACT,False,False,False,standard_catalog_mapping
001c9f0bb85d17456199a48586ef82c23cee59a1c716274f81f3b7311f633fcb,IN,i-Ready,,Math,Assessment,4,56857edf7ee969e982d7a6aceec1cfa3310feeaa2665951d7257ecdbc8a6585e,2023-2024,missing,56857edf7ee969e982d7a6aceec1cfa3310feeaa2665951d7257ecdbc8a6585e,56857edf7ee969e982d7a6aceec1cfa3310feeaa2665951d7257ecdbc8a6585e,938eeb820d597c9f049fe4d48ec94efb92d40901e5ef96207afec8bde462347a,0,False,False,False,0.0,0.0,0.3303,low,True,True,title_plus_publisher,0.0,0.3303,"{""primary"": {""prediction_count"": 0, ""top1_id"": """", ""top1_score"": 0.0}, ""publisher_as_title"": {""prediction_count"": 0, ""top1_id"": """", ""top1_score"": 0.0}, ""title_plus_publisher"": {""prediction_count"": 3, ""top1_id"": ""938eeb820d597c9f049fe4d48ec94efb92d40901e5ef96207afec8bde462347a"", ""top1_score"": 0.3303}, ""title_publisher_swapped"": {""prediction_count"": 0, ""top1_id"": """", ""top1_score"": 0.0}}",sparse,assessment_naming_regime,standard_state,standard_catalog_mapping,assessment_short_or_acronym_title,yes,yes,no,938eeb820d597c9f049fe4d48ec94efb92d40901e5ef96207afec8bde462347a,0.3303,893dc5550cae6564562e64e51d38ad9a8e5a6de8ccba406ca5ca5a86afd25671,0.3176,b5fd096a28f78fadf9972f2407f5ec592ecbc67998cadb981d85d19a3d42bc54,0.284,,,,,,,,,,,,,,,assessment_like,assessment_like_consistent,i-Ready Assessment,i-Ready Assessment,Assessment,Curriculum Associates,False,False,False,standard_catalog_mapping
00a877a555fa88e4b92363bf563318fd262e0216db1c2e7a89d4eeddb8ea5f9f,IN,ClearSight,Voyager Sopris Learning,Math,Assessment,3,aff2c78f2e443a5f74499dc0cb9be976a05a5eda6e18afc924171758f90b63a3,2023-2024,present,aff2c78f2e443a5f74499dc0cb9be976a05a5eda6e18afc924171758f90b63a3,aff2c78f2e443a5f74499dc0cb9be976a05a5eda6e18afc924171758f90b63a3,b1f276581c6819c8c0c79e0e45bcb20c81fe340537a2961232456254985ec474,0,False,False,False,0.0,0.0,0.2779,very_low,True,True,title_plus_publisher,0.0,0.2779,"{""primary"": {""prediction_count"": 0, ""top1_id"": """", ""top1_score"": 0.0}, ""publisher_as_title"": {""prediction_count"": 1, ""top1_id"": ""24ea0e25e077bd5d845cf12f496023af8523b2fb6b60ec38baa35b3e4c8b7b5c"", ""top1_score"": 0.5512}, ""title_plus_publisher"": {""prediction_count"": 2, ""top1_id"": ""b1f276581c6819c8c0c79e0e45bcb20c81fe340537a2961232456254985ec474"", ""top1_score"": 0.2779}, ""title_publisher_swapped"": {""prediction_count"": 1, ""top1_id"": ""24ea0e25e077bd5d845cf12f496023af8523b2fb6b60ec38baa35b3e4c8b7b5c"", ""top1_score"": 0.4512}}",medium,assessment_naming_regime,standard_state,standard_catalog_mapping,assessment_short_or_acronym_title,yes,no,no,b1f276581c6819c8c0c79e0e45bcb20c81fe340537a2961232456254985ec474,0.2779,97482243ce84d9255564de2ca1cf83d059a4b318ce2b4fff11d5a648e755c9c6,0.2545,,,,,,,,,,,,,,,,,assessment_like,assessment_like_consistent,ClearSight Assessments,ClearSight Assessments,Assessment,Voyager Sopris Learning,False,False,False,standard_catalog_mapping
00f8f047a455955593c9138da52bb28c83ab146e4a223fdcbc80d70bd6b42599,KY,i-Ready,,Math,Assessment,5,56857edf7ee969e982d7a6aceec1cfa3310feeaa2665951d7257ecdbc8a6585e,2023-2024,missing,56857edf7ee969e982d7a6aceec1cfa3310feeaa2665951d7257ecdbc8a6585e,56857edf7ee969e982d7a6aceec1cfa3310feeaa2665951d7257ecdbc8a6585e,b5fd096a28f78fadf9972f2407f5ec592ecbc67998cadb981d85d19a3d42bc54,0,False,False,False,0.0,0.0,0.344,low,True,True,title_plus_publisher,0.0,0.344,"{""primary"": {""prediction_count"": 0, ""top1_id"": """", ""top1_score"": 0.0}, ""publisher_as_title"": {""prediction_count"": 0, ""top1_id"": """", ""top1_score"": 0.0}, ""title_plus_publisher"": {""prediction_count"": 3, ""top1_id"": ""b5fd096a28f78fadf9972f2407f5ec592ecbc67998cadb981d85d19a3d42bc54"", ""top1_score"": 0.344}, ""title_publisher_swapped"": {""prediction_count"": 0, ""top1_id"": """", ""top1_score"": 0.0}}",sparse,assessment_naming_regime,standard_state,standard_catalog_mapping,assessment_short_or_acronym_title,yes,yes,no,b5fd096a28f78fadf9972f2407f5ec592ecbc67998cadb981d85d19a3d42bc54,0.344,938eeb820d597c9f049fe4d48ec94efb92d40901e5ef96207afec8bde462347a,0.3303,893dc5550cae6564562e64e51d38ad9a8e5a6de8ccba406ca5ca5a86afd25671,0.3176,,,,,,,,,,,,,,,assessment_like,assessment_like_consistent,i-Ready Assessment,i-Ready Assessment,Assessment,Curriculum Associates,False,False,False,standard_catalog_mapping
004cc9b178a3614b9a8d3b9030e10d44040ad26c4e871d59ce3735ca711a0f75,LA,ACT,,Math,Assessment,11,89ff1e8788dfa2c44bc425caa1ddf1a7c22dc223f9baa36e6213a508124a94c8,2024-2025,missing,89ff1e8788dfa2c44bc425caa1ddf1a7c22dc223f9baa36e6213a508124a94c8,89ff1e8788dfa2c44bc425caa1ddf1a7c22dc223f9baa36e6213a508124a94c8,6667918b486d7ffdfc7270106202ebdf070d4780d1f134bacf52554c33e2da96,2,False,True,True,0.5,0.6309,0.4937,low,True,True,title_plus_publisher,0.0,0.4937,"{""primary"": {""prediction_count"": 0, ""top1_id"": """", ""top1_score"": 0.0}, ""publisher_as_title"": {""prediction_count"": 0, ""top1_id"": """", ""top1_score"": 0.0}, ""title_plus_publisher"": {""prediction_count"": 4, ""top1_id"": ""6667918b486d7ffdfc7270106202ebdf070d4780d1f134bacf52554c33e2da96"", ""top1_score"": 0.4937}, ""title_publisher_swapped"": {""prediction_count"": 0, ""top1_id"": """", ""top1_score"": 0.0}}",sparse,assessment_naming_regime,standard_state,standard_catalog_mapping,assessment_short_or_acronym_title,yes,yes,no,6667918b486d7ffdfc7270106202ebdf070d4780d1f134bacf52554c33e2da96,0.4937,89ff1e8788dfa2c44bc425caa1ddf1a7c22dc223f9baa36e6213a508124a94c8,0.4786,0b5831faa98b0826ca2de59de0de14bd81f64dba88f807edd3d1c62dc193c39f,0.3559,61ce57189a44e7823dc8c783090542dadb39b1f374e237389cf0d3b19adfc099,0.3507,,,,,,,,,,,,,assessment_like,assessment_gold_present_selection_issue,ACT,ACT,Assessment,ACT,False,False,False,standard_catalog_mapping
01dd1da5cb3c16f713c2e9f900fd01c4fce8f6ca65408da27e7b5aeefeae4c97,MD,NWEA,NWEA,Math,Assessment,7,dee0f2790440685546f3d5dba2a914e5d10319529e1129e4e363d41af2d536db,2024-2025,present,dee0f2790440685546f3d5dba2a914e5d10319529e1129e4e363d41af2d536db,dee0f2790440685546f3d5dba2a914e5d10319529e1129e4e363d41af2d536db,356587fcd3e0eeca0b0968b9ced0774601f4779ac82929afc08d562fc79f0305,0,False,False,False,0.0,0.0,0.4919,low,True,True,title_plus_publisher,0.0,0.4919,"{""primary"": {""prediction_count"": 0, ""top1_id"": """", ""top1_score"": 0.0}, ""publisher_as_title"": {""prediction_count"": 0, ""top1_id"": """", ""top1_score"": 0.0}, ""title_plus_publisher"": {""prediction_count"": 1, ""top1_id"": ""356587fcd3e0eeca0b0968b9ced0774601f4779ac82929afc08d562fc79f0305"", ""top1_score"": 0.4919}, ""title_publisher_swapped"": {""prediction_count"": 0, ""top1_id"": """", ""top1_score"": 0.0}}",medium,assessment_naming_regime,standard_state,standard_catalog_mapping,assessment_short_or_acronym_title,yes,no,no,356587fcd3e0eeca0b0968b9ced0774601f4779ac82929afc08d562fc79f0305,0.4919,,,,,,,,,,,,,,,,,,,assessment_like,assessment_like_consistent,NWEA: MAP Growth,MAP Suite,Assessment,Northwest Evaluation Association (NWEA),False,False,False,standard_catalog_mapping
000b4128cf8f91fe9721d2c1f93df438c475c2bc13a3427fc7a469d92e21f245,MI,NWEA,,Math,Assessment,12,dee0f2790440685546f3d5dba2a914e5d10319529e1129e4e363d41af2d536db,2024-2025,missing,dee0f2790440685546f3d5dba2a914e5d10319529e1129e4e363d41af2d536db,dee0f2790440685546f3d5dba2a914e5d10319529e1129e4e363d41af2d536db,3d4d6e72a713ffa5cec81ddac8ff1fd6b6d5aac520f2adc314129eec21fb51b1,0,False,False,False,0.0,0.0,0.2435,very_low,True,True,title_plus_publisher,0.0,0.2435,"{""primary"": {""prediction_count"": 0, ""top1_id"": """", ""top1_score"": 0.0}, ""publisher_as_title"": {""prediction_count"": 0, ""top1_id"": """", ""top1_score"": 0.0}, ""title_plus_publisher"": {""prediction_count"": 1, ""top1_id"": ""3d4d6e72a713ffa5cec81ddac8ff1fd6b6d5aac520f2adc314129eec21fb51b1"", ""top1_score"": 0.2435}, ""title_publisher_swapped"": {""prediction_count"": 0, ""top1_id"": """", ""top1_score"": 0.0}}",sparse,assessment_naming_regime,standard_state,standard_catalog_mapping,assessment_short_or_acronym_title,yes,yes,no,3d4d6e72a713ffa5cec81ddac8ff1fd6b6d5aac520f2adc314129eec21fb51b1,0.2435,,,,,,,,,,,,,,,,,,,assessment_like,assessment_like_consistent,NWEA: MAP Growth,MAP Suite,Assessment,Northwest Evaluation Association (NWEA),False,False,False,standard_catalog_mapping
0104953380776c04783d9b159e2d8faed36b323d9be88d1ce4e07a52b2cd4a8c,MN,FastBridge,,Math,Assessment,7,5a61bd63948ea0f4e69b6b3fc3db322c4fcbb1d3056ba0df85ca77ced410f760,2024-2025,missing,5a61bd63948ea0f4e69b6b3fc3db322c4fcbb1d3056ba0df85ca77ced410f760,5a61bd63948ea0f4e69b6b3fc3db322c4fcbb1d3056ba0df85ca77ced410f760,5a61bd63948ea0f4e69b6b3fc3db322c4fcbb1d3056ba0df85ca77ced410f760,1,True,True,True,1.0,1.0,0.4297,low,True,False,primary,0.4297,0.4297,"{""primary"": {""prediction_count"": 1, ""top1_id"": ""5a61bd63948ea0f4e69b6b3fc3db322c4fcbb1d3056ba0df85ca77ced410f760"", ""top1_score"": 0.4297}, ""publisher_as_title"": {""prediction_count"": 0, ""top1_id"": """", ""top1_score"": 0.0}, ""title_plus_publisher"": {""prediction_count"": 2, ""top1_id"": ""5a61bd63948ea0f4e69b6b3fc3db322c4fcbb1d3056ba0df85ca77ced410f760"", ""top1_score"": 0.4758}, ""title_publisher_swapped"": {""prediction_count"": 0, ""top1_id"": """", ""top1_score"": 0.0}}",sparse,assessment_naming_regime,standard_state,standard_catalog_mapping,assessment_short_or_acronym_title,yes,yes,no,5a61bd63948ea0f4e69b6b3fc3db322c4fcbb1d3056ba0df85ca77ced410f760,0.4297,,,,,,,,,,,,,,,,,,,assessment_like,assessment_like_consistent,FastBridge,FastBridge,Assessment,Illuminate Education,False,False,False,standard_catalog_mapping
018c230f2617ed7022cb25a35602c7d6743d50b7ae337dfd32b3d244d449f770,MN,Measures of Academic Progress (MAP) Growth: Math,,Math,Assessment,8,dee0f2790440685546f3d5dba2a914e5d10319529e1129e4e363d41af2d536db,2023-2024,missing,dee0f2790440685546f3d5dba2a914e5d10319529e1129e4e363d41af2d536db,dee0f2790440685546f3d5dba2a914e5d10319529e1129e4e363d41af2d536db,,0,False,False,False,0.0,0.0,0.0,no_prediction,True,False,primary,0.0,0.0,"{""primary"": {""prediction_count"": 0, ""top1_id"": """", ""top1_score"": 0.0}, ""publisher_as_title"": {""prediction_count"": 0, ""top1_id"": """", ""top1_score"": 0.0}, ""title_plus_publisher"": {""prediction_count"": 0, ""top1_id"": """", ""top1_score"": 0.0}, ""title_publisher_swapped"": {""prediction_count"": 0, ""top1_id"": """", ""top1_score"": 0.0}}",medium,assessment_naming_regime,standard_state,standard_catalog_mapping,assessment_publisher_missing,no,yes,no,,,,,,,,,,,,,,,,,,,,,assessment_like,assessment_like_consistent,NWEA: MAP Growth,MAP Suite,Assessment,Northwest Evaluation Association (NWEA),False,False,False,standard_catalog_mapping
006312d1482a35f1475b3af4ecfaf8df97e9dc4f0a34fa362bee1609dbda6484,MO,Galileo Math Benchmark,,Math,Assessment,7,1c97c6f81655731f0797ed045c48bd9e5e2d3d1531a30bab0c25c27a55e1c4fa,2024-2025,missing,1c97c6f81655731f0797ed045c48bd9e5e2d3d1531a30bab0c25c27a55e1c4fa,1c97c6f81655731f0797ed045c48bd9e5e2d3d1531a30bab0c25c27a55e1c4fa,1aed89ab6d6bdcec5f383656eeb51f3da7df81dd59966918ffa2b778b750c68c,0,False,False,False,0.0,0.0,0.5445,medium,True,True,title_plus_publisher,0.0,0.5445,"{""primary"": {""prediction_count"": 0, ""top1_id"": """", ""top1_score"": 0.0}, ""publisher_as_title"": {""prediction_count"": 0, ""top1_id"": """", ""top1_score"": 0.0}, ""title_plus_publisher"": {""prediction_count"": 4, ""top1_id"": ""1aed89ab6d6bdcec5f383656eeb51f3da7df81dd59966918ffa2b778b750c68c"", ""top1_score"": 0.5445}, ""title_publisher_swapped"": {""prediction_count"": 0, ""top1_id"": """", ""top1_score"": 0.0}}",medium,assessment_naming_regime,standard_state,standard_catalog_mapping,assessment_publisher_missing,no,yes,no,1aed89ab6d6bdcec5f383656eeb51f3da7df81dd59966918ffa2b778b750c68c,0.5445,afdcb3d71ff366e2a26309ec3c794fe049c1467cab86c9c6d71650cd9b2679d1,0.4545,562cbfc624110c36f3724d669db2a508d7d34edd1544db64fc7e5861b72739a3,0.4385,beb01405298cb61b5fa7a1ed2c83e361b9698276bc7eea0264c0a08d8d45f859,0.3962,,,,,,,,,,,,,assessment_like,assessment_like_consistent,Imagine Galileo,Imagine Galileo,Assessment,Imagine Learning,False,False,False,standard_catalog_mapping
008ee442d5b8e285825f129cb4f2f37d009b0b8ffce8e2f7b34f1a02e198e6e1,MO,FastBridge,,Math,Assessment,6,5a61bd63948ea0f4e69b6b3fc3db322c4fcbb1d3056ba0df85ca77ced410f760,2023-2024,missing,5a61bd63948ea0f4e69b6b3fc3db322c4fcbb1d3056ba0df85ca77ced410f760,5a61bd63948ea0f4e69b6b3fc3db322c4fcbb1d3056ba0df85ca77ced410f760,5a61bd63948ea0f4e69b6b3fc3db322c4fcbb1d3056ba0df85ca77ced410f760,1,True,True,True,1.0,1.0,0.4297,low,True,False,primary,0.4297,0.4297,"{""primary"": {""prediction_count"": 1, ""top1_id"": ""5a61bd63948ea0f4e69b6b3fc3db322c4fcbb1d3056ba0df85ca77ced410f760"", ""top1_score"": 0.4297}, ""publisher_as_title"": {""prediction_count"": 0, ""top1_id"": """", ""top1_score"": 0.0}, ""title_plus_publisher"": {""prediction_count"": 2, ""top1_id"": ""5a61bd63948ea0f4e69b6b3fc3db322c4fcbb1d3056ba0df85ca77ced410f760"", ""top1_score"": 0.4758}, ""title_publisher_swapped"": {""prediction_count"": 0, ""top1_id"": """", ""top1_score"": 0.0}}",sparse,assessment_naming_regime,standard_state,standard_catalog_mapping,assessment_short_or_acronym_title,yes,yes,no,5a61bd63948ea0f4e69b6b3fc3db322c4fcbb1d3056ba0df85ca77ced410f760,0.4297,,,,,,,,,,,,,,,,,,,assessment_like,assessment_like_consistent,FastBridge,FastBridge,Assessment,Illuminate Education,False,False,False,standard_catalog_mapping
00132a7b116becca44bb584e0434d81fab32f196c2b556bbc6fd1c1c97c878f6,MS,iReady Diagnostic Test,,Math,Assessment,8,56857edf7ee969e982d7a6aceec1cfa3310feeaa2665951d7257ecdbc8a6585e,2023-2024,missing,56857edf7ee969e982d7a6aceec1cfa3310feeaa2665951d7257ecdbc8a6585e,56857edf7ee969e982d7a6aceec1cfa3310feeaa2665951d7257ecdbc8a6585e,4070ed016529cbe0d5fbe3ea96290b23411fd7c9d43c49f5025aa408c2b24e1c,4,False,False,True,0.25,0.4307,0.3733,low,True,True,title_plus_publisher,0.2436,0.3733,"{""primary"": {""prediction_count"": 1, ""top1_id"": ""b163aefd5ba108a150e920f3bdd335d8be9b73493c226f597a409ee2ca4a625d"", ""top1_score"": 0.2436}, ""publisher_as_title"": {""prediction_count"": 0, ""top1_id"": """", ""top1_score"": 0.0}, ""title_plus_publisher"": {""prediction_count"": 5, ""top1_id"": ""4070ed016529cbe0d5fbe3ea96290b23411fd7c9d43c49f5025aa408c2b24e1c"", ""top1_score"": 0.3733}, ""title_publisher_swapped"": {""prediction_count"": 0, ""top1_id"": """", ""top1_score"": 0.0}}",medium,assessment_naming_regime,standard_state,standard_catalog_mapping,assessment_publisher_missing,no,yes,no,4070ed016529cbe0d5fbe3ea96290b23411fd7c9d43c49f5025aa408c2b24e1c,0.3733,b2c7bc90deef58130b850d9e6c9b3f86e5c69180706ad1aaeadcdff2b515ab3b,0.3733,b163aefd5ba108a150e920f3bdd335d8be9b73493c226f597a409ee2ca4a625d,0.3213,56857edf7ee969e982d7a6aceec1cfa3310feeaa2665951d7257ecdbc8a6585e,0.2756,893dc5550cae6564562e64e51d38ad9a8e5a6de8ccba406ca5ca5a86afd25671,0.1685,,,,,,,,,,,assessment_like,assessment_gold_present_selection_issue,i-Ready Assessment,i-Ready Assessment,Assessment,Curriculum Associates,False,False,False,standard_catalog_mapping
002a65decb353e19244d9f938f7c6258b3074ea11b0823824044544dc22fb446,NC,NC Math Check-In,,Math,Assessment,3,5b06019e75db74cb43ec4bcdbec2c6dc71392d6fca239bdc06827c808f38b72c,2023-2024,missing,5b06019e75db74cb43ec4bcdbec2c6dc71392d6fca239bdc06827c808f38b72c,5b06019e75db74cb43ec4bcdbec2c6dc71392d6fca239bdc06827c808f38b72c,22daa5da31ee44b3663114d4652ba47a2d954defd50e66fc317ddde3e67c640b,0,False,False,False,0.0,0.0,0.4739,low,True,True,title_plus_publisher,0.0,0.4739,"{""primary"": {""prediction_count"": 0, ""top1_id"": """", ""top1_score"": 0.0}, ""publisher_as_title"": {""prediction_count"": 0, ""top1_id"": """", ""top1_score"": 0.0}, ""title_plus_publisher"": {""prediction_count"": 3, ""top1_id"": ""22daa5da31ee44b3663114d4652ba47a2d954defd50e66fc317ddde3e67c640b"", ""top1_score"": 0.4739}, ""title_publisher_swapped"": {""prediction_count"": 0, ""top1_id"": """", ""top1_score"": 0.0}}",medium,assessment_naming_regime,standard_state,standard_catalog_mapping,assessment_publisher_missing,no,yes,no,22daa5da31ee44b3663114d4652ba47a2d954defd50e66fc317ddde3e67c640b,0.4739,2f897c32cfc4ff0812ce428a5bdf269e06c5ccad5b087a9de339639546096a99,0.3117,999c857eba67f542ba8ac03c49d2d08904adc39f7d2c35f5283fdf9af9782f1d,0.2786,,,,,,,,,,,,,,,assessment_like,assessment_like_consistent,State Created Assessments,State Created Assessments,Assessment,State Created Materials,False,False,False,standard_catalog_mapping
002bb3e0ef4ab465cf9bde822f75626a6b0f06652552d826d010f0299062d914,NC,PreACT/CCRAA,,Math,Assessment,10,61ce57189a44e7823dc8c783090542dadb39b1f374e237389cf0d3b19adfc099,2024-2025,missing,61ce57189a44e7823dc8c783090542dadb39b1f374e237389cf0d3b19adfc099,61ce57189a44e7823dc8c783090542dadb39b1f374e237389cf0d3b19adfc099,61ce57189a44e7823dc8c783090542dadb39b1f374e237389cf0d3b19adfc099,1,True,True,True,1.0,1.0,0.3076,low,True,False,primary,0.3076,0.3076,"{""primary"": {""prediction_count"": 1, ""top1_id"": ""61ce57189a44e7823dc8c783090542dadb39b1f374e237389cf0d3b19adfc099"", ""top1_score"": 0.3076}, ""publisher_as_title"": {""prediction_count"": 0, ""top1_id"": """", ""top1_score"": 0.0}, ""title_plus_publisher"": {""prediction_count"": 4, ""top1_id"": ""61ce57189a44e7823dc8c783090542dadb39b1f374e237389cf0d3b19adfc099"", ""top1_score"": 0.4064}, ""title_publisher_swapped"": {""prediction_count"": 0, ""top1_id"": """", ""top1_score"": 0.0}}",sparse,assessment_naming_regime,standard_state,standard_catalog_mapping,assessment_short_or_acronym_title,yes,yes,no,61ce57189a44e7823dc8c783090542dadb39b1f374e237389cf0d3b19adfc099,0.3076,,,,,,,,,,,,,,,,,,,assessment_like,assessment_like_consistent,PreACT,PreACT,Assessment,ACT,False,False,False,standard_catalog_mapping
0085d9ae5574dcde5b283a0355cf9860f9cf49164dddf91c76cefefc8ac969a0,NC,Success Maker,,Math,Assessment,4,6e9d34841ecdb4a336b325cf512294ef6d997b81622895b2a07d55cf5bf6aa6b,2024-2025,missing,6e9d34841ecdb4a336b325cf512294ef6d997b81622895b2a07d55cf5bf6aa6b,6e9d34841ecdb4a336b325cf512294ef6d997b81622895b2a07d55cf5bf6aa6b,6e9d34841ecdb4a336b325cf512294ef6d997b81622895b2a07d55cf5bf6aa6b,1,True,True,True,1.0,1.0,0.4343,low,True,True,title_plus_publisher,0.3109,0.4343,"{""primary"": {""prediction_count"": 1, ""top1_id"": ""6e9d34841ecdb4a336b325cf512294ef6d997b81622895b2a07d55cf5bf6aa6b"", ""top1_score"": 0.3109}, ""publisher_as_title"": {""prediction_count"": 0, ""top1_id"": """", ""top1_score"": 0.0}, ""title_plus_publisher"": {""prediction_count"": 4, ""top1_id"": ""6e9d34841ecdb4a336b325cf512294ef6d997b81622895b2a07d55cf5bf6aa6b"", ""top1_score"": 0.4343}, ""title_publisher_swapped"": {""prediction_count"": 0, ""top1_id"": """", ""top1_score"": 0.0}}",sparse,assessment_naming_regime,standard_state,standard_catalog_mapping,assessment_short_or_acronym_title,yes,yes,no,6e9d34841ecdb4a336b325cf512294ef6d997b81622895b2a07d55cf5bf6aa6b,0.4343,1a53d3cdd824465df8ff8dc7c0ca2f6735e28e78078d9ebfae0db7f0fc102ca0,0.4177,db964bb78745dd314a4d04acb391e60bd21f2ed417f70fe82587b7dcf8e09c3c,0.4141,85356f25832eb392500f9953a150e37a73feeb01539528e9a04f3432466b6fca,0.3568,,,,,,,,,,,,,assessment_like,assessment_usage_catalog_type_mismatch,SuccessMaker Math,SuccessMaker,Supplemental,Savvas Learning Company,False,False,False,standard_catalog_mapping
003b93c3df36d3a46ce809a05d34bed095f42f5d58ab72fe57a594cc3a39555e,ND,NWEA,,Math,Assessment,6,3d6c5002a86d064608d518b7041d788d11bb1e498c257f4076fbf446f64e6826,2023-2024,missing,3d6c5002a86d064608d518b7041d788d11bb1e498c257f4076fbf446f64e6826,3d6c5002a86d064608d518b7041d788d11bb1e498c257f4076fbf446f64e6826,3d4d6e72a713ffa5cec81ddac8ff1fd6b6d5aac520f2adc314129eec21fb51b1,0,False,False,False,0.0,0.0,0.2435,very_low,True,True,title_plus_publisher,0.0,0.2435,"{""primary"": {""prediction_count"": 0, ""top1_id"": """", ""top1_score"": 0.0}, ""publisher_as_title"": {""prediction_count"": 0, ""top1_id"": """", ""top1_score"": 0.0}, ""title_plus_publisher"": {""prediction_count"": 1, ""top1_id"": ""3d4d6e72a713ffa5cec81ddac8ff1fd6b6d5aac520f2adc314129eec21fb51b1"", ""top1_score"": 0.2435}, ""title_publisher_swapped"": {""prediction_count"": 0, ""top1_id"": """", ""top1_score"": 0.0}}",sparse,assessment_naming_regime,standard_state,standard_catalog_mapping,assessment_short_or_acronym_title,yes,yes,no,3d4d6e72a713ffa5cec81ddac8ff1fd6b6d5aac520f2adc314129eec21fb51b1,0.2435,,,,,,,,,,,,,,,,,,,assessment_like,assessment_like_consistent,NWEA: MAP Suite,MAP Suite,Assessment,Northwest Evaluation Association (NWEA),False,False,False,standard_catalog_mapping
007835828b4bc49198c50b2173a4f8faa6639e98f7bd500f206cfc1c95c91e03,NE,NSCAS General Summative Test,,Math,Assessment,5,5b06019e75db74cb43ec4bcdbec2c6dc71392d6fca239bdc06827c808f38b72c,2023-2024,missing,5b06019e75db74cb43ec4bcdbec2c6dc71392d6fca239bdc06827c808f38b72c,5b06019e75db74cb43ec4bcdbec2c6dc71392d6fca239bdc06827c808f38b72c,,0,False,False,False,0.0,0.0,0.0,no_prediction,True,False,primary,0.0,0.0,"{""primary"": {""prediction_count"": 0, ""top1_id"": """", ""top1_score"": 0.0}, ""publisher_as_title"": {""prediction_count"": 0, ""top1_id"": """", ""top1_score"": 0.0}, ""title_plus_publisher"": {""prediction_count"": 0, ""top1_id"": """", ""top1_score"": 0.0}, ""title_publisher_swapped"": {""prediction_count"": 0, ""top1_id"": """", ""top1_score"": 0.0}}",medium,assessment_naming_regime,standard_state,standard_catalog_mapping,assessment_publisher_missing,no,yes,no,,,,,,,,,,,,,,,,,,,,,assessment_like,assessment_like_consistent,State Created Assessments,State Created Assessments,Assessment,State Created Materials,False,False,False,standard_catalog_mapping
0012c4b05eecb083467cf7ce11d18e4244178358b394764888d690f7c832eb62,NJ,Student Growth Objective (SGO),,Math,Assessment,12,8bc4b916ea5ccc05c4810bf1e3bd7d078b7a86856fdf67184bf63e3609de57b9,2023-2024,missing,8bc4b916ea5ccc05c4810bf1e3bd7d078b7a86856fdf67184bf63e3609de57b9,8bc4b916ea5ccc05c4810bf1e3bd7d078b7a86856fdf67184bf63e3609de57b9,,0,False,False,False,0.0,0.0,0.0,no_prediction,True,False,primary,0.0,0.0,"{""primary"": {""prediction_count"": 0, ""top1_id"": """", ""top1_score"": 0.0}, ""publisher_as_title"": {""prediction_count"": 0, ""top1_id"": """", ""top1_score"": 0.0}, ""title_plus_publisher"": {""prediction_count"": 0, ""top1_id"": """", ""top1_score"": 0.0}, ""title_publisher_swapped"": {""prediction_count"": 0, ""top1_id"": """", ""top1_score"": 0.0}}",medium,assessment_naming_regime,standard_state,standard_catalog_mapping,assessment_publisher_missing,no,yes,no,,,,,,,,,,,,,,,,,,,,,assessment_like,assessment_like_consistent,District Created Assessments,District Created Assessments,Assessment,District Created Materials,False,False,False,standard_catalog_mapping
001f6d71cc6731bb10e94525e7a4f684e24587320782415fa16e6e2070834c79,NJ,SAT,,Math,Assessment,11,44e3080cb989d5ae104ac5f115d1f9677bd4b0991bf30630d0f7113b7bcb6fee,2023-2024,missing,44e3080cb989d5ae104ac5f115d1f9677bd4b0991bf30630d0f7113b7bcb6fee,44e3080cb989d5ae104ac5f115d1f9677bd4b0991bf30630d0f7113b7bcb6fee,44e3080cb989d5ae104ac5f115d1f9677bd4b0991bf30630d0f7113b7bcb6fee,1,True,True,True,1.0,1.0,0.5106,medium,True,True,title_plus_publisher,0.3724,0.5106,"{""primary"": {""prediction_count"": 1, ""top1_id"": ""44e3080cb989d5ae104ac5f115d1f9677bd4b0991bf30630d0f7113b7bcb6fee"", ""top1_score"": 0.3724}, ""publisher_as_title"": {""prediction_count"": 0, ""top1_id"": """", ""top1_score"": 0.0}, ""title_plus_publisher"": {""prediction_count"": 3, ""top1_id"": ""44e3080cb989d5ae104ac5f115d1f9677bd4b0991bf30630d0f7113b7bcb6fee"", ""top1_score"": 0.5106}, ""title_publisher_swapped"": {""prediction_count"": 0, ""top1_id"": """", ""top1_score"": 0.0}}",sparse,assessment_naming_regime,standard_state,standard_catalog_mapping,assessment_short_or_acronym_title,yes,yes,no,44e3080cb989d5ae104ac5f115d1f9677bd4b0991bf30630d0f7113b7bcb6fee,0.5106,89ff1e8788dfa2c44bc425caa1ddf1a7c22dc223f9baa36e6213a508124a94c8,0.3478,e68a5b1beee66c66a24185ee630717efe9efd82b4dd439b407a4e8b2e46031c3,0.3132,,,,,,,,,,,,,,,assessment_like,assessment_like_consistent,SAT,SAT,Assessment,College Board,False,False,False,standard_catalog_mapping
00303943ba724b99a8e306579bd7ef31ff24517028f03d85921c5602d7e7216e,NJ,Linkit!,,Math,Assessment,3,6bdc3c8f2670e0dd7e1839844485fce41051fc4376d93a8c899c7faca312336f,2023-2024,missing,6bdc3c8f2670e0dd7e1839844485fce41051fc4376d93a8c899c7faca312336f,6bdc3c8f2670e0dd7e1839844485fce41051fc4376d93a8c899c7faca312336f,6bdc3c8f2670e0dd7e1839844485fce41051fc4376d93a8c899c7faca312336f,1,True,True,True,1.0,1.0,0.3694,low,True,False,primary,0.3694,0.3694,"{""primary"": {""prediction_count"": 1, ""top1_id"": ""6bdc3c8f2670e0dd7e1839844485fce41051fc4376d93a8c899c7faca312336f"", ""top1_score"": 0.3694}, ""publisher_as_title"": {""prediction_count"": 0, ""top1_id"": """", ""top1_score"": 0.0}, ""title_plus_publisher"": {""prediction_count"": 4, ""top1_id"": ""6bdc3c8f2670e0dd7e1839844485fce41051fc4376d93a8c899c7faca312336f"", ""top1_score"": 0.4843}, ""title_publisher_swapped"": {""prediction_count"": 0, ""top1_id"": """", ""top1_score"": 0.0}}",sparse,assessment_naming_regime,standard_state,standard_catalog_mapping,assessment_short_or_acronym_title,yes,yes,no,6bdc3c8f2670e0dd7e1839844485fce41051fc4376d93a8c899c7faca312336f,0.3694,,,,,,,,,,,,,,,,,,,assessment_like,assessment_like_consistent,LinkIt!,LinkIt!,Assessment,LinkIt!,False,False,False,standard_catalog_mapping
00308d51eaa57aebc8e554a3f06c207ee3b29dcda2705a102af741f18647556a,NJ,SAT,,Math,Assessment,12,44e3080cb989d5ae104ac5f115d1f9677bd4b0991bf30630d0f7113b7bcb6fee,2024-2025,missing,44e3080cb989d5ae104ac5f115d1f9677bd4b0991bf30630d0f7113b7bcb6fee,44e3080cb989d5ae104ac5f115d1f9677bd4b0991bf30630d0f7113b7bcb6fee,44e3080cb989d5ae104ac5f115d1f9677bd4b0991bf30630d0f7113b7bcb6fee,1,True,True,True,1.0,1.0,0.5106,medium,True,True,title_plus_publisher,0.3724,0.5106,"{""primary"": {""prediction_count"": 1, ""top1_id"": ""44e3080cb989d5ae104ac5f115d1f9677bd4b0991bf30630d0f7113b7bcb6fee"", ""top1_score"": 0.3724}, ""publisher_as_title"": {""prediction_count"": 0, ""top1_id"": """", ""top1_score"": 0.0}, ""title_plus_publisher"": {""prediction_count"": 3, ""top1_id"": ""44e3080cb989d5ae104ac5f115d1f9677bd4b0991bf30630d0f7113b7bcb6fee"", ""top1_score"": 0.5106}, ""title_publisher_swapped"": {""prediction_count"": 0, ""top1_id"": """", ""top1_score"": 0.0}}",sparse,assessment_naming_regime,standard_state,standard_catalog_mapping,assessment_short_or_acronym_title,yes,yes,no,44e3080cb989d5ae104ac5f115d1f9677bd4b0991bf30630d0f7113b7bcb6fee,0.5106,89ff1e8788dfa2c44bc425caa1ddf1a7c22dc223f9baa36e6213a508124a94c8,0.3478,e68a5b1beee66c66a24185ee630717efe9efd82b4dd439b407a4e8b2e46031c3,0.3132,,,,,,,,,,,,,,,assessment_like,assessment_like_consistent,SAT,SAT,Assessment,College Board,False,False,False,standard_catalog_mapping
003201f6a4e8442ed2cd43fa9b229cbaa401d3f03ef465fa82d1c00524ccb71b,NJ,SAT,College Board,Math,Assessment,12,44e3080cb989d5ae104ac5f115d1f9677bd4b0991bf30630d0f7113b7bcb6fee,2023-2024,present,44e3080cb989d5ae104ac5f115d1f9677bd4b0991bf30630d0f7113b7bcb6fee,44e3080cb989d5ae104ac5f115d1f9677bd4b0991bf30630d0f7113b7bcb6fee,44e3080cb989d5ae104ac5f115d1f9677bd4b0991bf30630d0f7113b7bcb6fee,1,True,True,True,1.0,1.0,0.6224,medium,False,False,primary,0.6224,0.6224,"{""primary"": {""prediction_count"": 1, ""top1_id"": ""44e3080cb989d5ae104ac5f115d1f9677bd4b0991bf30630d0f7113b7bcb6fee"", ""top1_score"": 0.6224}}",medium,assessment_naming_regime,standard_state,standard_catalog_mapping,assessment_short_or_acronym_title,yes,no,no,44e3080cb989d5ae104ac5f115d1f9677bd4b0991bf30630d0f7113b7bcb6fee,0.6224,,,,,,,,,,,,,,,,,,,assessment_like,assessment_like_consistent,SAT,SAT,Assessment,College Board,False,False,False,standard_catalog_mapping
0048737c84cb85a8943191950bbf489aef73a2238775fbdc7aaf44c77c6658d2,NM,NAEP,,Math,Assessment,8,d0f524831b4a5fb961609a8dce8c85a7364ee9eb9853a8a80932b6835801feba,2024-2025,missing,d0f524831b4a5fb961609a8dce8c85a7364ee9eb9853a8a80932b6835801feba,d0f524831b4a5fb961609a8dce8c85a7364ee9eb9853a8a80932b6835801feba,d0f524831b4a5fb961609a8dce8c85a7364ee9eb9853a8a80932b6835801feba,1,True,True,True,1.0,1.0,0.3948,low,True,False,primary,0.3948,0.3948,"{""primary"": {""prediction_count"": 4, ""top1_id"": ""d0f524831b4a5fb961609a8dce8c85a7364ee9eb9853a8a80932b6835801feba"", ""top1_score"": 0.3948}, ""publisher_as_title"": {""prediction_count"": 0, ""top1_id"": """", ""top1_score"": 0.0}, ""title_plus_publisher"": {""prediction_count"": 8, ""top1_id"": ""d0f524831b4a5fb961609a8dce8c85a7364ee9eb9853a8a80932b6835801feba"", ""top1_score"": 0.4035}, ""title_publisher_swapped"": {""prediction_count"": 0, ""top1_id"": """", ""top1_score"": 0.0}}",sparse,assessment_naming_regime,standard_state,standard_catalog_mapping,assessment_short_or_acronym_title,yes,yes,no,d0f524831b4a5fb961609a8dce8c85a7364ee9eb9853a8a80932b6835801feba,0.3948,a54af1e33dd7fae2dc57413086ce85c49665116fcd410e0d403fb05ceb79c542,0.2498,9b41baefd0d7404d6bedc57ef09f5077e74359bcae70236a76c1418927415066,0.2042,7c5a80ae2b4ce40c9419c777933d5ce858c0c8479965dd8ae9f95086723e199c,0.1935,,,,,,,,,,,,,assessment_like,assessment_like_consistent,National Assessment of Educational Progress (NAEP),National Assessment of Educational Progress (NAEP),Assessment,U.S. Department of Education,False,False,False,standard_catalog_mapping
004ea96a50f403d324eb0b9e86c7175b1c419358abdc526a420b8305c2aab1ab,NM,SAT,,Math,Assessment,12,44e3080cb989d5ae104ac5f115d1f9677bd4b0991bf30630d0f7113b7bcb6fee,2023-2024,missing,44e3080cb989d5ae104ac5f115d1f9677bd4b0991bf30630d0f7113b7bcb6fee,44e3080cb989d5ae104ac5f115d1f9677bd4b0991bf30630d0f7113b7bcb6fee,44e3080cb989d5ae104ac5f115d1f9677bd4b0991bf30630d0f7113b7bcb6fee,1,True,True,True,1.0,1.0,0.5106,medium,True,True,title_plus_publisher,0.3724,0.5106,"{""primary"": {""prediction_count"": 1, ""top1_id"": ""44e3080cb989d5ae104ac5f115d1f9677bd4b0991bf30630d0f7113b7bcb6fee"", ""top1_score"": 0.3724}, ""publisher_as_title"": {""prediction_count"": 0, ""top1_id"": """", ""top1_score"": 0.0}, ""title_plus_publisher"": {""prediction_count"": 3, ""top1_id"": ""44e3080cb989d5ae104ac5f115d1f9677bd4b0991bf30630d0f7113b7bcb6fee"", ""top1_score"": 0.5106}, ""title_publisher_swapped"": {""prediction_count"": 0, ""top1_id"": """", ""top1_score"": 0.0}}",sparse,assessment_naming_regime,standard_state,standard_catalog_mapping,assessment_short_or_acronym_title,yes,yes,no,44e3080cb989d5ae104ac5f115d1f9677bd4b0991bf30630d0f7113b7bcb6fee,0.5106,89ff1e8788dfa2c44bc425caa1ddf1a7c22dc223f9baa36e6213a508124a94c8,0.3478,e68a5b1beee66c66a24185ee630717efe9efd82b4dd439b407a4e8b2e46031c3,0.3132,,,,,,,,,,,,,,,assessment_like,assessment_like_consistent,SAT,SAT,Assessment,College Board,False,False,False,standard_catalog_mapping
00633d7d770a360bb6b233e9ca7ed8437f26ca90a7504027f1ae3cec959e7f24,NV,NAEP,,Math,Assessment,NI,d0f524831b4a5fb961609a8dce8c85a7364ee9eb9853a8a80932b6835801feba,2024-2025,missing,d0f524831b4a5fb961609a8dce8c85a7364ee9eb9853a8a80932b6835801feba,d0f524831b4a5fb961609a8dce8c85a7364ee9eb9853a8a80932b6835801feba,d0f524831b4a5fb961609a8dce8c85a7364ee9eb9853a8a80932b6835801feba,1,True,True,True,1.0,1.0,0.3948,low,True,False,primary,0.3948,0.3948,"{""primary"": {""prediction_count"": 4, ""top1_id"": ""d0f524831b4a5fb961609a8dce8c85a7364ee9eb9853a8a80932b6835801feba"", ""top1_score"": 0.3948}, ""publisher_as_title"": {""prediction_count"": 0, ""top1_id"": """", ""top1_score"": 0.0}, ""title_plus_publisher"": {""prediction_count"": 8, ""top1_id"": ""d0f524831b4a5fb961609a8dce8c85a7364ee9eb9853a8a80932b6835801feba"", ""top1_score"": 0.4035}, ""title_publisher_swapped"": {""prediction_count"": 0, ""top1_id"": """", ""top1_score"": 0.0}}",sparse,assessment_naming_regime,standard_state,standard_catalog_mapping,assessment_short_or_acronym_title,yes,yes,no,d0f524831b4a5fb961609a8dce8c85a7364ee9eb9853a8a80932b6835801feba,0.3948,a54af1e33dd7fae2dc57413086ce85c49665116fcd410e0d403fb05ceb79c542,0.2498,9b41baefd0d7404d6bedc57ef09f5077e74359bcae70236a76c1418927415066,0.2042,7c5a80ae2b4ce40c9419c777933d5ce858c0c8479965dd8ae9f95086723e199c,0.1935,,,,,,,,,,,,,assessment_like,assessment_like_consistent,National Assessment of Educational Progress (NAEP),National Assessment of Educational Progress (NAEP),Assessment,U.S. Department of Education,False,False,False,standard_catalog_mapping
00941f1c6025e2e6c1cb09311127eb8945fd0d04f5f370e909d253084b862db3,NY,IXL Math Snapshot,,Math,Assessment,9,b163aefd5ba108a150e920f3bdd335d8be9b73493c226f597a409ee2ca4a625d,2024-2025,missing,b163aefd5ba108a150e920f3bdd335d8be9b73493c226f597a409ee2ca4a625d,b163aefd5ba108a150e920f3bdd335d8be9b73493c226f597a409ee2ca4a625d,b7fa2e4a434ea8b4a27ccca72480ad48d1113731f072a341e2cd7bb1fdd7c4ee,0,False,False,False,0.0,0.0,0.3416,low,True,False,primary,0.3416,0.3416,"{""primary"": {""prediction_count"": 2, ""top1_id"": ""b7fa2e4a434ea8b4a27ccca72480ad48d1113731f072a341e2cd7bb1fdd7c4ee"", ""top1_score"": 0.3416}, ""publisher_as_title"": {""prediction_count"": 0, ""top1_id"": """", ""top1_score"": 0.0}, ""title_plus_publisher"": {""prediction_count"": 7, ""top1_id"": ""fb4f620c27277af063dc5164051dfd0858ecb996f9949a58b9a63e092532cbc5"", ""top1_score"": 0.417}, ""title_publisher_swapped"": {""prediction_count"": 0, ""top1_id"": """", ""top1_score"": 0.0}}",medium,assessment_naming_regime,standard_state,standard_catalog_mapping,assessment_publisher_missing,no,yes,no,b7fa2e4a434ea8b4a27ccca72480ad48d1113731f072a341e2cd7bb1fdd7c4ee,0.3416,a9f210f21b66b6a13e6ff004ae0b1511bbfa6fb11140aedbeb3055e2c382473d,0.3415,,,,,,,,,,,,,,,,,assessment_like,assessment_like_consistent,IXL Real-Time Diagnostic,IXL Real-Time Diagnostic,Assessment,IXL Learning,False,False,False,standard_catalog_mapping
002335c57187eacc8920f5d831db147195479fe8361e193953e1d6d8258fa278,OH,Ohio State Tests,,Math,Assessment,3,5b06019e75db74cb43ec4bcdbec2c6dc71392d6fca239bdc06827c808f38b72c,2023-2024,missing,5b06019e75db74cb43ec4bcdbec2c6dc71392d6fca239bdc06827c808f38b72c,5b06019e75db74cb43ec4bcdbec2c6dc71392d6fca239bdc06827c808f38b72c,41c18110255efbf407217111f8f817049b8ab777a393e817e075939f5c73f679,0,False,False,False,0.0,0.0,0.317,low,True,True,title_plus_publisher,0.0,0.317,"{""primary"": {""prediction_count"": 0, ""top1_id"": """", ""top1_score"": 0.0}, ""publisher_as_title"": {""prediction_count"": 0, ""top1_id"": """", ""top1_score"": 0.0}, ""title_plus_publisher"": {""prediction_count"": 1, ""top1_id"": ""41c18110255efbf407217111f8f817049b8ab777a393e817e075939f5c73f679"", ""top1_score"": 0.317}, ""title_publisher_swapped"": {""prediction_count"": 0, ""top1_id"": """", ""top1_score"": 0.0}}",medium,assessment_naming_regime,standard_state,standard_catalog_mapping,assessment_publisher_missing,no,yes,no,41c18110255efbf407217111f8f817049b8ab777a393e817e075939f5c73f679,0.317,,,,,,,,,,,,,,,,,,,assessment_like,assessment_like_consistent,State Created Assessments,State Created Assessments,Assessment,State Created Materials,False,False,False,standard_catalog_mapping
00e287f46f1f4fc017ccf563b4520debcaf9368686c4b3ef7cab57c15de87ba2,OK,Oklahoma Alternate Assessment Program (OAAP),,Math,Assessment,3,5b06019e75db74cb43ec4bcdbec2c6dc71392d6fca239bdc06827c808f38b72c,2023-2024,missing,5b06019e75db74cb43ec4bcdbec2c6dc71392d6fca239bdc06827c808f38b72c,5b06019e75db74cb43ec4bcdbec2c6dc71392d6fca239bdc06827c808f38b72c,7c5a80ae2b4ce40c9419c777933d5ce858c0c8479965dd8ae9f95086723e199c,0,False,False,False,0.0,0.0,0.2803,very_low,True,True,title_plus_publisher,0.0,0.2803,"{""primary"": {""prediction_count"": 0, ""top1_id"": """", ""top1_score"": 0.0}, ""publisher_as_title"": {""prediction_count"": 0, ""top1_id"": """", ""top1_score"": 0.0}, ""title_plus_publisher"": {""prediction_count"": 2, ""top1_id"": ""7c5a80ae2b4ce40c9419c777933d5ce858c0c8479965dd8ae9f95086723e199c"", ""top1_score"": 0.2803}, ""title_publisher_swapped"": {""prediction_count"": 0, ""top1_id"": """", ""top1_score"": 0.0}}",medium,assessment_naming_regime,standard_state,standard_catalog_mapping,assessment_publisher_missing,no,yes,no,7c5a80ae2b4ce40c9419c777933d5ce858c0c8479965dd8ae9f95086723e199c,0.2803,b764e53683e0865d736d8d00682a29f04ede4399e07e82ba6b8022a248feb7bf,0.2792,,,,,,,,,,,,,,,,,assessment_like,assessment_like_consistent,State Created Assessments,State Created Assessments,Assessment,State Created Materials,False,False,False,standard_catalog_mapping
00d13a21a33703b37708cadc578504f08b50aa4ab49d6b1d81c9e5d783375295,OR,Acadience/IDEL,,Math,Assessment,5,50d146dedcc8cfc5cdd5363ef249e130f654f259a371e5441feef377a68a4e2c,2023-2024,missing,50d146dedcc8cfc5cdd5363ef249e130f654f259a371e5441feef377a68a4e2c,50d146dedcc8cfc5cdd5363ef249e130f654f259a371e5441feef377a68a4e2c,2ae6b81032e25f18dcbe863356431f896d018c91d624a0a6804daf39a9a743ea,0,False,False,False,0.0,0.0,0.2811,very_low,True,True,title_plus_publisher,0.0,0.2811,"{""primary"": {""prediction_count"": 0, ""top1_id"": """", ""top1_score"": 0.0}, ""publisher_as_title"": {""prediction_count"": 0, ""top1_id"": """", ""top1_score"": 0.0}, ""title_plus_publisher"": {""prediction_count"": 4, ""top1_id"": ""2ae6b81032e25f18dcbe863356431f896d018c91d624a0a6804daf39a9a743ea"", ""top1_score"": 0.2811}, ""title_publisher_swapped"": {""prediction_count"": 0, ""top1_id"": """", ""top1_score"": 0.0}}",sparse,assessment_naming_regime,standard_state,standard_catalog_mapping,assessment_short_or_acronym_title,yes,yes,no,2ae6b81032e25f18dcbe863356431f896d018c91d624a0a6804daf39a9a743ea,0.2811,a37c26cbf13c37b376c29912c58c1b652c6469fa6684c6eabffdcd0ac258831e,0.2516,94f75f9bfb1c81d3afee473823c3b0f84da5901ac30b65f82a9f8d6f892fc5af,0.2157,a20c6e858728ba2ab05e619880badae8bfa65d419a0ac636bc3abfae85b12891,0.1979,,,,,,,,,,,,,assessment_like,assessment_like_consistent,Acadience Math,Acadience Assessments,Assessment,Acadience Learning,False,False,False,standard_catalog_mapping
0022f0b5bc38a3e5916ab51fa74922b78b6a0effb7ed2c89c2e7ba9027db398f,PA,STAR,,Math,Assessment,10,61cd9bdcfd309ec294f0d5e279650ffd79c53359ee5edc84c0178605752c96d4,2024-2025,missing,61cd9bdcfd309ec294f0d5e279650ffd79c53359ee5edc84c0178605752c96d4,61cd9bdcfd309ec294f0d5e279650ffd79c53359ee5edc84c0178605752c96d4,,0,False,False,False,0.0,0.0,0.0,no_prediction,True,False,primary,0.0,0.0,"{""primary"": {""prediction_count"": 0, ""top1_id"": """", ""top1_score"": 0.0}, ""publisher_as_title"": {""prediction_count"": 0, ""top1_id"": """", ""top1_score"": 0.0}, ""title_plus_publisher"": {""prediction_count"": 0, ""top1_id"": """", ""top1_score"": 0.0}, ""title_publisher_swapped"": {""prediction_count"": 0, ""top1_id"": """", ""top1_score"": 0.0}}",sparse,assessment_naming_regime,standard_state,standard_catalog_mapping,assessment_short_or_acronym_title,yes,yes,no,,,,,,,,,,,,,,,,,,,,,assessment_like,assessment_like_consistent,Star Assessments,Star Assessments,Assessment,Renaissance,False,False,False,standard_catalog_mapping
006e103897ad39a95d6f63ed2cbe0618c90daa4614e97635f66a46979d636f96,PA,Classroom Diagnostic Tool (CDT),,Math,Assessment,5,5b06019e75db74cb43ec4bcdbec2c6dc71392d6fca239bdc06827c808f38b72c,2023-2024,missing,5b06019e75db74cb43ec4bcdbec2c6dc71392d6fca239bdc06827c808f38b72c,5b06019e75db74cb43ec4bcdbec2c6dc71392d6fca239bdc06827c808f38b72c,10d4b2b5cd0dcb71545a1e4ad30c68c865405160d9004ad84f1aa5c1736348aa,0,False,False,False,0.0,0.0,0.2803,very_low,True,True,title_plus_publisher,0.0,0.2803,"{""primary"": {""prediction_count"": 0, ""top1_id"": """", ""top1_score"": 0.0}, ""publisher_as_title"": {""prediction_count"": 0, ""top1_id"": """", ""top1_score"": 0.0}, ""title_plus_publisher"": {""prediction_count"": 3, ""top1_id"": ""10d4b2b5cd0dcb71545a1e4ad30c68c865405160d9004ad84f1aa5c1736348aa"", ""top1_score"": 0.2803}, ""title_publisher_swapped"": {""prediction_count"": 0, ""top1_id"": """", ""top1_score"": 0.0}}",medium,assessment_naming_regime,standard_state,standard_catalog_mapping,assessment_publisher_missing,no,yes,no,10d4b2b5cd0dcb71545a1e4ad30c68c865405160d9004ad84f1aa5c1736348aa,0.2803,1f3f7a7abbbd06d7706afded6cde2ee3705a1c2a0373fe1da11420427f7d5cb6,0.2546,8be2548fa7a5ffcb2c7a9bdc766f989764bbbd5beedf67d3234bd339ab010bac,0.2431,,,,,,,,,,,,,,,assessment_like,assessment_like_consistent,State Created Assessments,State Created Assessments,Assessment,State Created Materials,False,False,False,standard_catalog_mapping
0024154484cfcc04de104efe38182410c2978102390dadec4cdb22a00a2564de,SC,FAST,,Math,Assessment,K,5a61bd63948ea0f4e69b6b3fc3db322c4fcbb1d3056ba0df85ca77ced410f760,2023-2024,missing,5a61bd63948ea0f4e69b6b3fc3db322c4fcbb1d3056ba0df85ca77ced410f760,5a61bd63948ea0f4e69b6b3fc3db322c4fcbb1d3056ba0df85ca77ced410f760,cf4e9f0d7dd009c1ec1123ed48fb81adb27a583705dfb0c44c76f544756d65b4,0,False,False,False,0.0,0.0,0.38,low,True,True,title_plus_publisher,0.0,0.38,"{""primary"": {""prediction_count"": 0, ""top1_id"": """", ""top1_score"": 0.0}, ""publisher_as_title"": {""prediction_count"": 0, ""top1_id"": """", ""top1_score"": 0.0}, ""title_plus_publisher"": {""prediction_count"": 5, ""top1_id"": ""cf4e9f0d7dd009c1ec1123ed48fb81adb27a583705dfb0c44c76f544756d65b4"", ""top1_score"": 0.38}, ""title_publisher_swapped"": {""prediction_count"": 0, ""top1_id"": """", ""top1_score"": 0.0}}",sparse,assessment_naming_regime,standard_state,standard_catalog_mapping,assessment_short_or_acronym_title,yes,yes,no,cf4e9f0d7dd009c1ec1123ed48fb81adb27a583705dfb0c44c76f544756d65b4,0.38,44e3080cb989d5ae104ac5f115d1f9677bd4b0991bf30630d0f7113b7bcb6fee,0.3557,4f036648f8d433ad384bc97448547061ea645b8a22afbba41b4345faf73cf6fe,0.3343,89ff1e8788dfa2c44bc425caa1ddf1a7c22dc223f9baa36e6213a508124a94c8,0.3119,e68a5b1beee66c66a24185ee630717efe9efd82b4dd439b407a4e8b2e46031c3,0.2856,,,,,,,,,,,assessment_like,assessment_like_consistent,FastBridge,FastBridge,Assessment,Illuminate Education,False,False,False,standard_catalog_mapping
002452e7988c363295fa60791ef010e0bf3777a3d418cfb6c2bb03b5dfcd136d,SC,ACT,,Math,Assessment,NI,89ff1e8788dfa2c44bc425caa1ddf1a7c22dc223f9baa36e6213a508124a94c8,2023-2024,missing,89ff1e8788dfa2c44bc425caa1ddf1a7c22dc223f9baa36e6213a508124a94c8,89ff1e8788dfa2c44bc425caa1ddf1a7c22dc223f9baa36e6213a508124a94c8,89ff1e8788dfa2c44bc425caa1ddf1a7c22dc223f9baa36e6213a508124a94c8,1,True,True,True,1.0,1.0,0.4786,low,True,True,title_plus_publisher,0.0,0.4786,"{""primary"": {""prediction_count"": 0, ""top1_id"": """", ""top1_score"": 0.0}, ""publisher_as_title"": {""prediction_count"": 0, ""top1_id"": """", ""top1_score"": 0.0}, ""title_plus_publisher"": {""prediction_count"": 4, ""top1_id"": ""89ff1e8788dfa2c44bc425caa1ddf1a7c22dc223f9baa36e6213a508124a94c8"", ""top1_score"": 0.4786}, ""title_publisher_swapped"": {""prediction_count"": 0, ""top1_id"": """", ""top1_score"": 0.0}}",sparse,assessment_naming_regime,standard_state,standard_catalog_mapping,assessment_short_or_acronym_title,yes,yes,no,89ff1e8788dfa2c44bc425caa1ddf1a7c22dc223f9baa36e6213a508124a94c8,0.4786,0b5831faa98b0826ca2de59de0de14bd81f64dba88f807edd3d1c62dc193c39f,0.3559,61ce57189a44e7823dc8c783090542dadb39b1f374e237389cf0d3b19adfc099,0.3507,6667918b486d7ffdfc7270106202ebdf070d4780d1f134bacf52554c33e2da96,0.3437,,,,,,,,,,,,,assessment_like,assessment_like_consistent,ACT,ACT,Assessment,ACT,False,False,False,standard_catalog_mapping
0021306d184b5ec06296ff87ab3c814621abe138420d5043aefad42a32086ef9,SC,Fastbridge,Fastbridge,Math,Assessment,10,5a61bd63948ea0f4e69b6b3fc3db322c4fcbb1d3056ba0df85ca77ced410f760,2023-2024,present,5a61bd63948ea0f4e69b6b3fc3db322c4fcbb1d3056ba0df85ca77ced410f760,5a61bd63948ea0f4e69b6b3fc3db322c4fcbb1d3056ba0df85ca77ced410f760,5a61bd63948ea0f4e69b6b3fc3db322c4fcbb1d3056ba0df85ca77ced410f760,1,True,True,True,1.0,1.0,0.5283,medium,True,False,primary,0.5283,0.5283,"{""primary"": {""prediction_count"": 1, ""top1_id"": ""5a61bd63948ea0f4e69b6b3fc3db322c4fcbb1d3056ba0df85ca77ced410f760"", ""top1_score"": 0.5283}, ""publisher_as_title"": {""prediction_count"": 1, ""top1_id"": ""5a61bd63948ea0f4e69b6b3fc3db322c4fcbb1d3056ba0df85ca77ced410f760"", ""top1_score"": 0.5283}, ""title_plus_publisher"": {""prediction_count"": 1, ""top1_id"": ""5a61bd63948ea0f4e69b6b3fc3db322c4fcbb1d3056ba0df85ca77ced410f760"", ""top1_score"": 0.5876}, ""title_publisher_swapped"": {""prediction_count"": 1, ""top1_id"": ""5a61bd63948ea0f4e69b6b3fc3db322c4fcbb1d3056ba0df85ca77ced410f760"", ""top1_score"": 0.5283}}",medium,assessment_naming_regime,standard_state,standard_catalog_mapping,assessment_short_or_acronym_title,yes,no,no,5a61bd63948ea0f4e69b6b3fc3db322c4fcbb1d3056ba0df85ca77ced410f760,0.5283,,,,,,,,,,,,,,,,,,,assessment_like,assessment_like_consistent,FastBridge,FastBridge,Assessment,Illuminate Education,False,False,False,standard_catalog_mapping
00094c066fa9fa4b5880e712a8e4c8e2f3ef38a762c17fee1c701c3bb974ef35,TN,TCAP Alternate Assessments,,Math,Assessment,7,5b06019e75db74cb43ec4bcdbec2c6dc71392d6fca239bdc06827c808f38b72c,2024-2025,missing,5b06019e75db74cb43ec4bcdbec2c6dc71392d6fca239bdc06827c808f38b72c,5b06019e75db74cb43ec4bcdbec2c6dc71392d6fca239bdc06827c808f38b72c,50d146dedcc8cfc5cdd5363ef249e130f654f259a371e5441feef377a68a4e2c,4,False,False,True,0.25,0.4307,0.3574,low,True,False,primary,0.3574,0.3574,"{""primary"": {""prediction_count"": 4, ""top1_id"": ""50d146dedcc8cfc5cdd5363ef249e130f654f259a371e5441feef377a68a4e2c"", ""top1_score"": 0.3574}, ""publisher_as_title"": {""prediction_count"": 0, ""top1_id"": """", ""top1_score"": 0.0}, ""title_plus_publisher"": {""prediction_count"": 10, ""top1_id"": ""7e25ba5a5e60d9711114698c39b5f47883e5374dbf152c8a5757762b3aac5da9"", ""top1_score"": 0.4538}, ""title_publisher_swapped"": {""prediction_count"": 0, ""top1_id"": """", ""top1_score"": 0.0}}",medium,assessment_naming_regime,standard_state,standard_catalog_mapping,assessment_publisher_missing,no,yes,no,50d146dedcc8cfc5cdd5363ef249e130f654f259a371e5441feef377a68a4e2c,0.3574,5cb3afc858d1ae3193e73fb9c24cb6de7480dd927d0db5309c407feaef9c3e00,0.2364,61cd9bdcfd309ec294f0d5e279650ffd79c53359ee5edc84c0178605752c96d4,0.235,5b06019e75db74cb43ec4bcdbec2c6dc71392d6fca239bdc06827c808f38b72c,0.2251,,,,,,,,,,,,,assessment_like,assessment_gold_present_selection_issue,State Created Assessments,State Created Assessments,Assessment,State Created Materials,False,False,False,standard_catalog_mapping
009aa58bf5089ace8b6bee8bbee0c3c7cfb22409363036199cf755e452d461d1,TN,TCAP/TNReady (Tennessee Comprehensive Assessment Program) Achievement Test,,Math,Assessment,8,5b06019e75db74cb43ec4bcdbec2c6dc71392d6fca239bdc06827c808f38b72c,2024-2025,missing,5b06019e75db74cb43ec4bcdbec2c6dc71392d6fca239bdc06827c808f38b72c,5b06019e75db74cb43ec4bcdbec2c6dc71392d6fca239bdc06827c808f38b72c,,0,False,False,False,0.0,0.0,0.0,no_prediction,True,False,primary,0.0,0.0,"{""primary"": {""prediction_count"": 0, ""top1_id"": """", ""top1_score"": 0.0}, ""publisher_as_title"": {""prediction_count"": 0, ""top1_id"": """", ""top1_score"": 0.0}, ""title_plus_publisher"": {""prediction_count"": 0, ""top1_id"": """", ""top1_score"": 0.0}, ""title_publisher_swapped"": {""prediction_count"": 0, ""top1_id"": """", ""top1_score"": 0.0}}",medium,assessment_naming_regime,standard_state,standard_catalog_mapping,assessment_publisher_missing,no,yes,no,,,,,,,,,,,,,,,,,,,,,assessment_like,assessment_like_consistent,State Created Assessments,State Created Assessments,Assessment,State Created Materials,False,False,False,standard_catalog_mapping
008bcdfd87de75be31ad4075cc57af07050eb06f127f049a32166986152da4cc,TN,ACT Practice Tests,ACT Practice Tests,Math,Assessment,8,9b41baefd0d7404d6bedc57ef09f5077e74359bcae70236a76c1418927415066,2024-2025,present,9b41baefd0d7404d6bedc57ef09f5077e74359bcae70236a76c1418927415066,9b41baefd0d7404d6bedc57ef09f5077e74359bcae70236a76c1418927415066,4e828e79c2863249eceae83182dbe7bb2c0b876c36fb6bbfe42ea2b969e12037,0,False,False,False,0.0,0.0,0.3994,low,True,True,title_plus_publisher,0.0,0.3994,"{""primary"": {""prediction_count"": 0, ""top1_id"": """", ""top1_score"": 0.0}, ""publisher_as_title"": {""prediction_count"": 0, ""top1_id"": """", ""top1_score"": 0.0}, ""title_plus_publisher"": {""prediction_count"": 3, ""top1_id"": ""4e828e79c2863249eceae83182dbe7bb2c0b876c36fb6bbfe42ea2b969e12037"", ""top1_score"": 0.3994}, ""title_publisher_swapped"": {""prediction_count"": 0, ""top1_id"": """", ""top1_score"": 0.0}}",medium,assessment_naming_regime,standard_state,standard_catalog_mapping,assessment_other,no,no,no,4e828e79c2863249eceae83182dbe7bb2c0b876c36fb6bbfe42ea2b969e12037,0.3994,8788e9e51f71d01c22cc28cb54348d817cf11ccb46075533ceb7bb382ee22f32,0.2861,d6465315ebb32cf33e7e2e74c71cb12534187c55f6abf224ad248b95d3d41664,0.2701,,,,,,,,,,,,,,,assessment_like,assessment_like_consistent,Other Assessment - Not in Catalog,Other,Assessment,Other,False,False,False,standard_catalog_mapping
000449db4f36f2481f9dfc1a3f9c9dc3a64b41cf2a05bb8ab1b74f490e2cefcb,TX,STARR,,Math,Assessment,7,5b06019e75db74cb43ec4bcdbec2c6dc71392d6fca239bdc06827c808f38b72c,2024-2025,missing,5b06019e75db74cb43ec4bcdbec2c6dc71392d6fca239bdc06827c808f38b72c,5b06019e75db74cb43ec4bcdbec2c6dc71392d6fca239bdc06827c808f38b72c,,0,False,False,False,0.0,0.0,0.0,no_prediction,True,False,primary,0.0,0.0,"{""primary"": {""prediction_count"": 0, ""top1_id"": """", ""top1_score"": 0.0}, ""publisher_as_title"": {""prediction_count"": 0, ""top1_id"": """", ""top1_score"": 0.0}, ""title_plus_publisher"": {""prediction_count"": 0, ""top1_id"": """", ""top1_score"": 0.0}, ""title_publisher_swapped"": {""prediction_count"": 0, ""top1_id"": """", ""top1_score"": 0.0}}",sparse,assessment_naming_regime,adoption_state_high_risk,standard_catalog_mapping,assessment_short_or_acronym_title,yes,yes,no,,,,,,,,,,,,,,,,,,,,,assessment_like,assessment_like_consistent,State Created Assessments,State Created Assessments,Assessment,State Created Materials,False,False,False,standard_catalog_mapping
0029db0d2356962c9501a1ff088a7000d242afddcc6ebd570f0ca0c8ce8fb953,TX,STAAR,,Math,Assessment,6,5528a5f7af0a0016edafee9f1f6a55638a6fa16bae5b3f7afca8967236f50421,2024-2025,missing,5528a5f7af0a0016edafee9f1f6a55638a6fa16bae5b3f7afca8967236f50421,5528a5f7af0a0016edafee9f1f6a55638a6fa16bae5b3f7afca8967236f50421,88b78572b8294d17d43ac5d926ace0a7b6900b49b9a43c1195ba0351d343a22d,7,False,False,True,0.1429,0.3333,0.5801,medium,False,False,primary,0.5801,0.5801,"{""primary"": {""prediction_count"": 10, ""top1_id"": ""88b78572b8294d17d43ac5d926ace0a7b6900b49b9a43c1195ba0351d343a22d"", ""top1_score"": 0.5801}}",medium,assessment_naming_regime,catalog_state_specific_expected,standard_catalog_mapping,assessment_state_specific_expected,no,yes,yes,88b78572b8294d17d43ac5d926ace0a7b6900b49b9a43c1195ba0351d343a22d,0.5801,0808815ee9aa2047dd92f5f745521ce1e5bd6c667f6933cee8c9faf60044a68c,0.5605,70692c33b956b49cb473a553a81ba1bd10798764bca9cb8a738c66d7369e63df,0.5547,1f3ed77a53f8f3e6d9da6cc2b404e157811d15e3bdde343016f54d84d3d6e6fc,0.5421,c548fe80d1d4856d586acf0431c7a69b01614aef762eaa4f86914dfe65d71e20,0.5286,52d9cf94f79a8a4da74d64e1273c21f1964beb3054c640f1c77d79e221a4c33c,0.4899,5528a5f7af0a0016edafee9f1f6a55638a6fa16bae5b3f7afca8967236f50421,0.4228,c070603b28770c4789d6f77b93d25d06bd6b4ef9610fcdaf3c00310526252277,0.4096,049c984638ebf112b1f15aff316b0cd283131c4b3b1c64011199858284996b27,0.4063,0a1380ce179cf6a04af1f2e3adceeae0aa3150587a9244bc31179a3aebbf67f9,0.3782,assessment_like,assessment_gold_present_selection_issue,STAAR Interim Assessments,STAAR Interim Assessments,Assessment,Texas Education Agency (TEA),False,False,True,standard_catalog_mapping
0052460334b830d5ba6c8afc78f282d9baf7362dacf8070862cb25fccb097bf2,TX,Benchmark/SIA 2 (STAAR Interim**),,Math,Assessment,6,5b06019e75db74cb43ec4bcdbec2c6dc71392d6fca239bdc06827c808f38b72c,2023-2024,missing,5b06019e75db74cb43ec4bcdbec2c6dc71392d6fca239bdc06827c808f38b72c,5b06019e75db74cb43ec4bcdbec2c6dc71392d6fca239bdc06827c808f38b72c,88b78572b8294d17d43ac5d926ace0a7b6900b49b9a43c1195ba0351d343a22d,0,False,False,False,0.0,0.0,0.5602,medium,False,False,primary,0.5602,0.5602,"{""primary"": {""prediction_count"": 10, ""top1_id"": ""88b78572b8294d17d43ac5d926ace0a7b6900b49b9a43c1195ba0351d343a22d"", ""top1_score"": 0.5602}}",medium,assessment_naming_regime,adoption_state_high_risk,standard_catalog_mapping,assessment_publisher_missing,no,yes,no,88b78572b8294d17d43ac5d926ace0a7b6900b49b9a43c1195ba0351d343a22d,0.5602,0808815ee9aa2047dd92f5f745521ce1e5bd6c667f6933cee8c9faf60044a68c,0.5504,70692c33b956b49cb473a553a81ba1bd10798764bca9cb8a738c66d7369e63df,0.5464,1f3ed77a53f8f3e6d9da6cc2b404e157811d15e3bdde343016f54d84d3d6e6fc,0.5325,c548fe80d1d4856d586acf0431c7a69b01614aef762eaa4f86914dfe65d71e20,0.5184,52d9cf94f79a8a4da74d64e1273c21f1964beb3054c640f1c77d79e221a4c33c,0.4727,7e25ba5a5e60d9711114698c39b5f47883e5374dbf152c8a5757762b3aac5da9,0.4259,5528a5f7af0a0016edafee9f1f6a55638a6fa16bae5b3f7afca8967236f50421,0.4227,049c984638ebf112b1f15aff316b0cd283131c4b3b1c64011199858284996b27,0.399,c070603b28770c4789d6f77b93d25d06bd6b4ef9610fcdaf3c00310526252277,0.3966,assessment_like,assessment_like_consistent,State Created Assessments,State Created Assessments,Assessment,State Created Materials,False,False,False,standard_catalog_mapping
0069ff38a7d14563415662ec036b1a6b003274f7deef6cdaf75d2f99276033a9,TX,PSAT,,Math,Assessment,10,e68a5b1beee66c66a24185ee630717efe9efd82b4dd439b407a4e8b2e46031c3,2024-2025,missing,e68a5b1beee66c66a24185ee630717efe9efd82b4dd439b407a4e8b2e46031c3,e68a5b1beee66c66a24185ee630717efe9efd82b4dd439b407a4e8b2e46031c3,e68a5b1beee66c66a24185ee630717efe9efd82b4dd439b407a4e8b2e46031c3,1,True,True,True,1.0,1.0,0.3808,low,True,False,primary,0.3808,0.3808,"{""primary"": {""prediction_count"": 1, ""top1_id"": ""e68a5b1beee66c66a24185ee630717efe9efd82b4dd439b407a4e8b2e46031c3"", ""top1_score"": 0.3808}, ""publisher_as_title"": {""prediction_count"": 0, ""top1_id"": """", ""top1_score"": 0.0}, ""title_plus_publisher"": {""prediction_count"": 3, ""top1_id"": ""e68a5b1beee66c66a24185ee630717efe9efd82b4dd439b407a4e8b2e46031c3"", ""top1_score"": 0.5005}, ""title_publisher_swapped"": {""prediction_count"": 0, ""top1_id"": """", ""top1_score"": 0.0}}",sparse,assessment_naming_regime,adoption_state_high_risk,standard_catalog_mapping,assessment_short_or_acronym_title,yes,yes,no,e68a5b1beee66c66a24185ee630717efe9efd82b4dd439b407a4e8b2e46031c3,0.3808,,,,,,,,,,,,,,,,,,,assessment_like,assessment_like_consistent,PSAT,PSAT,Assessment,College Board,False,False,False,standard_catalog_mapping
007d51284a4a0ae4e3cf6c1c5855c933f8427233802a2eeb0f736987e56a5447,TX,Summit K-12 Progress Monitoring - Pre-Screener,,Math,Assessment,9,9b41baefd0d7404d6bedc57ef09f5077e74359bcae70236a76c1418927415066,2023-2024,missing,9b41baefd0d7404d6bedc57ef09f5077e74359bcae70236a76c1418927415066,9b41baefd0d7404d6bedc57ef09f5077e74359bcae70236a76c1418927415066,e683db893d37ef467bb44fb417abe79d2c2688b1854151d1e733092cf03c883f,0,False,False,False,0.0,0.0,0.3234,low,True,True,title_plus_publisher,0.0,0.3234,"{""primary"": {""prediction_count"": 0, ""top1_id"": """", ""top1_score"": 0.0}, ""publisher_as_title"": {""prediction_count"": 0, ""top1_id"": """", ""top1_score"": 0.0}, ""title_plus_publisher"": {""prediction_count"": 1, ""top1_id"": ""e683db893d37ef467bb44fb417abe79d2c2688b1854151d1e733092cf03c883f"", ""top1_score"": 0.3234}, ""title_publisher_swapped"": {""prediction_count"": 0, ""top1_id"": """", ""top1_score"": 0.0}}",medium,assessment_naming_regime,adoption_state_high_risk,standard_catalog_mapping,assessment_publisher_missing,no,yes,no,e683db893d37ef467bb44fb417abe79d2c2688b1854151d1e733092cf03c883f,0.3234,,,,,,,,,,,,,,,,,,,assessment_like,assessment_like_consistent,Other Assessment - Not in Catalog,Other,Assessment,Other,False,False,False,standard_catalog_mapping
009a4341880d39e00044c9fc8623930c5e6fce11c1ddecf7ac7c442fb6359657,TX,STAAR,,Math,Assessment,6,5528a5f7af0a0016edafee9f1f6a55638a6fa16bae5b3f7afca8967236f50421,2024-2025,missing,5528a5f7af0a0016edafee9f1f6a55638a6fa16bae5b3f7afca8967236f50421,5528a5f7af0a0016edafee9f1f6a55638a6fa16bae5b3f7afca8967236f50421,88b78572b8294d17d43ac5d926ace0a7b6900b49b9a43c1195ba0351d343a22d,7,False,False,True,0.1429,0.3333,0.5801,medium,False,False,primary,0.5801,0.5801,"{""primary"": {""prediction_count"": 10, ""top1_id"": ""88b78572b8294d17d43ac5d926ace0a7b6900b49b9a43c1195ba0351d343a22d"", ""top1_score"": 0.5801}}",medium,assessment_naming_regime,catalog_state_specific_expected,standard_catalog_mapping,assessment_state_specific_expected,no,yes,yes,88b78572b8294d17d43ac5d926ace0a7b6900b49b9a43c1195ba0351d343a22d,0.5801,0808815ee9aa2047dd92f5f745521ce1e5bd6c667f6933cee8c9faf60044a68c,0.5605,70692c33b956b49cb473a553a81ba1bd10798764bca9cb8a738c66d7369e63df,0.5547,1f3ed77a53f8f3e6d9da6cc2b404e157811d15e3bdde343016f54d84d3d6e6fc,0.5421,c548fe80d1d4856d586acf0431c7a69b01614aef762eaa4f86914dfe65d71e20,0.5286,52d9cf94f79a8a4da74d64e1273c21f1964beb3054c640f1c77d79e221a4c33c,0.4899,5528a5f7af0a0016edafee9f1f6a55638a6fa16bae5b3f7afca8967236f50421,0.4228,c070603b28770c4789d6f77b93d25d06bd6b4ef9610fcdaf3c00310526252277,0.4096,049c984638ebf112b1f15aff316b0cd283131c4b3b1c64011199858284996b27,0.4063,0a1380ce179cf6a04af1f2e3adceeae0aa3150587a9244bc31179a3aebbf67f9,0.3782,assessment_like,assessment_gold_present_selection_issue,STAAR Interim Assessments,STAAR Interim Assessments,Assessment,Texas Education Agency (TEA),False,False,True,standard_catalog_mapping
00af89e385b7bab4bd05379f5d647202a8c2468828a9ab7d38f3543546e39d50,TX,Circle,,Math,Assessment,NI,e683db893d37ef467bb44fb417abe79d2c2688b1854151d1e733092cf03c883f,2024-2025,missing,e683db893d37ef467bb44fb417abe79d2c2688b1854151d1e733092cf03c883f,e683db893d37ef467bb44fb417abe79d2c2688b1854151d1e733092cf03c883f,,0,False,False,False,0.0,0.0,0.0,no_prediction,True,False,primary,0.0,0.0,"{""primary"": {""prediction_count"": 0, ""top1_id"": """", ""top1_score"": 0.0}, ""publisher_as_title"": {""prediction_count"": 0, ""top1_id"": """", ""top1_score"": 0.0}, ""title_plus_publisher"": {""prediction_count"": 0, ""top1_id"": """", ""top1_score"": 0.0}, ""title_publisher_swapped"": {""prediction_count"": 0, ""top1_id"": """", ""top1_score"": 0.0}}",medium,assessment_naming_regime,catalog_state_specific_expected,standard_catalog_mapping,assessment_state_specific_expected,no,yes,yes,,,,,,,,,,,,,,,,,,,,,assessment_like,assessment_like_consistent,Circle Progress Monitoring System,Circle Progress Monitoring System,Assessment,CLI Engage,False,False,True,standard_catalog_mapping
002272626af2e7a672adc0843019f1fae028ffef355adccde9d69b998e8c20c7,TX,STAAR,Texas Education Agency,Math,Assessment,12,5528a5f7af0a0016edafee9f1f6a55638a6fa16bae5b3f7afca8967236f50421,2024-2025,present,5528a5f7af0a0016edafee9f1f6a55638a6fa16bae5b3f7afca8967236f50421,5528a5f7af0a0016edafee9f1f6a55638a6fa16bae5b3f7afca8967236f50421,049c984638ebf112b1f15aff316b0cd283131c4b3b1c64011199858284996b27,4,False,False,True,0.25,0.4307,0.7273,medium,False,False,primary,0.7273,0.7273,"{""primary"": {""prediction_count"": 10, ""top1_id"": ""049c984638ebf112b1f15aff316b0cd283131c4b3b1c64011199858284996b27"", ""top1_score"": 0.7273}}",rich,assessment_naming_regime,catalog_state_specific_expected,standard_catalog_mapping,assessment_state_specific_expected,no,no,yes,049c984638ebf112b1f15aff316b0cd283131c4b3b1c64011199858284996b27,0.7273,c070603b28770c4789d6f77b93d25d06bd6b4ef9610fcdaf3c00310526252277,0.6721,70692c33b956b49cb473a553a81ba1bd10798764bca9cb8a738c66d7369e63df,0.6628,5528a5f7af0a0016edafee9f1f6a55638a6fa16bae5b3f7afca8967236f50421,0.6603,1f3ed77a53f8f3e6d9da6cc2b404e157811d15e3bdde343016f54d84d3d6e6fc,0.635,0a1380ce179cf6a04af1f2e3adceeae0aa3150587a9244bc31179a3aebbf67f9,0.618,88b78572b8294d17d43ac5d926ace0a7b6900b49b9a43c1195ba0351d343a22d,0.5545,52d9cf94f79a8a4da74d64e1273c21f1964beb3054c640f1c77d79e221a4c33c,0.5337,0808815ee9aa2047dd92f5f745521ce1e5bd6c667f6933cee8c9faf60044a68c,0.5057,c548fe80d1d4856d586acf0431c7a69b01614aef762eaa4f86914dfe65d71e20,0.5038,assessment_like,assessment_gold_present_selection_issue,STAAR Interim Assessments,STAAR Interim Assessments,Assessment,Texas Education Agency (TEA),False,False,True,standard_catalog_mapping
002afe9a6fabf7c0a05c61458e6013819294c95ae215d4ed6b651abbbe269071,TX,STAAR,Texas Education Agency,Math,Assessment,10,5b06019e75db74cb43ec4bcdbec2c6dc71392d6fca239bdc06827c808f38b72c,2023-2024,present,5b06019e75db74cb43ec4bcdbec2c6dc71392d6fca239bdc06827c808f38b72c,5b06019e75db74cb43ec4bcdbec2c6dc71392d6fca239bdc06827c808f38b72c,70692c33b956b49cb473a553a81ba1bd10798764bca9cb8a738c66d7369e63df,0,False,False,False,0.0,0.0,0.6628,medium,False,False,primary,0.6628,0.6628,"{""primary"": {""prediction_count"": 10, ""top1_id"": ""70692c33b956b49cb473a553a81ba1bd10798764bca9cb8a738c66d7369e63df"", ""top1_score"": 0.6628}}",medium,assessment_naming_regime,adoption_state_high_risk,standard_catalog_mapping,assessment_short_or_acronym_title,yes,no,no,70692c33b956b49cb473a553a81ba1bd10798764bca9cb8a738c66d7369e63df,0.6628,5528a5f7af0a0016edafee9f1f6a55638a6fa16bae5b3f7afca8967236f50421,0.6603,049c984638ebf112b1f15aff316b0cd283131c4b3b1c64011199858284996b27,0.6373,1f3ed77a53f8f3e6d9da6cc2b404e157811d15e3bdde343016f54d84d3d6e6fc,0.635,88b78572b8294d17d43ac5d926ace0a7b6900b49b9a43c1195ba0351d343a22d,0.6145,52d9cf94f79a8a4da74d64e1273c21f1964beb3054c640f1c77d79e221a4c33c,0.5937,c070603b28770c4789d6f77b93d25d06bd6b4ef9610fcdaf3c00310526252277,0.5821,0808815ee9aa2047dd92f5f745521ce1e5bd6c667f6933cee8c9faf60044a68c,0.5657,0a1380ce179cf6a04af1f2e3adceeae0aa3150587a9244bc31179a3aebbf67f9,0.528,c548fe80d1d4856d586acf0431c7a69b01614aef762eaa4f86914dfe65d71e20,0.5038,assessment_like,assessment_like_consistent,State Created Assessments,State Created Assessments,Assessment,State Created Materials,False,False,False,standard_catalog_mapping
001cbc777c4c97c6fac1c44ed75ee591c36eae87c36f2d515631b002d0ffd560,UT,NAEP,,Math,Assessment,8,d0f524831b4a5fb961609a8dce8c85a7364ee9eb9853a8a80932b6835801feba,2023-2024,missing,d0f524831b4a5fb961609a8dce8c85a7364ee9eb9853a8a80932b6835801feba,d0f524831b4a5fb961609a8dce8c85a7364ee9eb9853a8a80932b6835801feba,d0f524831b4a5fb961609a8dce8c85a7364ee9eb9853a8a80932b6835801feba,1,True,True,True,1.0,1.0,0.3948,low,True,False,primary,0.3948,0.3948,"{""primary"": {""prediction_count"": 4, ""top1_id"": ""d0f524831b4a5fb961609a8dce8c85a7364ee9eb9853a8a80932b6835801feba"", ""top1_score"": 0.3948}, ""publisher_as_title"": {""prediction_count"": 0, ""top1_id"": """", ""top1_score"": 0.0}, ""title_plus_publisher"": {""prediction_count"": 8, ""top1_id"": ""d0f524831b4a5fb961609a8dce8c85a7364ee9eb9853a8a80932b6835801feba"", ""top1_score"": 0.4035}, ""title_publisher_swapped"": {""prediction_count"": 0, ""top1_id"": """", ""top1_score"": 0.0}}",sparse,assessment_naming_regime,standard_state,standard_catalog_mapping,assessment_short_or_acronym_title,yes,yes,no,d0f524831b4a5fb961609a8dce8c85a7364ee9eb9853a8a80932b6835801feba,0.3948,a54af1e33dd7fae2dc57413086ce85c49665116fcd410e0d403fb05ceb79c542,0.2498,9b41baefd0d7404d6bedc57ef09f5077e74359bcae70236a76c1418927415066,0.2042,7c5a80ae2b4ce40c9419c777933d5ce858c0c8479965dd8ae9f95086723e199c,0.1935,,,,,,,,,,,,,assessment_like,assessment_like_consistent,National Assessment of Educational Progress (NAEP),National Assessment of Educational Progress (NAEP),Assessment,U.S. Department of Education,False,False,False,standard_catalog_mapping
002bb1a11fabdb8a688fee3045c605233a4939916a187a5032cfa7170701af50,UT,RISE test,,Math,Assessment,6,5b06019e75db74cb43ec4bcdbec2c6dc71392d6fca239bdc06827c808f38b72c,2024-2025,missing,5b06019e75db74cb43ec4bcdbec2c6dc71392d6fca239bdc06827c808f38b72c,5b06019e75db74cb43ec4bcdbec2c6dc71392d6fca239bdc06827c808f38b72c,cda52e55f25f43e63d4ead7a2ecfa0ffdff0eea44660829d5cb87c83003c3f78,0,False,False,False,0.0,0.0,0.447,low,True,True,title_plus_publisher,0.0,0.447,"{""primary"": {""prediction_count"": 0, ""top1_id"": """", ""top1_score"": 0.0}, ""publisher_as_title"": {""prediction_count"": 0, ""top1_id"": """", ""top1_score"": 0.0}, ""title_plus_publisher"": {""prediction_count"": 5, ""top1_id"": ""cda52e55f25f43e63d4ead7a2ecfa0ffdff0eea44660829d5cb87c83003c3f78"", ""top1_score"": 0.447}, ""title_publisher_swapped"": {""prediction_count"": 0, ""top1_id"": """", ""top1_score"": 0.0}}",sparse,assessment_naming_regime,standard_state,standard_catalog_mapping,assessment_short_or_acronym_title,yes,yes,no,cda52e55f25f43e63d4ead7a2ecfa0ffdff0eea44660829d5cb87c83003c3f78,0.447,44e3080cb989d5ae104ac5f115d1f9677bd4b0991bf30630d0f7113b7bcb6fee,0.3157,3f5123f3877be0a6811c8c116571d956f6fcd2873f9fd889d8e95f3e02a8a0f7,0.297,f9cfbee04aef5441c2a365fa56d10159c3e22e62457c8263a97f00bdb1b07a70,0.2876,94c4e58d8b646960498ce207b44b8735ea86cfd013dbdff45f8867f997e672e1,0.2319,,,,,,,,,,,assessment_like,assessment_like_consistent,State Created Assessments,State Created Assessments,Assessment,State Created Materials,False,False,False,standard_catalog_mapping
006642997b8da5727a18abd84b3a3f8dae0987b727546cc1d478010e2875d7f7,VA,DreamBox,,Math,Assessment,NI,08401263bab5798100dfe4e9992e846549c7ac26941753b82f2eb684ba20c640,2024-2025,missing,08401263bab5798100dfe4e9992e846549c7ac26941753b82f2eb684ba20c640,08401263bab5798100dfe4e9992e846549c7ac26941753b82f2eb684ba20c640,812a080dd9fbc804e5af35d4ea6c37145b595a2a1181db8a6aac7848f41d6dea,0,False,False,False,0.0,0.0,0.3423,low,True,False,primary,0.3423,0.3423,"{""primary"": {""prediction_count"": 1, ""top1_id"": ""812a080dd9fbc804e5af35d4ea6c37145b595a2a1181db8a6aac7848f41d6dea"", ""top1_score"": 0.3423}, ""publisher_as_title"": {""prediction_count"": 0, ""top1_id"": """", ""top1_score"": 0.0}, ""title_plus_publisher"": {""prediction_count"": 5, ""top1_id"": ""a73f0a71bb33426e1b53712f8b3bf6b260a40509aec364faed483f8e6e09a064"", ""top1_score"": 0.4348}, ""title_publisher_swapped"": {""prediction_count"": 0, ""top1_id"": """", ""top1_score"": 0.0}}",sparse,assessment_naming_regime,standard_state,standard_catalog_mapping,assessment_short_or_acronym_title,yes,yes,no,812a080dd9fbc804e5af35d4ea6c37145b595a2a1181db8a6aac7848f41d6dea,0.3423,,,,,,,,,,,,,,,,,,,assessment_like,assessment_like_consistent,DreamBox Math Launchpad,DreamBox Math Launchpad,Assessment,DreamBox Learning,False,False,False,standard_catalog_mapping
00c3b2f77d830c53251238a48c5e689616d7d16bac2ad183d404767f752a3ebc,VA,Benchmark Testing,,Math,Assessment,4,8bc4b916ea5ccc05c4810bf1e3bd7d078b7a86856fdf67184bf63e3609de57b9,2023-2024,missing,8bc4b916ea5ccc05c4810bf1e3bd7d078b7a86856fdf67184bf63e3609de57b9,8bc4b916ea5ccc05c4810bf1e3bd7d078b7a86856fdf67184bf63e3609de57b9,562cbfc624110c36f3724d669db2a508d7d34edd1544db64fc7e5861b72739a3,0,False,False,False,0.0,0.0,0.5811,medium,True,True,title_plus_publisher,0.0,0.5811,"{""primary"": {""prediction_count"": 0, ""top1_id"": """", ""top1_score"": 0.0}, ""publisher_as_title"": {""prediction_count"": 0, ""top1_id"": """", ""top1_score"": 0.0}, ""title_plus_publisher"": {""prediction_count"": 7, ""top1_id"": ""562cbfc624110c36f3724d669db2a508d7d34edd1544db64fc7e5861b72739a3"", ""top1_score"": 0.5811}, ""title_publisher_swapped"": {""prediction_count"": 0, ""top1_id"": """", ""top1_score"": 0.0}}",sparse,assessment_naming_regime,standard_state,standard_catalog_mapping,assessment_short_or_acronym_title,yes,yes,no,562cbfc624110c36f3724d669db2a508d7d34edd1544db64fc7e5861b72739a3,0.5811,ebcee6cfbe44921aec51ffb2b76ebe16aeae706cd2a90d0889970d5338db8cf4,0.5559,54770a4a5f7b16ab43953c7ed1d3bccfed66b38ede109bc07ddb6243ecc4cd16,0.4655,1aed89ab6d6bdcec5f383656eeb51f3da7df81dd59966918ffa2b778b750c68c,0.4643,c7e3649f95d3b638544a057e482d56c8fc55f98ae526b9c1b73ce1266d9f06f0,0.4605,40c7f8334c7c32e9db795584a096749f14b43457c8a6cbe9fd46073fccf2d109,0.4585,afdcb3d71ff366e2a26309ec3c794fe049c1467cab86c9c6d71650cd9b2679d1,0.4043,,,,,,,assessment_like,assessment_like_consistent,District Created Assessments,District Created Assessments,Assessment,District Created Materials,False,False,False,standard_catalog_mapping
00532da471390e0fa99cef6d9fd53da69e7575898d25548159ff3e8f03251a57,WA,WIDA Access,,Math,Assessment,7,c353c087e273dfcdbabf4a7e0eb5b671871de89ac1722099111ca390b8b70fa5,2023-2024,missing,c353c087e273dfcdbabf4a7e0eb5b671871de89ac1722099111ca390b8b70fa5,c353c087e273dfcdbabf4a7e0eb5b671871de89ac1722099111ca390b8b70fa5,3067c5fa7d9da55a5b3e1980dd4f1c36edd4c4cca6360b3528bfef348c4278de,0,False,False,False,0.0,0.0,0.3643,low,True,False,primary,0.3643,0.3643,"{""primary"": {""prediction_count"": 1, ""top1_id"": ""3067c5fa7d9da55a5b3e1980dd4f1c36edd4c4cca6360b3528bfef348c4278de"", ""top1_score"": 0.3643}, ""publisher_as_title"": {""prediction_count"": 0, ""top1_id"": """", ""top1_score"": 0.0}, ""title_plus_publisher"": {""prediction_count"": 3, ""top1_id"": ""3067c5fa7d9da55a5b3e1980dd4f1c36edd4c4cca6360b3528bfef348c4278de"", ""top1_score"": 0.454}, ""title_publisher_swapped"": {""prediction_count"": 0, ""top1_id"": """", ""top1_score"": 0.0}}",sparse,assessment_naming_regime,standard_state,standard_catalog_mapping,assessment_short_or_acronym_title,yes,yes,no,3067c5fa7d9da55a5b3e1980dd4f1c36edd4c4cca6360b3528bfef348c4278de,0.3643,,,,,,,,,,,,,,,,,,,assessment_like,assessment_like_consistent,WIDA Screener,WIDA Screener,Assessment,University of Wisconsin-Madison,False,False,False,standard_catalog_mapping
007eb1b11f879cc8376e52980f74dac9a33695afd31fa54d887bb859345a76ec,WA,Smarter Balanced,,Math,Assessment,3,a193c1174801b4a108ad3fd62cc510746b53b05a1fa982ca1bd8689ec04f0d65,2024-2025,missing,a193c1174801b4a108ad3fd62cc510746b53b05a1fa982ca1bd8689ec04f0d65,a193c1174801b4a108ad3fd62cc510746b53b05a1fa982ca1bd8689ec04f0d65,a193c1174801b4a108ad3fd62cc510746b53b05a1fa982ca1bd8689ec04f0d65,1,True,True,True,1.0,1.0,0.3502,low,True,True,title_plus_publisher,0.0,0.3502,"{""primary"": {""prediction_count"": 0, ""top1_id"": """", ""top1_score"": 0.0}, ""publisher_as_title"": {""prediction_count"": 0, ""top1_id"": """", ""top1_score"": 0.0}, ""title_plus_publisher"": {""prediction_count"": 1, ""top1_id"": ""a193c1174801b4a108ad3fd62cc510746b53b05a1fa982ca1bd8689ec04f0d65"", ""top1_score"": 0.3502}, ""title_publisher_swapped"": {""prediction_count"": 0, ""top1_id"": """", ""top1_score"": 0.0}}",sparse,assessment_naming_regime,standard_state,standard_catalog_mapping,assessment_short_or_acronym_title,yes,yes,no,a193c1174801b4a108ad3fd62cc510746b53b05a1fa982ca1bd8689ec04f0d65,0.3502,,,,,,,,,,,,,,,,,,,assessment_like,assessment_like_consistent,The Smarter Balanced Assessment System,The Smarter Balanced Assessment System,Assessment,Smarter Balanced,False,False,False,standard_catalog_mapping
009fcc3bf4d934fee359895fcce65a9ae47e04e3c43b8e64fd85f5f9f756ee8b,WA,SBA,,Math,Assessment,3,a193c1174801b4a108ad3fd62cc510746b53b05a1fa982ca1bd8689ec04f0d65,2024-2025,missing,a193c1174801b4a108ad3fd62cc510746b53b05a1fa982ca1bd8689ec04f0d65,a193c1174801b4a108ad3fd62cc510746b53b05a1fa982ca1bd8689ec04f0d65,44e3080cb989d5ae104ac5f115d1f9677bd4b0991bf30630d0f7113b7bcb6fee,0,False,False,False,0.0,0.0,0.296,very_low,True,True,title_plus_publisher,0.0,0.296,"{""primary"": {""prediction_count"": 0, ""top1_id"": """", ""top1_score"": 0.0}, ""publisher_as_title"": {""prediction_count"": 0, ""top1_id"": """", ""top1_score"": 0.0}, ""title_plus_publisher"": {""prediction_count"": 2, ""top1_id"": ""44e3080cb989d5ae104ac5f115d1f9677bd4b0991bf30630d0f7113b7bcb6fee"", ""top1_score"": 0.296}, ""title_publisher_swapped"": {""prediction_count"": 0, ""top1_id"": """", ""top1_score"": 0.0}}",sparse,assessment_naming_regime,standard_state,standard_catalog_mapping,assessment_short_or_acronym_title,yes,yes,no,44e3080cb989d5ae104ac5f115d1f9677bd4b0991bf30630d0f7113b7bcb6fee,0.296,dc6fc56e599ebefd81378c68330227eaa48b0b51b14331abd9892e2f2d312e01,0.296,,,,,,,,,,,,,,,,,assessment_like,assessment_like_consistent,The Smarter Balanced Assessment System,The Smarter Balanced Assessment System,Assessment,Smarter Balanced,False,False,False,standard_catalog_mapping
00af33bb83cb6bb74247f2a4f486552c4b8338a9590429a7006ae51a067c9146,WA,SBA,,Math,Assessment,8,a193c1174801b4a108ad3fd62cc510746b53b05a1fa982ca1bd8689ec04f0d65,2024-2025,missing,a193c1174801b4a108ad3fd62cc510746b53b05a1fa982ca1bd8689ec04f0d65,a193c1174801b4a108ad3fd62cc510746b53b05a1fa982ca1bd8689ec04f0d65,44e3080cb989d5ae104ac5f115d1f9677bd4b0991bf30630d0f7113b7bcb6fee,0,False,False,False,0.0,0.0,0.296,very_low,True,True,title_plus_publisher,0.0,0.296,"{""primary"": {""prediction_count"": 0, ""top1_id"": """", ""top1_score"": 0.0}, ""publisher_as_title"": {""prediction_count"": 0, ""top1_id"": """", ""top1_score"": 0.0}, ""title_plus_publisher"": {""prediction_count"": 2, ""top1_id"": ""44e3080cb989d5ae104ac5f115d1f9677bd4b0991bf30630d0f7113b7bcb6fee"", ""top1_score"": 0.296}, ""title_publisher_swapped"": {""prediction_count"": 0, ""top1_id"": """", ""top1_score"": 0.0}}",sparse,assessment_naming_regime,standard_state,standard_catalog_mapping,assessment_short_or_acronym_title,yes,yes,no,44e3080cb989d5ae104ac5f115d1f9677bd4b0991bf30630d0f7113b7bcb6fee,0.296,dc6fc56e599ebefd81378c68330227eaa48b0b51b14331abd9892e2f2d312e01,0.296,,,,,,,,,,,,,,,,,assessment_like,assessment_like_consistent,The Smarter Balanced Assessment System,The Smarter Balanced Assessment System,Assessment,Smarter Balanced,False,False,False,standard_catalog_mapping
000152962b02b4c03ba34710fb9e26a1cb2cc49c780e0d4aebc33f695a68a7fe,WI,Teaching Strategies GOLD,,Math,Assessment,PK,c64e890965bcb20a141029a23c6aedafb1e561835a01f9514705c8719c34761f,2023-2024,missing,c64e890965bcb20a141029a23c6aedafb1e561835a01f9514705c8719c34761f,c64e890965bcb20a141029a23c6aedafb1e561835a01f9514705c8719c34761f,c64e890965bcb20a141029a23c6aedafb1e561835a01f9514705c8719c34761f,1,True,True,True,1.0,1.0,0.38,low,True,False,primary,0.38,0.38,"{""primary"": {""prediction_count"": 1, ""top1_id"": ""c64e890965bcb20a141029a23c6aedafb1e561835a01f9514705c8719c34761f"", ""top1_score"": 0.38}, ""publisher_as_title"": {""prediction_count"": 0, ""top1_id"": """", ""top1_score"": 0.0}, ""title_plus_publisher"": {""prediction_count"": 2, ""top1_id"": ""c64e890965bcb20a141029a23c6aedafb1e561835a01f9514705c8719c34761f"", ""top1_score"": 0.3875}, ""title_publisher_swapped"": {""prediction_count"": 0, ""top1_id"": """", ""top1_score"": 0.0}}",medium,assessment_naming_regime,standard_state,standard_catalog_mapping,assessment_publisher_missing,no,yes,no,c64e890965bcb20a141029a23c6aedafb1e561835a01f9514705c8719c34761f,0.38,,,,,,,,,,,,,,,,,,,assessment_like,assessment_like_consistent,Teaching Strategies Gold (TSG),Teaching Strategies Gold (TSG),Assessment,Teaching Strategies,False,False,False,standard_catalog_mapping
0077594fa5d00395dd280b9adea520535e8ed1b16f2d7d68996ad85546e3bb9e,WV,DLM,,Math,Assessment,11,e8981ac7bc4c59e1072b24160cd1a28f170dc20cd8564bf57159810523c505d7,2024-2025,missing,e8981ac7bc4c59e1072b24160cd1a28f170dc20cd8564bf57159810523c505d7,e8981ac7bc4c59e1072b24160cd1a28f170dc20cd8564bf57159810523c505d7,fcab4ede9e3f6fbe2930660b06874c69e2753e768adc9d3c250930cae981ebeb,0,False,False,False,0.0,0.0,0.3466,low,True,True,title_plus_publisher,0.0,0.3466,"{""primary"": {""prediction_count"": 0, ""top1_id"": """", ""top1_score"": 0.0}, ""publisher_as_title"": {""prediction_count"": 0, ""top1_id"": """", ""top1_score"": 0.0}, ""title_plus_publisher"": {""prediction_count"": 1, ""top1_id"": ""fcab4ede9e3f6fbe2930660b06874c69e2753e768adc9d3c250930cae981ebeb"", ""top1_score"": 0.3466}, ""title_publisher_swapped"": {""prediction_count"": 0, ""top1_id"": """", ""top1_score"": 0.0}}",sparse,assessment_naming_regime,standard_state,standard_catalog_mapping,assessment_short_or_acronym_title,yes,yes,no,fcab4ede9e3f6fbe2930660b06874c69e2753e768adc9d3c250930cae981ebeb,0.3466,,,,,,,,,,,,,,,,,,,assessment_like,assessment_like_consistent,Dynamic Learning Map (DLM) Assessments,Dynamic Learning Map (DLM) Assessments,Assessment,Dynamic Learning Maps,False,False,False,standard_catalog_mapping
0096e117f95b2b3426ae12d32bd16c7727dd164aaeae2b3b2d44979f67bc7814,AL,Benchmark Workshop,,ELA,Core Curriculum,5,40c7f8334c7c32e9db795584a096749f14b43457c8a6cbe9fd46073fccf2d109,2024-2025,missing,40c7f8334c7c32e9db795584a096749f14b43457c8a6cbe9fd46073fccf2d109,40c7f8334c7c32e9db795584a096749f14b43457c8a6cbe9fd46073fccf2d109,479e53f9b447aa4fd0ecf60ab8ec1ada8491423ba770bef02c944e60d793acc0,0,False,False,False,0.0,0.0,0.6164,medium,False,False,primary,0.6164,0.6164,"{""primary"": {""prediction_count"": 1, ""top1_id"": ""479e53f9b447aa4fd0ecf60ab8ec1ada8491423ba770bef02c944e60d793acc0"", ""top1_score"": 0.6164}}",sparse,explicit_usage,standard_state,catalog_unspecified,not_assessment,no,no,no,479e53f9b447aa4fd0ecf60ab8ec1ada8491423ba770bef02c944e60d793acc0,0.6164,,,,,,,,,,,,,,,,,,,catalog_unspecified,unspecified_structural_placeholder,Benchmark Advance: Unspecified,Benchmark Advance,Core Curriculum,Benchmark Education Company,False,False,False,catalog_unspecified_named_series
006b929da661a0f1af4747f7919b1052ca397334b3bf472be6077dc407993aa5,AZ,Journeys,,ELA,Core Curriculum,2,49176140eceef4fe4ec673ac5347dd15633e1e30195fbfa0739c93c1ebaf7b40,2023-2024,missing,49176140eceef4fe4ec673ac5347dd15633e1e30195fbfa0739c93c1ebaf7b40,49176140eceef4fe4ec673ac5347dd15633e1e30195fbfa0739c93c1ebaf7b40,c3576ebde0797d0a5262622b6a01a5a77b8f9251168ab46ec12d36600b466207,3,False,True,True,0.3333,0.5,0.4488,low,True,False,primary,0.4488,0.4488,"{""primary"": {""prediction_count"": 6, ""top1_id"": ""c3576ebde0797d0a5262622b6a01a5a77b8f9251168ab46ec12d36600b466207"", ""top1_score"": 0.4488}, ""publisher_as_title"": {""prediction_count"": 0, ""top1_id"": """", ""top1_score"": 0.0}, ""title_plus_publisher"": {""prediction_count"": 4, ""top1_id"": ""49176140eceef4fe4ec673ac5347dd15633e1e30195fbfa0739c93c1ebaf7b40"", ""top1_score"": 0.4456}, ""title_publisher_swapped"": {""prediction_count"": 0, ""top1_id"": """", ""top1_score"": 0.0}}",sparse,implicit_usage,standard_state,catalog_unspecified,not_assessment,no,no,no,c3576ebde0797d0a5262622b6a01a5a77b8f9251168ab46ec12d36600b466207,0.4488,19abec53f2a0665bc41e1aa85c708bf2b82e9025c115618e374655c12f032ff2,0.4455,49176140eceef4fe4ec673ac5347dd15633e1e30195fbfa0739c93c1ebaf7b40,0.3778,1bd95119d6c4061a2674148f057e87870fc955f36928b01b8e91c1a0c7969ca3,0.3544,d9e655b446d223300a1e87b66b8b00f24c9e088a576f2830702dd92b358e3c10,0.3505,29cb58a5f94b016fc006c57c7cc0aeca4ca3901b69a5dac59941c3272bc01020,0.3407,,,,,,,,,catalog_unspecified,unspecified_label_but_retrievable,Journeys: Unspecified,Journeys,Core Curriculum,Houghton Mifflin Harcourt,False,False,False,catalog_unspecified_named_series
000059a4514304b33d389ec533c8b05cf5b3d716ce6df7ae418cfe0830c917f5,CA,McGraw Hill,,ELA,Core Curriculum,6,0c052fb5fb3873875ac87c68d6beabb4a07183145e3cd4d14de290394ab6f8ff,2024-2025,missing,0c052fb5fb3873875ac87c68d6beabb4a07183145e3cd4d14de290394ab6f8ff,0c052fb5fb3873875ac87c68d6beabb4a07183145e3cd4d14de290394ab6f8ff,fc8488d545c694fb31572e380470a971a9c5ada6d312f4a6627955476b0da906,0,False,False,False,0.0,0.0,0.4934,low,True,False,primary,0.4934,0.4934,"{""primary"": {""prediction_count"": 3, ""top1_id"": ""fc8488d545c694fb31572e380470a971a9c5ada6d312f4a6627955476b0da906"", ""top1_score"": 0.4934}, ""publisher_as_title"": {""prediction_count"": 0, ""top1_id"": """", ""top1_score"": 0.0}, ""title_plus_publisher"": {""prediction_count"": 2, ""top1_id"": ""b0ca87c91a305669947337ae3a70ba749e847dafe4df4f49a099466f3e267d24"", ""top1_score"": 0.4959}, ""title_publisher_swapped"": {""prediction_count"": 0, ""top1_id"": """", ""top1_score"": 0.0}}",sparse,implicit_usage,adoption_state_high_risk,catalog_unspecified,not_assessment,no,no,no,fc8488d545c694fb31572e380470a971a9c5ada6d312f4a6627955476b0da906,0.4934,a2106d01f72fd8cce0576840f4c10b2cdcbd65e61215c670a5a7a2af9217d445,0.4901,db03cfc3ae2d54fe801dcbe5e1bc5a11140b971807a4422830d55897593d3d65,0.4801,,,,,,,,,,,,,,,catalog_unspecified,unspecified_structural_placeholder,MGH ELA Curriculum: Unspecified,MGH ELA,Core Curriculum,McGraw Hill Education,False,False,False,catalog_unspecified_structural_placeholder
0018f7693e6a5ec327ac0e92c908bd3570971271700ad4d568745e73a3893f48,CA,Wonders McGraw-Hill,,ELA,Core Curriculum,7,24e853362df539c970399d60a8d2a72b635e2ed8b7e66660f237336ba623b493,2024-2025,missing,24e853362df539c970399d60a8d2a72b635e2ed8b7e66660f237336ba623b493,24e853362df539c970399d60a8d2a72b635e2ed8b7e66660f237336ba623b493,,0,False,False,False,0.0,0.0,0.0,no_prediction,True,False,primary,0.0,0.0,"{""primary"": {""prediction_count"": 0, ""top1_id"": """", ""top1_score"": 0.0}, ""publisher_as_title"": {""prediction_count"": 0, ""top1_id"": """", ""top1_score"": 0.0}, ""title_plus_publisher"": {""prediction_count"": 0, ""top1_id"": """", ""top1_score"": 0.0}, ""title_publisher_swapped"": {""prediction_count"": 0, ""top1_id"": """", ""top1_score"": 0.0}}",medium,implicit_usage,adoption_state_high_risk,catalog_unspecified,not_assessment,no,no,no,,,,,,,,,,,,,,,,,,,,,catalog_unspecified,unspecified_structural_placeholder,Wonders: Unspecified,Wonders,Core Curriculum,McGraw Hill Education,False,False,False,catalog_unspecified_named_series
0042325fd693f168e6c40bcd1eddb77d42c96a10025711bf783dc54385733f5c,CA,Scholastic Read 180,,ELA,Core Curriculum,2,5895064eb747df3b238600e72d418a2eed6395219bbde59421e99fa54109ee7a,2024-2025,missing,5895064eb747df3b238600e72d418a2eed6395219bbde59421e99fa54109ee7a,5895064eb747df3b238600e72d418a2eed6395219bbde59421e99fa54109ee7a,23f66443fa32337358fd6829a65b5071a659db84c1a743a38e0813f9af2dad84,0,False,False,False,0.0,0.0,0.5041,medium,True,True,title_plus_publisher,0.0,0.5041,"{""primary"": {""prediction_count"": 0, ""top1_id"": """", ""top1_score"": 0.0}, ""publisher_as_title"": {""prediction_count"": 0, ""top1_id"": """", ""top1_score"": 0.0}, ""title_plus_publisher"": {""prediction_count"": 10, ""top1_id"": ""23f66443fa32337358fd6829a65b5071a659db84c1a743a38e0813f9af2dad84"", ""top1_score"": 0.5041}, ""title_publisher_swapped"": {""prediction_count"": 0, ""top1_id"": """", ""top1_score"": 0.0}}",medium,implicit_usage,adoption_state_high_risk,standard_catalog_mapping,not_assessment,no,no,no,23f66443fa32337358fd6829a65b5071a659db84c1a743a38e0813f9af2dad84,0.5041,b99649c40524f4c9ec7a6a4ff0d6b097d3606899770415a70c157a3da3b2ede1,0.4336,664bb56ab2d920b5b5cbad1f31166c1245989f7318f25aa32e1214f7fc44b65f,0.3992,15f0492ae7c6bca151796df5b68647f5720ec4b104c9aad7fc3a89c81c380d30,0.3983,ea06754d63607327855a36e1f2031b5935895f1b3c802fe9afe1568ed9fd9385,0.3945,835343830d7def506c96609e9944114d9ba3899bdcb352f3ca59c14235f8937c,0.3804,86fd14dfbd6253a9a42d4a3ebf43bda36d60ea7bc18750ca795c337edf4646e4,0.3759,1ad9607fbd2fe9f8ebe4462e774e8972c618fcc990f2ffca6c4a318213211c3a,0.3704,5241c7fb505db0dfea0b736f53d8f6c33a0e6c73a5d973abb5fa4c2820d7738d,0.367,db085c4bec23bd111b28cfac4a8cc22360978ca03762f1e7ee0ba543e5d283e2,0.2121,assessment_like,assessment_like_consistent,Read 180,Read 180,Supplemental,Houghton Mifflin Harcourt,False,True,False,standard_catalog_mapping
00009bbe6b6e266a9677f549e5298fca0178f42643c1b186c514d1b0d9cb7a1e,CA,Bilingual: Maravillas & Wonders,Houghton Mifflin,ELA,Core Curriculum,1,24e853362df539c970399d60a8d2a72b635e2ed8b7e66660f237336ba623b493,2023-2024,present,24e853362df539c970399d60a8d2a72b635e2ed8b7e66660f237336ba623b493,24e853362df539c970399d60a8d2a72b635e2ed8b7e66660f237336ba623b493,759fa6c49e6c35b9a57ffdb5b5ce95fdebcfc4f33d6e6f8d3998ffd3392a3d4b,0,False,False,False,0.0,0.0,0.6348,medium,True,True,publisher_as_title,0.0,0.6348,"{""primary"": {""prediction_count"": 0, ""top1_id"": """", ""top1_score"": 0.0}, ""publisher_as_title"": {""prediction_count"": 2, ""top1_id"": ""759fa6c49e6c35b9a57ffdb5b5ce95fdebcfc4f33d6e6f8d3998ffd3392a3d4b"", ""top1_score"": 0.6348}, ""title_plus_publisher"": {""prediction_count"": 0, ""top1_id"": """", ""top1_score"": 0.0}, ""title_publisher_swapped"": {""prediction_count"": 2, ""top1_id"": ""759fa6c49e6c35b9a57ffdb5b5ce95fdebcfc4f33d6e6f8d3998ffd3392a3d4b"", ""top1_score"": 0.4348}}",rich,implicit_usage,adoption_state_high_risk,catalog_unspecified,not_assessment,no,no,no,759fa6c49e6c35b9a57ffdb5b5ce95fdebcfc4f33d6e6f8d3998ffd3392a3d4b,0.6348,484aab7f22237bc8bd856e1fac7fd0eef8dc4e7b1537cbf9de716ce60a0ab88e,0.6113,,,,,,,,,,,,,,,,,catalog_unspecified,unspecified_structural_placeholder,Wonders: Unspecified,Wonders,Core Curriculum,McGraw Hill Education,False,False,False,catalog_unspecified_named_series
001cc7577fe769a770ce78c2547bec4a873c4ee31003d8fac94383372d0a948a,CA,Wonders,McGraw Hill Education,ELA,Core Curriculum,3,24e853362df539c970399d60a8d2a72b635e2ed8b7e66660f237336ba623b493,2023-2024,present,24e853362df539c970399d60a8d2a72b635e2ed8b7e66660f237336ba623b493,24e853362df539c970399d60a8d2a72b635e2ed8b7e66660f237336ba623b493,bd94b3f4065c150f81fe00ee938858fdd39d6d61798f05b28371642870e64d4a,0,False,False,False,0.0,0.0,0.6392,medium,False,False,primary,0.6392,0.6392,"{""primary"": {""prediction_count"": 3, ""top1_id"": ""bd94b3f4065c150f81fe00ee938858fdd39d6d61798f05b28371642870e64d4a"", ""top1_score"": 0.6392}}",medium,implicit_usage,adoption_state_high_risk,catalog_unspecified,not_assessment,no,no,no,bd94b3f4065c150f81fe00ee938858fdd39d6d61798f05b28371642870e64d4a,0.6392,cb63ace4b63f023f794c20783e82ee20e0e3fbbd4f901f6d3466fbd8cdc4e743,0.6364,371fb164889157519feb76adb751b9fc28b92e1965ad8b8471d4d0f7595da840,0.6059,,,,,,,,,,,,,,,catalog_unspecified,unspecified_structural_placeholder,Wonders: Unspecified,Wonders,Core Curriculum,McGraw Hill Education,False,False,False,catalog_unspecified_named_series
001fff84404c968accf947ac6188c5a4d9d637d21fe9ca75df271a6655c10b13,CA,National Geographic 6th -8th,National Geographic,ELA,Core Curriculum,8,291c4f8eb9952bf02da3ffb7035116bdf9af3246331353d375e8cd879fd2c314,2024-2025,present,291c4f8eb9952bf02da3ffb7035116bdf9af3246331353d375e8cd879fd2c314,291c4f8eb9952bf02da3ffb7035116bdf9af3246331353d375e8cd879fd2c314,83fbe13be6db959682f6994408150c3b9390423a790dc756023b52093f9a0c00,0,False,False,False,0.0,0.0,0.6767,medium,False,False,primary,0.6767,0.6767,"{""primary"": {""prediction_count"": 2, ""top1_id"": ""83fbe13be6db959682f6994408150c3b9390423a790dc756023b52093f9a0c00"", ""top1_score"": 0.6767}}",rich,implicit_usage,adoption_state_high_risk,catalog_unspecified,not_assessment,no,no,no,83fbe13be6db959682f6994408150c3b9390423a790dc756023b52093f9a0c00,0.6767,fe38844ed524ab630732785290394540102a573cae272350f10e2a6aa19bf29a,0.5234,,,,,,,,,,,,,,,,,catalog_unspecified,unspecified_structural_placeholder,NatGeo/Cengage ELA Curriculum: Unspecified,NatGeo/Cengage ELA,Core Curriculum,National Geographic Learning/Cengage,False,False,False,catalog_unspecified_structural_placeholder
00651cbc5f942463812a319366933d94fa75955dc9b06e0e54dc94569f67c05c,CA,Wonders,MGH,ELA,Core Curriculum,1,24e853362df539c970399d60a8d2a72b635e2ed8b7e66660f237336ba623b493,2024-2025,present,24e853362df539c970399d60a8d2a72b635e2ed8b7e66660f237336ba623b493,24e853362df539c970399d60a8d2a72b635e2ed8b7e66660f237336ba623b493,bd94b3f4065c150f81fe00ee938858fdd39d6d61798f05b28371642870e64d4a,0,False,False,False,0.0,0.0,0.6392,medium,False,False,primary,0.6392,0.6392,"{""primary"": {""prediction_count"": 3, ""top1_id"": ""bd94b3f4065c150f81fe00ee938858fdd39d6d61798f05b28371642870e64d4a"", ""top1_score"": 0.6392}}",medium,implicit_usage,adoption_state_high_risk,catalog_unspecified,not_assessment,no,no,no,bd94b3f4065c150f81fe00ee938858fdd39d6d61798f05b28371642870e64d4a,0.6392,cb63ace4b63f023f794c20783e82ee20e0e3fbbd4f901f6d3466fbd8cdc4e743,0.6364,371fb164889157519feb76adb751b9fc28b92e1965ad8b8471d4d0f7595da840,0.6059,,,,,,,,,,,,,,,catalog_unspecified,unspecified_structural_placeholder,Wonders: Unspecified,Wonders,Core Curriculum,McGraw Hill Education,False,False,False,catalog_unspecified_named_series
008d32e4847526eaac992809f9e95b54108603512de658f63762911d1ef3c72e,CA,My Perspectives,Savvas,ELA,Core Curriculum,11,17a57c109b19bdb552612657f95fa631fc7ded8bc5de0631749810800e876f79,2024-2025,present,17a57c109b19bdb552612657f95fa631fc7ded8bc5de0631749810800e876f79,17a57c109b19bdb552612657f95fa631fc7ded8bc5de0631749810800e876f79,d73bc7365397232d9379118e659c5586f637c8e9e842e774de8b108106c96b9b,0,False,False,False,0.0,0.0,0.6144,medium,False,False,primary,0.6144,0.6144,"{""primary"": {""prediction_count"": 3, ""top1_id"": ""d73bc7365397232d9379118e659c5586f637c8e9e842e774de8b108106c96b9b"", ""top1_score"": 0.6144}}",medium,implicit_usage,adoption_state_high_risk,catalog_unspecified,not_assessment,no,no,no,d73bc7365397232d9379118e659c5586f637c8e9e842e774de8b108106c96b9b,0.6144,a40f119903e10716f4b71a2e94335b7395d1b843e743973ab1bb84b30aceb98c,0.61,c8ca7267924f9af587c0fd8f547bb8f10628f85e1c3335e2d6b7d0c9e0d4fea2,0.6037,,,,,,,,,,,,,,,catalog_unspecified,unspecified_structural_placeholder,myPerspectives: Unspecified,myPerspectives,Core Curriculum,Savvas Learning Company,False,False,False,catalog_unspecified_structural_placeholder
008deaa29d63f1abc00956724bc081248c9f9471d31f8b38f88c6aada79023bb,CA,National Geographic,Cengage,ELA,Core Curriculum,3,291c4f8eb9952bf02da3ffb7035116bdf9af3246331353d375e8cd879fd2c314,2024-2025,present,291c4f8eb9952bf02da3ffb7035116bdf9af3246331353d375e8cd879fd2c314,291c4f8eb9952bf02da3ffb7035116bdf9af3246331353d375e8cd879fd2c314,fe38844ed524ab630732785290394540102a573cae272350f10e2a6aa19bf29a,0,False,False,False,0.0,0.0,0.6023,medium,False,False,primary,0.6023,0.6023,"{""primary"": {""prediction_count"": 3, ""top1_id"": ""fe38844ed524ab630732785290394540102a573cae272350f10e2a6aa19bf29a"", ""top1_score"": 0.6023}}",medium,implicit_usage,adoption_state_high_risk,catalog_unspecified,not_assessment,no,no,no,fe38844ed524ab630732785290394540102a573cae272350f10e2a6aa19bf29a,0.6023,ff67874b3c41bab3df15a98450ffeb4154c2ff55a3ea15f1a810a5d6cdf37397,0.5695,83fbe13be6db959682f6994408150c3b9390423a790dc756023b52093f9a0c00,0.5579,,,,,,,,,,,,,,,catalog_unspecified,unspecified_structural_placeholder,NatGeo/Cengage ELA Curriculum: Unspecified,NatGeo/Cengage ELA,Core Curriculum,National Geographic Learning/Cengage,False,False,False,catalog_unspecified_structural_placeholder
0037cbfe50e8c083816a224e296aa279a3786e0d4123cfe9bffa546415b66249,CO,95% Group,,ELA,Core Curriculum,1,7cfb2f53f9d35259ded9f4ae9a12be65cbefe3156d53970e065cf628d1e3e013,2024-2025,missing,7cfb2f53f9d35259ded9f4ae9a12be65cbefe3156d53970e065cf628d1e3e013,7cfb2f53f9d35259ded9f4ae9a12be65cbefe3156d53970e065cf628d1e3e013,7cfb2f53f9d35259ded9f4ae9a12be65cbefe3156d53970e065cf628d1e3e013,1,True,True,True,1.0,1.0,0.3848,low,True,True,title_plus_publisher,0.0,0.3848,"{""primary"": {""prediction_count"": 0, ""top1_id"": """", ""top1_score"": 0.0}, ""publisher_as_title"": {""prediction_count"": 0, ""top1_id"": """", ""top1_score"": 0.0}, ""title_plus_publisher"": {""prediction_count"": 1, ""top1_id"": ""7cfb2f53f9d35259ded9f4ae9a12be65cbefe3156d53970e065cf628d1e3e013"", ""top1_score"": 0.3848}, ""title_publisher_swapped"": {""prediction_count"": 0, ""top1_id"": """", ""top1_score"": 0.0}}",sparse,implicit_usage,standard_state,catalog_unspecified,not_assessment,no,no,no,7cfb2f53f9d35259ded9f4ae9a12be65cbefe3156d53970e065cf628d1e3e013,0.3848,,,,,,,,,,,,,,,,,,,catalog_unspecified,unspecified_label_but_retrievable,95 Percent Group: Unspecified,95 Percent Group,Supplemental,95 Percent Group,False,False,False,catalog_unspecified_named_series
0135bd985bd9cc5da4a46f73f251773fb605569ce00ff80546cc6f6fc760beb2,GA,i-Ready,,ELA,Core Curriculum,2,938eeb820d597c9f049fe4d48ec94efb92d40901e5ef96207afec8bde462347a,2024-2025,missing,938eeb820d597c9f049fe4d48ec94efb92d40901e5ef96207afec8bde462347a,938eeb820d597c9f049fe4d48ec94efb92d40901e5ef96207afec8bde462347a,893dc5550cae6564562e64e51d38ad9a8e5a6de8ccba406ca5ca5a86afd25671,2,False,True,True,0.5,0.6309,0.3776,low,True,True,title_plus_publisher,0.0,0.3776,"{""primary"": {""prediction_count"": 0, ""top1_id"": """", ""top1_score"": 0.0}, ""publisher_as_title"": {""prediction_count"": 0, ""top1_id"": """", ""top1_score"": 0.0}, ""title_plus_publisher"": {""prediction_count"": 3, ""top1_id"": ""893dc5550cae6564562e64e51d38ad9a8e5a6de8ccba406ca5ca5a86afd25671"", ""top1_score"": 0.3776}, ""title_publisher_swapped"": {""prediction_count"": 0, ""top1_id"": """", ""top1_score"": 0.0}}",sparse,implicit_usage,standard_state,catalog_unspecified,not_assessment,no,no,no,893dc5550cae6564562e64e51d38ad9a8e5a6de8ccba406ca5ca5a86afd25671,0.3776,938eeb820d597c9f049fe4d48ec94efb92d40901e5ef96207afec8bde462347a,0.3303,b5fd096a28f78fadf9972f2407f5ec592ecbc67998cadb981d85d19a3d42bc54,0.224,,,,,,,,,,,,,,,catalog_unspecified,unspecified_label_but_retrievable,"i-Ready, ELA: Unspecified",i-Ready,Core Curriculum,Curriculum Associates,False,False,False,catalog_unspecified_named_series
005ccf883a22b80763de6dc1fbcb419b13274244352d25f93f95cdb4fbfc66cb,NJ,Into Literature,,ELA,Core Curriculum,7,1fc5fe86aa0604e13799165c59312ef2cae2b2e11e378e3f781b2e24760b8b77,2023-2024,missing,1fc5fe86aa0604e13799165c59312ef2cae2b2e11e378e3f781b2e24760b8b77,1fc5fe86aa0604e13799165c59312ef2cae2b2e11e378e3f781b2e24760b8b77,6c10f6eb9ebd264df7b811c0f7a4355316cacf66996f26a34fe69f7ab708b75e,0,False,False,False,0.0,0.0,0.5244,medium,True,False,primary,0.5244,0.5244,"{""primary"": {""prediction_count"": 3, ""top1_id"": ""6c10f6eb9ebd264df7b811c0f7a4355316cacf66996f26a34fe69f7ab708b75e"", ""top1_score"": 0.5244}, ""publisher_as_title"": {""prediction_count"": 0, ""top1_id"": """", ""top1_score"": 0.0}, ""title_plus_publisher"": {""prediction_count"": 5, ""top1_id"": ""1fc5fe86aa0604e13799165c59312ef2cae2b2e11e378e3f781b2e24760b8b77"", ""top1_score"": 0.5555}, ""title_publisher_swapped"": {""prediction_count"": 0, ""top1_id"": """", ""top1_score"": 0.0}}",sparse,implicit_usage,standard_state,catalog_unspecified,not_assessment,no,no,no,6c10f6eb9ebd264df7b811c0f7a4355316cacf66996f26a34fe69f7ab708b75e,0.5244,d1ba454ecb5d4a04812dfc76347362e43691540c8edd23316058543a937440b3,0.5172,043608b2002c12b10bd0b210537ae5072c5eb05235f1232d9ced87592356a809,0.2411,,,,,,,,,,,,,,,catalog_unspecified,unspecified_structural_placeholder,Into Literature: Unspecified,HMH Into Literature,Core Curriculum,Houghton Mifflin Harcourt,False,False,False,catalog_unspecified_named_series
00f654b867de7f9d3574d56be194b111ce924847706aff06bcd52a8910e1fffc,NM,HMH Into Literature New Mexico,,ELA,Core Curriculum,7,1fc5fe86aa0604e13799165c59312ef2cae2b2e11e378e3f781b2e24760b8b77,2024-2025,missing,1fc5fe86aa0604e13799165c59312ef2cae2b2e11e378e3f781b2e24760b8b77,1fc5fe86aa0604e13799165c59312ef2cae2b2e11e378e3f781b2e24760b8b77,6c10f6eb9ebd264df7b811c0f7a4355316cacf66996f26a34fe69f7ab708b75e,0,False,False,False,0.0,0.0,0.5128,medium,True,False,primary,0.5128,0.5128,"{""primary"": {""prediction_count"": 3, ""top1_id"": ""6c10f6eb9ebd264df7b811c0f7a4355316cacf66996f26a34fe69f7ab708b75e"", ""top1_score"": 0.5128}, ""publisher_as_title"": {""prediction_count"": 0, ""top1_id"": """", ""top1_score"": 0.0}, ""title_plus_publisher"": {""prediction_count"": 4, ""top1_id"": ""1fc5fe86aa0604e13799165c59312ef2cae2b2e11e378e3f781b2e24760b8b77"", ""top1_score"": 0.5366}, ""title_publisher_swapped"": {""prediction_count"": 0, ""top1_id"": """", ""top1_score"": 0.0}}",medium,implicit_usage,standard_state,catalog_unspecified,not_assessment,no,no,no,6c10f6eb9ebd264df7b811c0f7a4355316cacf66996f26a34fe69f7ab708b75e,0.5128,d1ba454ecb5d4a04812dfc76347362e43691540c8edd23316058543a937440b3,0.5102,e2870f831b365e0404452ebda42bd92cdc5617aecf4bd0c16c4a79c6293556f0,0.5089,,,,,,,,,,,,,,,catalog_unspecified,unspecified_structural_placeholder,Into Literature: Unspecified,HMH Into Literature,Core Curriculum,Houghton Mifflin Harcourt,False,False,False,catalog_unspecified_named_series
000bf82b66e903f3667be11be6fc4e7f58c70a2c29329e5871344343e0f85852,TN,My Perspectives,Savvas Learning Company,ELA,Core Curriculum,10,17a57c109b19bdb552612657f95fa631fc7ded8bc5de0631749810800e876f79,2023-2024,present,17a57c109b19bdb552612657f95fa631fc7ded8bc5de0631749810800e876f79,17a57c109b19bdb552612657f95fa631fc7ded8bc5de0631749810800e876f79,d73bc7365397232d9379118e659c5586f637c8e9e842e774de8b108106c96b9b,0,False,False,False,0.0,0.0,0.6144,medium,False,False,primary,0.6144,0.6144,"{""primary"": {""prediction_count"": 3, ""top1_id"": ""d73bc7365397232d9379118e659c5586f637c8e9e842e774de8b108106c96b9b"", ""top1_score"": 0.6144}}",medium,implicit_usage,standard_state,catalog_unspecified,not_assessment,no,no,no,d73bc7365397232d9379118e659c5586f637c8e9e842e774de8b108106c96b9b,0.6144,a40f119903e10716f4b71a2e94335b7395d1b843e743973ab1bb84b30aceb98c,0.61,c8ca7267924f9af587c0fd8f547bb8f10628f85e1c3335e2d6b7d0c9e0d4fea2,0.6037,,,,,,,,,,,,,,,catalog_unspecified,unspecified_structural_placeholder,myPerspectives: Unspecified,myPerspectives,Core Curriculum,Savvas Learning Company,False,False,False,catalog_unspecified_structural_placeholder
0015e0fcf19849a392e838d8b8e4db7cd24be37638d78f59ccc1bc3a10cf13cb,TX,into literature,harcourt,ELA,Core Curriculum,9,1fc5fe86aa0604e13799165c59312ef2cae2b2e11e378e3f781b2e24760b8b77,2023-2024,present,1fc5fe86aa0604e13799165c59312ef2cae2b2e11e378e3f781b2e24760b8b77,1fc5fe86aa0604e13799165c59312ef2cae2b2e11e378e3f781b2e24760b8b77,6c10f6eb9ebd264df7b811c0f7a4355316cacf66996f26a34fe69f7ab708b75e,0,False,False,False,0.0,0.0,0.6369,medium,False,False,primary,0.6369,0.6369,"{""primary"": {""prediction_count"": 3, ""top1_id"": ""6c10f6eb9ebd264df7b811c0f7a4355316cacf66996f26a34fe69f7ab708b75e"", ""top1_score"": 0.6369}}",medium,implicit_usage,adoption_state_high_risk,catalog_unspecified,not_assessment,no,no,no,6c10f6eb9ebd264df7b811c0f7a4355316cacf66996f26a34fe69f7ab708b75e,0.6369,d1ba454ecb5d4a04812dfc76347362e43691540c8edd23316058543a937440b3,0.6297,043608b2002c12b10bd0b210537ae5072c5eb05235f1232d9ced87592356a809,0.2745,,,,,,,,,,,,,,,catalog_unspecified,unspecified_structural_placeholder,Into Literature: Unspecified,HMH Into Literature,Core Curriculum,Houghton Mifflin Harcourt,False,False,False,catalog_unspecified_named_series
000a654c002aaeb82b23220e4f4752b76d4b2afba5102bd907a98c5f3ee1ea95,WA,SpringBoard,College Board,ELA,Core Curriculum,9,9fa50aa69c407600aa9d67df28e7cc3cd6e9c41609e609a7a815382af77beca2,2023-2024,present,9fa50aa69c407600aa9d67df28e7cc3cd6e9c41609e609a7a815382af77beca2,9fa50aa69c407600aa9d67df28e7cc3cd6e9c41609e609a7a815382af77beca2,249381bb0ce74798330f0f6154c85373495ba52924ca38dac62fa366587295cf,0,False,False,False,0.0,0.0,0.7576,medium,False,False,primary,0.7576,0.7576,"{""primary"": {""prediction_count"": 3, ""top1_id"": ""249381bb0ce74798330f0f6154c85373495ba52924ca38dac62fa366587295cf"", ""top1_score"": 0.7576}}",medium,implicit_usage,standard_state,catalog_unspecified,not_assessment,no,no,no,249381bb0ce74798330f0f6154c85373495ba52924ca38dac62fa366587295cf,0.7576,ccd676375a511a7e746efcc557615ae0d944689aa9ad14feb05d539fd7c53c1c,0.7464,4f65c779921555a121081dd99d386048b1422d09539c793652749573eb8428c1,0.7422,,,,,,,,,,,,,,,catalog_unspecified,unspecified_structural_placeholder,SpringBoard ELA: Unspecified,SpringBoard ELA,Core Curriculum,College Board,False,False,False,catalog_unspecified_named_series
001da647b24889cde9214d197a89c0dff756abddee20c8ac622a7d492de204d8,WY,Springboard,College Board,ELA,Core Curriculum,6,9fa50aa69c407600aa9d67df28e7cc3cd6e9c41609e609a7a815382af77beca2,2024-2025,present,9fa50aa69c407600aa9d67df28e7cc3cd6e9c41609e609a7a815382af77beca2,9fa50aa69c407600aa9d67df28e7cc3cd6e9c41609e609a7a815382af77beca2,249381bb0ce74798330f0f6154c85373495ba52924ca38dac62fa366587295cf,0,False,False,False,0.0,0.0,0.7576,medium,False,False,primary,0.7576,0.7576,"{""primary"": {""prediction_count"": 3, ""top1_id"": ""249381bb0ce74798330f0f6154c85373495ba52924ca38dac62fa366587295cf"", ""top1_score"": 0.7576}}",medium,implicit_usage,standard_state,catalog_unspecified,not_assessment,no,no,no,249381bb0ce74798330f0f6154c85373495ba52924ca38dac62fa366587295cf,0.7576,ccd676375a511a7e746efcc557615ae0d944689aa9ad14feb05d539fd7c53c1c,0.7464,4f65c779921555a121081dd99d386048b1422d09539c793652749573eb8428c1,0.7422,,,,,,,,,,,,,,,catalog_unspecified,unspecified_structural_placeholder,SpringBoard ELA: Unspecified,SpringBoard ELA,Core Curriculum,College Board,False,False,False,catalog_unspecified_named_series
0008c7b73b589a6982c9431808c9876e3e856adeb61a023c5d7bafe2f09398a7,AK,ALEKS,,Math,Core Curriculum,10,8788316b911b89e177b2099398872b77833e02a4b0ccd96fa6aaf1a44f35f058,2023-2024,missing,8788316b911b89e177b2099398872b77833e02a4b0ccd96fa6aaf1a44f35f058,8788316b911b89e177b2099398872b77833e02a4b0ccd96fa6aaf1a44f35f058,8788316b911b89e177b2099398872b77833e02a4b0ccd96fa6aaf1a44f35f058,1,True,True,True,1.0,1.0,0.5523,medium,True,True,title_plus_publisher,0.0,0.5523,"{""primary"": {""prediction_count"": 0, ""top1_id"": """", ""top1_score"": 0.0}, ""publisher_as_title"": {""prediction_count"": 0, ""top1_id"": """", ""top1_score"": 0.0}, ""title_plus_publisher"": {""prediction_count"": 1, ""top1_id"": ""8788316b911b89e177b2099398872b77833e02a4b0ccd96fa6aaf1a44f35f058"", ""top1_score"": 0.5523}, ""title_publisher_swapped"": {""prediction_count"": 0, ""top1_id"": """", ""top1_score"": 0.0}}",sparse,implicit_usage,standard_state,standard_catalog_mapping,not_assessment,no,no,no,8788316b911b89e177b2099398872b77833e02a4b0ccd96fa6aaf1a44f35f058,0.5523,,,,,,,,,,,,,,,,,,,assessment_like,assessment_like_consistent,ALEKS Math,ALEKS Math,Supplemental,McGraw Hill Education,False,True,False,standard_catalog_mapping
00192142cf6441efaead2e27d5856085085b04ed71440770cc1066efa6e0fb2e,AZ,Cengage Math,,Math,Core Curriculum,8,5478685bcf44b0658f33fe1b6d1c3b2acddab6f656f68a1da8cf672a0312b729,2024-2025,missing,5478685bcf44b0658f33fe1b6d1c3b2acddab6f656f68a1da8cf672a0312b729,5478685bcf44b0658f33fe1b6d1c3b2acddab6f656f68a1da8cf672a0312b729,36ad2d08fd65aebc7b7b6f62c749951ecbea71a276607098b8c48c3feb2e9ff9,0,False,False,False,0.0,0.0,0.4542,low,True,False,primary,0.4542,0.4542,"{""primary"": {""prediction_count"": 3, ""top1_id"": ""36ad2d08fd65aebc7b7b6f62c749951ecbea71a276607098b8c48c3feb2e9ff9"", ""top1_score"": 0.4542}, ""publisher_as_title"": {""prediction_count"": 0, ""top1_id"": """", ""top1_score"": 0.0}, ""title_plus_publisher"": {""prediction_count"": 7, ""top1_id"": ""ae73d07ff5235f092c87d19a410f714cd3b8c3dc7ca5c4076a474ce3d713d3d0"", ""top1_score"": 0.535}, ""title_publisher_swapped"": {""prediction_count"": 0, ""top1_id"": """", ""top1_score"": 0.0}}",sparse,implicit_usage,standard_state,catalog_unspecified,not_assessment,no,no,no,36ad2d08fd65aebc7b7b6f62c749951ecbea71a276607098b8c48c3feb2e9ff9,0.4542,250ffa62a69d252c6da946ad43411939d7a322b61db1814a976ce4f4b5c19ee8,0.3638,05b9138ffc6077c6e9a68194dfabd9491fbbb7a5588fb263f7deee85f0a0b441,0.329,,,,,,,,,,,,,,,catalog_unspecified,unspecified_structural_placeholder,Cengage: Unspecified Math 6-8,Cengage: Unspecified Math Core Curriculum 6-8,Core Curriculum,Cengage,False,False,False,catalog_unspecified_named_series
00dbe3b52a6667bcf9fe5b9d3999d1a7e5941a7f3d5ac84dcf856393666d66c5,AZ,SpringBoard Mathematics,College Board,Math,Core Curriculum,11,41c0a4b3ef4da859ce7ce5cdf36db0257d37dfe5b4e8fe1f60e76931584bdcf0,2023-2024,present,41c0a4b3ef4da859ce7ce5cdf36db0257d37dfe5b4e8fe1f60e76931584bdcf0,41c0a4b3ef4da859ce7ce5cdf36db0257d37dfe5b4e8fe1f60e76931584bdcf0,ec654eebb92558fbe305673b7d369c149cecdd10a917c8abdc6f617c83fe47e4,4,False,False,True,0.25,0.4307,0.8473,high,False,False,primary,0.8473,0.8473,"{""primary"": {""prediction_count"": 7, ""top1_id"": ""ec654eebb92558fbe305673b7d369c149cecdd10a917c8abdc6f617c83fe47e4"", ""top1_score"": 0.8473}}",medium,implicit_usage,standard_state,catalog_unspecified,not_assessment,no,no,no,ec654eebb92558fbe305673b7d369c149cecdd10a917c8abdc6f617c83fe47e4,0.8473,5a68debd3e09db2baff21612d8a81fde53de3091e8d47b3c5e6b2ef649823c6c,0.8254,7b06d4b3b6d16022daa4b7b950152237b308acdc9fcacbcbc3b2486d47663c2c,0.8165,41c0a4b3ef4da859ce7ce5cdf36db0257d37dfe5b4e8fe1f60e76931584bdcf0,0.7863,498df728fb27436a9cb52ccda09eaffe1c6889d7f2735dbe26ca85698a256bde,0.7711,3f5793365300da76674b00a98105881e445a5ddea26bd6b1e28af8d1bb446c44,0.6716,6ff60681917ec93f0568c6298aa666c3ccd8ed7db0ef770496c4a2e4763a5817,0.3202,,,,,,,catalog_unspecified,unspecified_label_but_retrievable,Springboard Mathematics: Unspecified,SpringBoard Mathematics,Core Curriculum,College Board,False,False,False,catalog_unspecified_named_series
002c98a0deef7b4692c090cb78ef297da2d1ee70a0224e3cb7ddb80384fa8846,CA,CPM,,Math,Core Curriculum,9,0da51044351e7957d8d350d8920f677373c6ac47191f3ebb620e53e216f31b37,2024-2025,missing,0da51044351e7957d8d350d8920f677373c6ac47191f3ebb620e53e216f31b37,0da51044351e7957d8d350d8920f677373c6ac47191f3ebb620e53e216f31b37,ff3b9f73a0d60c3e0d36f98d95733a57b1c25f7fbff27f5785ceda8f22e51336,0,False,False,False,0.0,0.0,0.4488,low,True,True,title_plus_publisher,0.0,0.4488,"{""primary"": {""prediction_count"": 0, ""top1_id"": """", ""top1_score"": 0.0}, ""publisher_as_title"": {""prediction_count"": 0, ""top1_id"": """", ""top1_score"": 0.0}, ""title_plus_publisher"": {""prediction_count"": 2, ""top1_id"": ""ff3b9f73a0d60c3e0d36f98d95733a57b1c25f7fbff27f5785ceda8f22e51336"", ""top1_score"": 0.4488}, ""title_publisher_swapped"": {""prediction_count"": 0, ""top1_id"": """", ""top1_score"": 0.0}}",sparse,implicit_usage,adoption_state_high_risk,catalog_unspecified,not_assessment,no,no,no,ff3b9f73a0d60c3e0d36f98d95733a57b1c25f7fbff27f5785ceda8f22e51336,0.4488,2519bfe9b06536a452e541a6da8a56eab90aa793d0af2395046f26442c97e976,0.3821,,,,,,,,,,,,,,,,,catalog_unspecified,unspecified_structural_placeholder,College Preparatory Mathematics: Unspecified,Advanced High School,Core Curriculum,CPM Education Program,False,False,False,catalog_unspecified_structural_placeholder
0041606b6c043d0ab108a7223c5365c8f00a250e5d879922a2143d34f12def34,CA,Pearson,,Math,Core Curriculum,12,5f81a995f089f8b73d02d533c2040285cc324ef3e65fb92765aabf44e8f7eb83,2023-2024,missing,5f81a995f089f8b73d02d533c2040285cc324ef3e65fb92765aabf44e8f7eb83,5f81a995f089f8b73d02d533c2040285cc324ef3e65fb92765aabf44e8f7eb83,3a0d901d3e2730f048d06fea5fc0b7589bc9edec2a656280d4eb8e9dd4b6954a,0,False,False,False,0.0,0.0,0.5197,medium,True,True,title_plus_publisher,0.3556,0.5197,"{""primary"": {""prediction_count"": 1, ""top1_id"": ""9588ea314b16f036bf1fbdf4fa9fe73f46933212adc82967913f8e68d9206bfa"", ""top1_score"": 0.3556}, ""publisher_as_title"": {""prediction_count"": 0, ""top1_id"": """", ""top1_score"": 0.0}, ""title_plus_publisher"": {""prediction_count"": 3, ""top1_id"": ""3a0d901d3e2730f048d06fea5fc0b7589bc9edec2a656280d4eb8e9dd4b6954a"", ""top1_score"": 0.5197}, ""title_publisher_swapped"": {""prediction_count"": 0, ""top1_id"": """", ""top1_score"": 0.0}}",sparse,implicit_usage,adoption_state_high_risk,catalog_unspecified,not_assessment,no,no,no,3a0d901d3e2730f048d06fea5fc0b7589bc9edec2a656280d4eb8e9dd4b6954a,0.5197,3b646891cd1693e645ea4b583abac162c9753cf8a79442d2d77d39b29326a3b7,0.5054,8e1c37c762f33ef3eb4c59128c8cc796b2ecd4519608ae97eaa7eb123e69b998,0.4991,,,,,,,,,,,,,,,catalog_unspecified,unspecified_structural_placeholder,Savvas: Unspecified Math 9-12,Savvas: Unspecified Math,Core Curriculum,Savvas Learning Company,False,False,False,catalog_unspecified_structural_placeholder
00467b352eecd39eeb3a0d840461e3812a124ef24dea0ea7bd7688bb04f61261,CA,Illustrative Mathematics,,Math,Core Curriculum,4,7eb5c3b8ebb34b71bb59b5a1fc4b2333f217e7683b91aa52b0b002bf4c44543b,2023-2024,missing,7eb5c3b8ebb34b71bb59b5a1fc4b2333f217e7683b91aa52b0b002bf4c44543b,7eb5c3b8ebb34b71bb59b5a1fc4b2333f217e7683b91aa52b0b002bf4c44543b,cda03b0ef2b939527412ce23bbd6a1c07c2943b1eb08db8c4e0a7d1acc2fbb8a,0,False,False,False,0.0,0.0,0.5329,medium,True,False,primary,0.5329,0.5329,"{""primary"": {""prediction_count"": 10, ""top1_id"": ""cda03b0ef2b939527412ce23bbd6a1c07c2943b1eb08db8c4e0a7d1acc2fbb8a"", ""top1_score"": 0.5329}, ""publisher_as_title"": {""prediction_count"": 0, ""top1_id"": """", ""top1_score"": 0.0}, ""title_plus_publisher"": {""prediction_count"": 10, ""top1_id"": ""9b39064434d327aa72feabb68835d8c1afaff7d0dc22b15cce396a598ea2c012"", ""top1_score"": 0.5648}, ""title_publisher_swapped"": {""prediction_count"": 0, ""top1_id"": """", ""top1_score"": 0.0}}",sparse,implicit_usage,adoption_state_high_risk,catalog_unspecified,not_assessment,no,no,no,cda03b0ef2b939527412ce23bbd6a1c07c2943b1eb08db8c4e0a7d1acc2fbb8a,0.5329,61f076acc81e868eccd51c62cbc7f80e26974e1de4eef05fd0ca5d016544012b,0.5234,9b39064434d327aa72feabb68835d8c1afaff7d0dc22b15cce396a598ea2c012,0.4815,1c5777aa5fbe0a405bed9b749cb825cb16a9e5c1b48ad2fb52d0ebb5e595e6eb,0.4812,bc8b510c89d63451dfea1649611995db7db0d76d6f20f0fd75847e8c5f29ad8f,0.4724,769eaf285bf83e8ffcd1fa95ffa58ed591c9256f4b0677a1db9e204d670d3d0f,0.4659,196d127bae826a48a351333ee7b908bd7025eb378537dbe40c1f97e5359a0be0,0.4642,04ae7b8c3a77fab25f62840437ac4e7049094d19826ede84b078df7732094c58,0.4601,8bd6f57ed68433a05fd265b9a91f9e59c61b377efa3e541cc2060699eeec33b8,0.4597,24e842ce5806307eb11ff14aae037c3faf9319e77cde5f7de424cade899ac8de,0.4508,catalog_unspecified,unspecified_structural_placeholder,Illustrative Mathematics 6-8: Unspecified,Illustrative Mathematics,Core Curriculum,Unspecified,False,False,False,catalog_unspecified_named_series
005453f00648bcd2bbc4700701e99cbbfb4a5b5f044066a94cc769961a884962,CA,Math in Focus,,Math,Core Curriculum,8,8d67181d51cb5c15a2b2c89c5c60b9ea6cad7db441f3ef64c21b002eb1203591,2023-2024,missing,8d67181d51cb5c15a2b2c89c5c60b9ea6cad7db441f3ef64c21b002eb1203591,8d67181d51cb5c15a2b2c89c5c60b9ea6cad7db441f3ef64c21b002eb1203591,46ae15e86fe03481b05fbab2d54c93e0716e11ae3d743431a3dfe1b1efec142c,0,False,False,False,0.0,0.0,0.4976,low,True,False,primary,0.4976,0.4976,"{""primary"": {""prediction_count"": 2, ""top1_id"": ""46ae15e86fe03481b05fbab2d54c93e0716e11ae3d743431a3dfe1b1efec142c"", ""top1_score"": 0.4976}, ""publisher_as_title"": {""prediction_count"": 0, ""top1_id"": """", ""top1_score"": 0.0}, ""title_plus_publisher"": {""prediction_count"": 5, ""top1_id"": ""8d67181d51cb5c15a2b2c89c5c60b9ea6cad7db441f3ef64c21b002eb1203591"", ""top1_score"": 0.6161}, ""title_publisher_swapped"": {""prediction_count"": 0, ""top1_id"": """", ""top1_score"": 0.0}}",medium,implicit_usage,adoption_state_high_risk,catalog_unspecified,not_assessment,no,no,no,46ae15e86fe03481b05fbab2d54c93e0716e11ae3d743431a3dfe1b1efec142c,0.4976,692c64dd03b6ed70f3c85e66fc85bf2783531adf5eaab028fc8e87a8963db661,0.3851,,,,,,,,,,,,,,,,,catalog_unspecified,unspecified_structural_placeholder,Math in Focus: Unspecified,Math in Focus,Core Curriculum,Houghton Mifflin Harcourt,False,False,False,catalog_unspecified_named_series
00030f7c34ee9f1101e3c3a24c72c4057c1b73ebbf1ecfe17bef810930206745,CA,"Go Math!, Houghton Mifflin",Houghton Mifflin,Math,Core Curriculum,K,1b39ca1293af71eb431ef3964f00dabf369bdfcb704dedb65e1761a65efea38f,2023-2024,present,1b39ca1293af71eb431ef3964f00dabf369bdfcb704dedb65e1761a65efea38f,1b39ca1293af71eb431ef3964f00dabf369bdfcb704dedb65e1761a65efea38f,759fa6c49e6c35b9a57ffdb5b5ce95fdebcfc4f33d6e6f8d3998ffd3392a3d4b,0,False,False,False,0.0,0.0,0.6365,medium,True,True,title_plus_publisher,0.0,0.6365,"{""primary"": {""prediction_count"": 0, ""top1_id"": """", ""top1_score"": 0.0}, ""publisher_as_title"": {""prediction_count"": 2, ""top1_id"": ""759fa6c49e6c35b9a57ffdb5b5ce95fdebcfc4f33d6e6f8d3998ffd3392a3d4b"", ""top1_score"": 0.6348}, ""title_plus_publisher"": {""prediction_count"": 2, ""top1_id"": ""759fa6c49e6c35b9a57ffdb5b5ce95fdebcfc4f33d6e6f8d3998ffd3392a3d4b"", ""top1_score"": 0.6365}, ""title_publisher_swapped"": {""prediction_count"": 2, ""top1_id"": ""759fa6c49e6c35b9a57ffdb5b5ce95fdebcfc4f33d6e6f8d3998ffd3392a3d4b"", ""top1_score"": 0.5348}}",rich,implicit_usage,adoption_state_high_risk,catalog_unspecified,not_assessment,no,no,no,759fa6c49e6c35b9a57ffdb5b5ce95fdebcfc4f33d6e6f8d3998ffd3392a3d4b,0.6365,484aab7f22237bc8bd856e1fac7fd0eef8dc4e7b1537cbf9de716ce60a0ab88e,0.6173,,,,,,,,,,,,,,,,,catalog_unspecified,unspecified_structural_placeholder,Go Math!: Unspecified,HMH Go Math!,Core Curriculum,Houghton Mifflin Harcourt,False,False,False,catalog_unspecified_named_series
0004835bef6c2280b24c4cb8b2cdcd68696a25b176f0555d641b15671124f59b,CA,Everyday Mathematics,McGraw-Hill,Math,Core Curriculum,2,d5b12d7d7384c8a0c1d05c5b1485b441207e5a461e4eda17820da7441724a622,2024-2025,present,d5b12d7d7384c8a0c1d05c5b1485b441207e5a461e4eda17820da7441724a622,d5b12d7d7384c8a0c1d05c5b1485b441207e5a461e4eda17820da7441724a622,93fcb9dbe58e0b446f8072eaccf7159cfe8fb291baf85c58cf1be3452acd79a1,4,False,False,True,0.25,0.4307,0.7523,medium,False,False,primary,0.7523,0.7523,"{""primary"": {""prediction_count"": 5, ""top1_id"": ""93fcb9dbe58e0b446f8072eaccf7159cfe8fb291baf85c58cf1be3452acd79a1"", ""top1_score"": 0.7523}}",medium,implicit_usage,adoption_state_high_risk,catalog_unspecified,not_assessment,no,no,no,93fcb9dbe58e0b446f8072eaccf7159cfe8fb291baf85c58cf1be3452acd79a1,0.7523,25a4b86b84ed51b2abf89e0fbb229b88e78aa90d38be6b667b6136a5c1d29bc7,0.6912,fad1b0c738e78c7a704113e1f8e50ad2a9ac5379a429229b28ac5aa2e0a9862d,0.6887,d5b12d7d7384c8a0c1d05c5b1485b441207e5a461e4eda17820da7441724a622,0.6369,d7358459bdf54e14457492daefe1313931705f408c8549dd7e84f9e6b3c1a435,0.3887,,,,,,,,,,,catalog_unspecified,unspecified_label_but_retrievable,Everyday Mathematics: Unspecified,Everyday Mathematics,Core Curriculum,McGraw Hill Education,False,False,False,catalog_unspecified_named_series
0042eba1a071bb6ea8cb076b8527753db2115c7a7304e9b57cd501646f9c0fc7,CA,Renaissance Learning STAR Math,Renaissance,Math,Core Curriculum,8,c9be7dc77cc464a55073366b335dc04a2b896477cd4d3918c1dbba083c65d8b0,2024-2025,present,c9be7dc77cc464a55073366b335dc04a2b896477cd4d3918c1dbba083c65d8b0,c9be7dc77cc464a55073366b335dc04a2b896477cd4d3918c1dbba083c65d8b0,c9be7dc77cc464a55073366b335dc04a2b896477cd4d3918c1dbba083c65d8b0,1,True,True,True,1.0,1.0,0.5728,medium,False,False,primary,0.5728,0.5728,"{""primary"": {""prediction_count"": 3, ""top1_id"": ""c9be7dc77cc464a55073366b335dc04a2b896477cd4d3918c1dbba083c65d8b0"", ""top1_score"": 0.5728}}",rich,implicit_usage,adoption_state_high_risk,catalog_unspecified,not_assessment,no,no,no,c9be7dc77cc464a55073366b335dc04a2b896477cd4d3918c1dbba083c65d8b0,0.5728,04d4e815dc82192ae8b5b7e3fa003bb7812baa0a7445d97a4fdab7f274aa1077,0.4712,1e5baf53e09e52220510d90e40c7469104ea63281b5465359bdb1f0c57508cc2,0.2909,,,,,,,,,,,,,,,catalog_unspecified,unspecified_label_but_retrievable,Renaissance Learning: Unspecified,Renaissance,Supplemental,Renaissance,False,False,False,catalog_unspecified_named_series
00527279968cf94c86b24dd4bd4b795dd8eaf705af82d448ed3df452f88e651c,CA,Go Math,Houghton Mifflin Harcourt,Math,Core Curriculum,3,1b39ca1293af71eb431ef3964f00dabf369bdfcb704dedb65e1761a65efea38f,2023-2024,present,1b39ca1293af71eb431ef3964f00dabf369bdfcb704dedb65e1761a65efea38f,1b39ca1293af71eb431ef3964f00dabf369bdfcb704dedb65e1761a65efea38f,62ce55485b45f1fbadbee48226624dc5f64dc6b233e33a5cac114f0ec31232ee,0,False,False,False,0.0,0.0,0.6099,medium,False,False,primary,0.6099,0.6099,"{""primary"": {""prediction_count"": 1, ""top1_id"": ""62ce55485b45f1fbadbee48226624dc5f64dc6b233e33a5cac114f0ec31232ee"", ""top1_score"": 0.6099}}",medium,implicit_usage,adoption_state_high_risk,catalog_unspecified,not_assessment,no,no,no,62ce55485b45f1fbadbee48226624dc5f64dc6b233e33a5cac114f0ec31232ee,0.6099,,,,,,,,,,,,,,,,,,,catalog_unspecified,unspecified_structural_placeholder,Go Math!: Unspecified,HMH Go Math!,Core Curriculum,Houghton Mifflin Harcourt,False,False,False,catalog_unspecified_named_series
006b970c0a04e9ff92fce19b5c208b9e64313b914ea3cdc4627473fd3c68a909,CA,8th-12th Mathematics,Glencoe/McGraw Hill,Math,Core Curriculum,9,a1c5c17e943a1572a358531e6c6528989783666884ead98e86ea2cbaab0ed7a9,2023-2024,present,a1c5c17e943a1572a358531e6c6528989783666884ead98e86ea2cbaab0ed7a9,a1c5c17e943a1572a358531e6c6528989783666884ead98e86ea2cbaab0ed7a9,b0e17f2a803862673b1cf6ab17c8c1328bb26697dd9441a561a3111b82a4c0c0,0,False,False,False,0.0,0.0,0.5184,medium,True,False,primary,0.5184,0.5184,"{""primary"": {""prediction_count"": 2, ""top1_id"": ""b0e17f2a803862673b1cf6ab17c8c1328bb26697dd9441a561a3111b82a4c0c0"", ""top1_score"": 0.5184}, ""publisher_as_title"": {""prediction_count"": 0, ""top1_id"": """", ""top1_score"": 0.0}, ""title_plus_publisher"": {""prediction_count"": 5, ""top1_id"": ""a2106d01f72fd8cce0576840f4c10b2cdcbd65e61215c670a5a7a2af9217d445"", ""top1_score"": 0.6135}, ""title_publisher_swapped"": {""prediction_count"": 0, ""top1_id"": """", ""top1_score"": 0.0}}",medium,implicit_usage,adoption_state_high_risk,catalog_unspecified,not_assessment,no,no,no,b0e17f2a803862673b1cf6ab17c8c1328bb26697dd9441a561a3111b82a4c0c0,0.5184,2e21827c6b5751a57d623f5cba88a400cb92c3b5011cb4babf022c0c1a4578d8,0.3528,,,,,,,,,,,,,,,,,catalog_unspecified,unspecified_structural_placeholder,Glencoe Math: Unspecified,Glencoe Math,Core Curriculum,McGraw Hill Education,False,False,False,catalog_unspecified_structural_placeholder
007b30b5f1836b46b5d1c1127ec4888f8bf5e62aee309c344a53a04d1391bf8b,CA,Functional Math,McGraw-Hill,Math,Core Curriculum,12,8788316b911b89e177b2099398872b77833e02a4b0ccd96fa6aaf1a44f35f058,2024-2025,present,8788316b911b89e177b2099398872b77833e02a4b0ccd96fa6aaf1a44f35f058,8788316b911b89e177b2099398872b77833e02a4b0ccd96fa6aaf1a44f35f058,a2106d01f72fd8cce0576840f4c10b2cdcbd65e61215c670a5a7a2af9217d445,0,False,False,False,0.0,0.0,0.5763,medium,True,True,title_plus_publisher,0.0,0.5763,"{""primary"": {""prediction_count"": 0, ""top1_id"": """", ""top1_score"": 0.0}, ""publisher_as_title"": {""prediction_count"": 3, ""top1_id"": ""fc8488d545c694fb31572e380470a971a9c5ada6d312f4a6627955476b0da906"", ""top1_score"": 0.6234}, ""title_plus_publisher"": {""prediction_count"": 3, ""top1_id"": ""a2106d01f72fd8cce0576840f4c10b2cdcbd65e61215c670a5a7a2af9217d445"", ""top1_score"": 0.5763}, ""title_publisher_swapped"": {""prediction_count"": 3, ""top1_id"": ""fc8488d545c694fb31572e380470a971a9c5ada6d312f4a6627955476b0da906"", ""top1_score"": 0.4647}}",medium,implicit_usage,adoption_state_high_risk,standard_catalog_mapping,not_assessment,no,no,no,a2106d01f72fd8cce0576840f4c10b2cdcbd65e61215c670a5a7a2af9217d445,0.5763,fc8488d545c694fb31572e380470a971a9c5ada6d312f4a6627955476b0da906,0.5666,db03cfc3ae2d54fe801dcbe5e1bc5a11140b971807a4422830d55897593d3d65,0.5621,,,,,,,,,,,,,,,assessment_like,assessment_like_consistent,ALEKS Math,ALEKS Math,Supplemental,McGraw Hill Education,False,True,False,standard_catalog_mapping
0068d03ef623ed2cc5fcbf5484ca7f348e1cc86ed3e81327c36ad3c47767d003,GA,Georgia A|G|A,Holt McDougall,Math,Core Curriculum,9,c7f88f761ae4e51dc910b34c78cce6de556362137346c418571138a58f003b50,2024-2025,present,c7f88f761ae4e51dc910b34c78cce6de556362137346c418571138a58f003b50,c7f88f761ae4e51dc910b34c78cce6de556362137346c418571138a58f003b50,1265abb4ea27ca106a96f4fcb31f2eb7cb34c4d81432280c8ac62cc9380d35f4,0,False,False,False,0.0,0.0,0.792,medium,True,True,title_plus_publisher,0.0,0.792,"{""primary"": {""prediction_count"": 0, ""top1_id"": """", ""top1_score"": 0.0}, ""publisher_as_title"": {""prediction_count"": 5, ""top1_id"": ""1265abb4ea27ca106a96f4fcb31f2eb7cb34c4d81432280c8ac62cc9380d35f4"", ""top1_score"": 0.7878}, ""title_plus_publisher"": {""prediction_count"": 4, ""top1_id"": ""1265abb4ea27ca106a96f4fcb31f2eb7cb34c4d81432280c8ac62cc9380d35f4"", ""top1_score"": 0.792}, ""title_publisher_swapped"": {""prediction_count"": 5, ""top1_id"": ""1265abb4ea27ca106a96f4fcb31f2eb7cb34c4d81432280c8ac62cc9380d35f4"", ""top1_score"": 0.5378}}",rich,implicit_usage,standard_state,catalog_unspecified,not_assessment,no,no,no,1265abb4ea27ca106a96f4fcb31f2eb7cb34c4d81432280c8ac62cc9380d35f4,0.792,f8bf4c6944a634f0b1cf241ee3e072c9ac161175c3d5de437fe736fb611eb9bc,0.7878,8026ed25cdad60236f641702f03c4da704b26942465a2ac96c2fb8d86f30fedc,0.7574,7cf5e1ef3df80f087183cef02cc04541940848b16fc7cde8643a240c6a33b1d3,0.7561,,,,,,,,,,,,,catalog_unspecified,unspecified_structural_placeholder,"Holt McDougal: A|G|A, Unspecified",HMH Holt McDougal,Core Curriculum,Houghton Mifflin Harcourt,False,False,False,catalog_unspecified_named_series
0070df1790116606dec4e3d2b6b9f13a4fa7cb61474581797d80d74e0bc4953b,LA,Agile Mind Core Mathematics: Unspecified,Agile Mind,Math,Core Curriculum,7,c17571f0094f02da30bc382a3d4056c5d813c6bb012025c794d1706fde17eb59,2023-2024,present,c17571f0094f02da30bc382a3d4056c5d813c6bb012025c794d1706fde17eb59,c17571f0094f02da30bc382a3d4056c5d813c6bb012025c794d1706fde17eb59,c17571f0094f02da30bc382a3d4056c5d813c6bb012025c794d1706fde17eb59,1,True,True,True,1.0,1.0,0.8589,high,False,False,primary,0.8589,0.8589,"{""primary"": {""prediction_count"": 10, ""top1_id"": ""c17571f0094f02da30bc382a3d4056c5d813c6bb012025c794d1706fde17eb59"", ""top1_score"": 0.8589}}",rich,explicit_usage,standard_state,catalog_unspecified,not_assessment,no,no,no,c17571f0094f02da30bc382a3d4056c5d813c6bb012025c794d1706fde17eb59,0.8589,2a6b93851ea3957c195d4ff918edfee3efe6876c02a9dfe623b0f68f1e0c8bce,0.8112,2dcc309b39c7582da430dea845aa28cda0bd45626b4e56a40fbc3bfc2eca8761,0.8015,3d5f501434e375dfa4745c402e7999ba6344deb88da7e21350159c0cd04ad5ad,0.7407,3013083f2bca052375fb6a9e9a5051b8216f8e2f08dcf46ab0eca27fc421f064,0.7325,b2f6996ee5d3e19bb0bbaf0fc4f76d90555d2d6c092550beefb23812b5a9d20e,0.7289,da79d54e0a6e24e8dbe83a9d39c392fa57a627d404cefe6c6125a7fb59246471,0.719,ee3a94394a98a787f311a0abb0910693c2ea3e4cbad016e2c1e5e11d7f5a0feb,0.7149,00448e3e286f85b184e02227512b1ee7c661c422b169e4b144f4e58b702027fd,0.713,a75cc5f9b4b252bc31b8df50b69eeca5f8304b04349cb54887b17fbf737c09c5,0.6912,catalog_unspecified,unspecified_label_but_retrievable,Agile Mind Core Mathematics: Unspecified,Agile Mind Core Mathematics,Core Curriculum,Agile Mind,False,False,False,catalog_unspecified_named_series
011a941946d62b35127dd14e2a49a0d5a08b26fc4506e5b0c6800e8424f2c16c,MD,Eureka Math,Great Minds,Math,Core Curriculum,2,2382d8b3e7b50f4dd6efc37ce43213cccb5e06b1670130a138add2f5946efca5,2023-2024,present,2382d8b3e7b50f4dd6efc37ce43213cccb5e06b1670130a138add2f5946efca5,2382d8b3e7b50f4dd6efc37ce43213cccb5e06b1670130a138add2f5946efca5,e56fba9a8f3438466fce4d4a48d6b83c7e33d9e37ecfd7915835e2ac678fb0ee,6,False,False,True,0.1667,0.3562,0.7003,medium,False,False,primary,0.7003,0.7003,"{""primary"": {""prediction_count"": 6, ""top1_id"": ""e56fba9a8f3438466fce4d4a48d6b83c7e33d9e37ecfd7915835e2ac678fb0ee"", ""top1_score"": 0.7003}}",medium,implicit_usage,standard_state,catalog_unspecified,not_assessment,no,no,no,e56fba9a8f3438466fce4d4a48d6b83c7e33d9e37ecfd7915835e2ac678fb0ee,0.7003,24f090e0346fd06401cd8f48f9b9608f67ebb1e5cf74b417a76e984c06c06451,0.6773,8b015e0d055b800ab059e0322dcca94ba3e3a5da3e40636be1ae2870927ee0cd,0.6707,b2c188df9fdbefb2e07dfb6b9935da63cd7ff1700a6e106eb4da190dd35fbce3,0.6637,a353f8ccd3162a81fb95347a36ca87a17f2674ac3fd59bf1add7e6d7fc19bfff,0.647,2382d8b3e7b50f4dd6efc37ce43213cccb5e06b1670130a138add2f5946efca5,0.6328,,,,,,,,,catalog_unspecified,unspecified_label_but_retrievable,Eureka Math: Unspecified,Eureka Math,Core Curriculum,Great Minds,False,False,False,catalog_unspecified_named_series
0070b815d6882fe6455416345fe4ee98738f26d0f0095a943b243c3153c580e8,MI,Eureka Math,,Math,Core Curriculum,6,2382d8b3e7b50f4dd6efc37ce43213cccb5e06b1670130a138add2f5946efca5,2023-2024,missing,2382d8b3e7b50f4dd6efc37ce43213cccb5e06b1670130a138add2f5946efca5,2382d8b3e7b50f4dd6efc37ce43213cccb5e06b1670130a138add2f5946efca5,e56fba9a8f3438466fce4d4a48d6b83c7e33d9e37ecfd7915835e2ac678fb0ee,6,False,False,True,0.1667,0.3562,0.5103,medium,True,False,primary,0.5103,0.5103,"{""primary"": {""prediction_count"": 6, ""top1_id"": ""e56fba9a8f3438466fce4d4a48d6b83c7e33d9e37ecfd7915835e2ac678fb0ee"", ""top1_score"": 0.5103}, ""publisher_as_title"": {""prediction_count"": 0, ""top1_id"": """", ""top1_score"": 0.0}, ""title_plus_publisher"": {""prediction_count"": 10, ""top1_id"": ""ae73d07ff5235f092c87d19a410f714cd3b8c3dc7ca5c4076a474ce3d713d3d0"", ""top1_score"": 0.5387}, ""title_publisher_swapped"": {""prediction_count"": 0, ""top1_id"": """", ""top1_score"": 0.0}}",sparse,implicit_usage,standard_state,catalog_unspecified,not_assessment,no,no,no,e56fba9a8f3438466fce4d4a48d6b83c7e33d9e37ecfd7915835e2ac678fb0ee,0.5103,24f090e0346fd06401cd8f48f9b9608f67ebb1e5cf74b417a76e984c06c06451,0.4873,8b015e0d055b800ab059e0322dcca94ba3e3a5da3e40636be1ae2870927ee0cd,0.4807,a353f8ccd3162a81fb95347a36ca87a17f2674ac3fd59bf1add7e6d7fc19bfff,0.457,b2c188df9fdbefb2e07dfb6b9935da63cd7ff1700a6e106eb4da190dd35fbce3,0.4137,2382d8b3e7b50f4dd6efc37ce43213cccb5e06b1670130a138add2f5946efca5,0.3828,,,,,,,,,catalog_unspecified,unspecified_label_but_retrievable,Eureka Math: Unspecified,Eureka Math,Core Curriculum,Great Minds,False,False,False,catalog_unspecified_named_series
0025746e8de88dff930b792fe5c539d15a101589b4aa8204038839b526f194b7,NJ,Go Math,,Math,Core Curriculum,K,1b39ca1293af71eb431ef3964f00dabf369bdfcb704dedb65e1761a65efea38f,2024-2025,missing,1b39ca1293af71eb431ef3964f00dabf369bdfcb704dedb65e1761a65efea38f,1b39ca1293af71eb431ef3964f00dabf369bdfcb704dedb65e1761a65efea38f,af5d0855e19cde0d047a69a52580cd4907e3a94b92d17ece06f62a6ad2108064,5,False,False,True,0.2,0.3869,0.5311,medium,True,True,title_plus_publisher,0.3599,0.5311,"{""primary"": {""prediction_count"": 1, ""top1_id"": ""62ce55485b45f1fbadbee48226624dc5f64dc6b233e33a5cac114f0ec31232ee"", ""top1_score"": 0.3599}, ""publisher_as_title"": {""prediction_count"": 0, ""top1_id"": """", ""top1_score"": 0.0}, ""title_plus_publisher"": {""prediction_count"": 10, ""top1_id"": ""af5d0855e19cde0d047a69a52580cd4907e3a94b92d17ece06f62a6ad2108064"", ""top1_score"": 0.5311}, ""title_publisher_swapped"": {""prediction_count"": 0, ""top1_id"": """", ""top1_score"": 0.0}}",sparse,implicit_usage,standard_state,catalog_unspecified,not_assessment,no,no,no,af5d0855e19cde0d047a69a52580cd4907e3a94b92d17ece06f62a6ad2108064,0.5311,54fce6b54d861473da0372d1a0c7a22fa41a3580b0ac649a2a1827c0f57fc2f6,0.4918,ae73d07ff5235f092c87d19a410f714cd3b8c3dc7ca5c4076a474ce3d713d3d0,0.4186,5b1285d9d56c4367f5db86a24d847236656b69c7399087ad5664b4a62ec9613f,0.4003,1b39ca1293af71eb431ef3964f00dabf369bdfcb704dedb65e1761a65efea38f,0.3902,fb4f620c27277af063dc5164051dfd0858ecb996f9949a58b9a63e092532cbc5,0.3897,2fa61191609dbbcaf2ad778a86135db82e24aedf409d68e4b8ec6b521a9a5597,0.3836,4c2b327b9009b36a694f1646644f84f693e6409f0e3b3544cba80c00989cc8f0,0.3836,622b8e3bf66d9b428d8b45aa0af053698804e7b3dae2b0098f7c65d60c4ecf9b,0.3739,e5827a2275577105995baf249895b794e99a62353d9d1e72edc7d451dabcc465,0.3556,catalog_unspecified,unspecified_label_but_retrievable,Go Math!: Unspecified,HMH Go Math!,Core Curriculum,Houghton Mifflin Harcourt,False,False,False,catalog_unspecified_named_series
0009a68ef5a0de3c6bfe4d75c87b774444deecf4ab90039da9620a8dba434fda,NJ,Pearson enVision,Pearson,Math,Core Curriculum,10,d0d8b6773d11e0ed0aea937bfe6616cded227b713eae0e3beeff521d023e8790,2024-2025,present,d0d8b6773d11e0ed0aea937bfe6616cded227b713eae0e3beeff521d023e8790,d0d8b6773d11e0ed0aea937bfe6616cded227b713eae0e3beeff521d023e8790,9588ea314b16f036bf1fbdf4fa9fe73f46933212adc82967913f8e68d9206bfa,0,False,False,False,0.0,0.0,0.6744,medium,True,True,title_plus_publisher,0.0,0.6744,"{""primary"": {""prediction_count"": 0, ""top1_id"": """", ""top1_score"": 0.0}, ""publisher_as_title"": {""prediction_count"": 1, ""top1_id"": ""9588ea314b16f036bf1fbdf4fa9fe73f46933212adc82967913f8e68d9206bfa"", ""top1_score"": 0.6406}, ""title_plus_publisher"": {""prediction_count"": 1, ""top1_id"": ""9588ea314b16f036bf1fbdf4fa9fe73f46933212adc82967913f8e68d9206bfa"", ""top1_score"": 0.6744}, ""title_publisher_swapped"": {""prediction_count"": 1, ""top1_id"": ""9588ea314b16f036bf1fbdf4fa9fe73f46933212adc82967913f8e68d9206bfa"", ""top1_score"": 0.5974}}",medium,implicit_usage,standard_state,catalog_unspecified,not_assessment,no,no,no,9588ea314b16f036bf1fbdf4fa9fe73f46933212adc82967913f8e68d9206bfa,0.6744,,,,,,,,,,,,,,,,,,,catalog_unspecified,unspecified_structural_placeholder,enVision Mathematics: Unspecified,enVision Mathematics,Core Curriculum,Savvas Learning Company,False,False,False,catalog_unspecified_named_series
00790289940750c98d2ac645a8f3cf4bfc7d5caee4fdb064db43f375be7b984b,NY,i-Ready Classroom Math,,Math,Core Curriculum,6,2b8cc7a14fcb074f66d4714b69942d7d2d2a1098979a2b3eb204795e7eaf98ee,2024-2025,missing,2b8cc7a14fcb074f66d4714b69942d7d2d2a1098979a2b3eb204795e7eaf98ee,2b8cc7a14fcb074f66d4714b69942d7d2d2a1098979a2b3eb204795e7eaf98ee,138112c4754319d3202c78823a5b20721fe7dabc74a27307411f1b2150279835,3,False,True,True,0.3333,0.5,0.4883,low,True,False,primary,0.4883,0.4883,"{""primary"": {""prediction_count"": 5, ""top1_id"": ""138112c4754319d3202c78823a5b20721fe7dabc74a27307411f1b2150279835"", ""top1_score"": 0.4883}, ""publisher_as_title"": {""prediction_count"": 0, ""top1_id"": """", ""top1_score"": 0.0}, ""title_plus_publisher"": {""prediction_count"": 8, ""top1_id"": ""3396b89995dec7923a33e8cfd3716f01364e5080ffaf2279ad2c90f8eaeef05f"", ""top1_score"": 0.554}, ""title_publisher_swapped"": {""prediction_count"": 0, ""top1_id"": """", ""top1_score"": 0.0}}",medium,implicit_usage,standard_state,catalog_unspecified,not_assessment,no,no,no,138112c4754319d3202c78823a5b20721fe7dabc74a27307411f1b2150279835,0.4883,e81f1fc0267d9b8676baef72bd35b80589b5fdedf4a6caf9e7c82fca0364cee2,0.4807,2b8cc7a14fcb074f66d4714b69942d7d2d2a1098979a2b3eb204795e7eaf98ee,0.4475,d7358459bdf54e14457492daefe1313931705f408c8549dd7e84f9e6b3c1a435,0.4093,8be2548fa7a5ffcb2c7a9bdc766f989764bbbd5beedf67d3234bd339ab010bac,0.3165,,,,,,,,,,,catalog_unspecified,unspecified_label_but_retrievable,i-Ready Classroom Mathematics: Unspecified,i-Ready Classroom Mathematics,Core Curriculum,Curriculum Associates,False,False,False,catalog_unspecified_named_series
00c25e713358fa63b25878732ae50948751eb5305f2cfcf69915d37564b88fc2,OK,Apex Math,,Math,Core Curriculum,7,f3d75ecbe25d6354a86346e61968c6988b61bbcd525c7083716f0d4c6f2a8766,2024-2025,missing,f3d75ecbe25d6354a86346e61968c6988b61bbcd525c7083716f0d4c6f2a8766,f3d75ecbe25d6354a86346e61968c6988b61bbcd525c7083716f0d4c6f2a8766,af294e2ea45ee255ead520efe4280aa3a788f05bfeb752abdb4205c7ed39b7e9,0,False,False,False,0.0,0.0,0.547,medium,True,True,title_plus_publisher,0.0,0.547,"{""primary"": {""prediction_count"": 0, ""top1_id"": """", ""top1_score"": 0.0}, ""publisher_as_title"": {""prediction_count"": 0, ""top1_id"": """", ""top1_score"": 0.0}, ""title_plus_publisher"": {""prediction_count"": 10, ""top1_id"": ""af294e2ea45ee255ead520efe4280aa3a788f05bfeb752abdb4205c7ed39b7e9"", ""top1_score"": 0.547}, ""title_publisher_swapped"": {""prediction_count"": 0, ""top1_id"": """", ""top1_score"": 0.0}}",sparse,implicit_usage,standard_state,catalog_unspecified,not_assessment,no,no,no,af294e2ea45ee255ead520efe4280aa3a788f05bfeb752abdb4205c7ed39b7e9,0.547,ae73d07ff5235f092c87d19a410f714cd3b8c3dc7ca5c4076a474ce3d713d3d0,0.5445,5b1285d9d56c4367f5db86a24d847236656b69c7399087ad5664b4a62ec9613f,0.5231,bd14a18bdb8a1e1c2c1bd0374be84d4515aafc5df73b4ca89fd7a1c3614c2863,0.5127,88d959412edd202033ef31fd2ae696599d382807d5ca0c23df0d9ed2923f6e44,0.5124,fb4f620c27277af063dc5164051dfd0858ecb996f9949a58b9a63e092532cbc5,0.5102,97482243ce84d9255564de2ca1cf83d059a4b318ce2b4fff11d5a648e755c9c6,0.4964,2fa61191609dbbcaf2ad778a86135db82e24aedf409d68e4b8ec6b521a9a5597,0.4958,af5d0855e19cde0d047a69a52580cd4907e3a94b92d17ece06f62a6ad2108064,0.4523,8788316b911b89e177b2099398872b77833e02a4b0ccd96fa6aaf1a44f35f058,0.4395,catalog_unspecified,unspecified_structural_placeholder,"Apex Learning: Digital Curriculum, Unspecified",Apex Learning,Core Curriculum,Edmentum,False,False,False,catalog_unspecified_named_series
000b0caf75c09afb585b4bb5ea2b9aca726416989371db0fcb6a8a4f31827a97,PA,Go Math!,,Math,Core Curriculum,K,1b39ca1293af71eb431ef3964f00dabf369bdfcb704dedb65e1761a65efea38f,2024-2025,missing,1b39ca1293af71eb431ef3964f00dabf369bdfcb704dedb65e1761a65efea38f,1b39ca1293af71eb431ef3964f00dabf369bdfcb704dedb65e1761a65efea38f,af5d0855e19cde0d047a69a52580cd4907e3a94b92d17ece06f62a6ad2108064,5,False,False,True,0.2,0.3869,0.5311,medium,True,True,title_plus_publisher,0.3599,0.5311,"{""primary"": {""prediction_count"": 1, ""top1_id"": ""62ce55485b45f1fbadbee48226624dc5f64dc6b233e33a5cac114f0ec31232ee"", ""top1_score"": 0.3599}, ""publisher_as_title"": {""prediction_count"": 0, ""top1_id"": """", ""top1_score"": 0.0}, ""title_plus_publisher"": {""prediction_count"": 10, ""top1_id"": ""af5d0855e19cde0d047a69a52580cd4907e3a94b92d17ece06f62a6ad2108064"", ""top1_score"": 0.5311}, ""title_publisher_swapped"": {""prediction_count"": 0, ""top1_id"": """", ""top1_score"": 0.0}}",sparse,implicit_usage,standard_state,catalog_unspecified,not_assessment,no,no,no,af5d0855e19cde0d047a69a52580cd4907e3a94b92d17ece06f62a6ad2108064,0.5311,54fce6b54d861473da0372d1a0c7a22fa41a3580b0ac649a2a1827c0f57fc2f6,0.4918,ae73d07ff5235f092c87d19a410f714cd3b8c3dc7ca5c4076a474ce3d713d3d0,0.4186,5b1285d9d56c4367f5db86a24d847236656b69c7399087ad5664b4a62ec9613f,0.4003,1b39ca1293af71eb431ef3964f00dabf369bdfcb704dedb65e1761a65efea38f,0.3902,fb4f620c27277af063dc5164051dfd0858ecb996f9949a58b9a63e092532cbc5,0.3897,2fa61191609dbbcaf2ad778a86135db82e24aedf409d68e4b8ec6b521a9a5597,0.3836,4c2b327b9009b36a694f1646644f84f693e6409f0e3b3544cba80c00989cc8f0,0.3836,622b8e3bf66d9b428d8b45aa0af053698804e7b3dae2b0098f7c65d60c4ecf9b,0.3739,e5827a2275577105995baf249895b794e99a62353d9d1e72edc7d451dabcc465,0.3556,catalog_unspecified,unspecified_label_but_retrievable,Go Math!: Unspecified,HMH Go Math!,Core Curriculum,Houghton Mifflin Harcourt,False,False,False,catalog_unspecified_named_series
0025f5ce2a3163c4db1f833280cc0f752b5f9f8ddd4b4f8135ab83b88cf3158d,TN,Reveal Math,Savvas,Math,Core Curriculum,5,cc31033712bda39a4acff5406686468950259c6e5b2fb61a991af2900168df6c,2023-2024,present,cc31033712bda39a4acff5406686468950259c6e5b2fb61a991af2900168df6c,cc31033712bda39a4acff5406686468950259c6e5b2fb61a991af2900168df6c,f971e581a032535043166a1a4694fc302c07584d9b208381628ec97ba6b1e8d5,4,False,False,True,0.25,0.4307,0.6424,medium,False,False,primary,0.6424,0.6424,"{""primary"": {""prediction_count"": 9, ""top1_id"": ""f971e581a032535043166a1a4694fc302c07584d9b208381628ec97ba6b1e8d5"", ""top1_score"": 0.6424}}",medium,implicit_usage,standard_state,catalog_unspecified,not_assessment,no,no,no,f971e581a032535043166a1a4694fc302c07584d9b208381628ec97ba6b1e8d5,0.6424,1300b1c99fdf7a4fae6d0748c76e5e37c62e6b3ba0d7ec2fc1bac0c6c38130f0,0.6111,300e678f9f690db90c467bb5532f1fdd1bce94b0bb87c0d55751574ff0ae3242,0.6006,cc31033712bda39a4acff5406686468950259c6e5b2fb61a991af2900168df6c,0.5002,954e552ed3d3fc4ced64c14e99985a1a9f141bd230dbb6744ea861c8c745c988,0.4993,af976d1c04a421be1a062b33cf7e88b1862ce10f18eb541730aeabc1400509eb,0.4869,b2ca279508cec6f35d709319b0110d690fce59ae78a1043840a2e3595514dc5d,0.4759,4766063ceed3caa410154cfc8f7d1e239521d60d331cfbb5b13d0a57afda9dcf,0.4246,0046119b41fab3e0cffb6651a7a2258c4c4b19fdbbd4261238cae8fcbeedd4bf,0.417,,,catalog_unspecified,unspecified_label_but_retrievable,Reveal Math: Unspecified,Reveal Math,Core Curriculum,McGraw Hill Education,False,False,False,catalog_unspecified_named_series
003512348e433a4b5f2853cd2c0192ae8f388907140160a2cb5aadb04acfb6c9,CA,Apex,,Science,Core Curriculum,10,f3d75ecbe25d6354a86346e61968c6988b61bbcd525c7083716f0d4c6f2a8766,2024-2025,missing,f3d75ecbe25d6354a86346e61968c6988b61bbcd525c7083716f0d4c6f2a8766,f3d75ecbe25d6354a86346e61968c6988b61bbcd525c7083716f0d4c6f2a8766,97482243ce84d9255564de2ca1cf83d059a4b318ce2b4fff11d5a648e755c9c6,2,False,True,True,0.5,0.6309,0.5073,medium,True,True,title_plus_publisher,0.0,0.5073,"{""primary"": {""prediction_count"": 0, ""top1_id"": """", ""top1_score"": 0.0}, ""publisher_as_title"": {""prediction_count"": 0, ""top1_id"": """", ""top1_score"": 0.0}, ""title_plus_publisher"": {""prediction_count"": 3, ""top1_id"": ""97482243ce84d9255564de2ca1cf83d059a4b318ce2b4fff11d5a648e755c9c6"", ""top1_score"": 0.5073}, ""title_publisher_swapped"": {""prediction_count"": 0, ""top1_id"": """", ""top1_score"": 0.0}}",sparse,implicit_usage,adoption_state_high_risk,catalog_unspecified,not_assessment,no,no,no,97482243ce84d9255564de2ca1cf83d059a4b318ce2b4fff11d5a648e755c9c6,0.5073,f3d75ecbe25d6354a86346e61968c6988b61bbcd525c7083716f0d4c6f2a8766,0.4688,72f8ea8bad92fae3dbbcb48c2e5b722e6737f4fb52f7fa71a8ace12890ae0d75,0.3099,,,,,,,,,,,,,,,catalog_unspecified,unspecified_label_but_retrievable,"Apex Learning: Digital Curriculum, Unspecified",Apex Learning,Core Curriculum,Edmentum,False,False,False,catalog_unspecified_named_series
0065d9be3906474d077c1758f2ac27231f56775b6807279cc1110f218971cf0e,CA,MGH Science,MGH,Science,Core Curriculum,5,fb5942d63cfea1a577ef200b25a08e4e2d892838a87c7a4c83b631f04780e424,2024-2025,present,fb5942d63cfea1a577ef200b25a08e4e2d892838a87c7a4c83b631f04780e424,fb5942d63cfea1a577ef200b25a08e4e2d892838a87c7a4c83b631f04780e424,9620ab2495054f9179f54e76e1f1e08edc5845f342d43d06a5700d0869eeeb78,3,False,True,True,0.3333,0.5,0.846,high,False,False,primary,0.846,0.846,"{""primary"": {""prediction_count"": 3, ""top1_id"": ""9620ab2495054f9179f54e76e1f1e08edc5845f342d43d06a5700d0869eeeb78"", ""top1_score"": 0.846}}",medium,implicit_usage,adoption_state_high_risk,catalog_unspecified,not_assessment,no,no,no,9620ab2495054f9179f54e76e1f1e08edc5845f342d43d06a5700d0869eeeb78,0.846,5261f81997126178f09cb65ba6c915125207b6e41177e0e1a89ef1751e99b7f0,0.7775,fb5942d63cfea1a577ef200b25a08e4e2d892838a87c7a4c83b631f04780e424,0.6515,,,,,,,,,,,,,,,catalog_unspecified,unspecified_label_but_retrievable,MGH Science: Unspecified,MGH Science,Core Curriculum,McGraw Hill Education,False,False,False,catalog_unspecified_named_series
001bc446b306d92ec6558870f77a14eabbaa71e5a34ec3032cc6123ac6cf9bd8,CT,SAVVAS,,Science,Core Curriculum,12,8e1c37c762f33ef3eb4c59128c8cc796b2ecd4519608ae97eaa7eb123e69b998,2024-2025,missing,8e1c37c762f33ef3eb4c59128c8cc796b2ecd4519608ae97eaa7eb123e69b998,8e1c37c762f33ef3eb4c59128c8cc796b2ecd4519608ae97eaa7eb123e69b998,5e565f1b2253efb44111d0ff1e6a49c79598cdde9ea3aa177eb5fc39b5e2a69b,0,False,False,False,0.0,0.0,0.4842,low,True,True,title_plus_publisher,0.0,0.4842,"{""primary"": {""prediction_count"": 0, ""top1_id"": """", ""top1_score"": 0.0}, ""publisher_as_title"": {""prediction_count"": 0, ""top1_id"": """", ""top1_score"": 0.0}, ""title_plus_publisher"": {""prediction_count"": 3, ""top1_id"": ""5e565f1b2253efb44111d0ff1e6a49c79598cdde9ea3aa177eb5fc39b5e2a69b"", ""top1_score"": 0.4842}, ""title_publisher_swapped"": {""prediction_count"": 0, ""top1_id"": """", ""top1_score"": 0.0}}",sparse,implicit_usage,standard_state,catalog_unspecified,not_assessment,no,no,no,5e565f1b2253efb44111d0ff1e6a49c79598cdde9ea3aa177eb5fc39b5e2a69b,0.4842,5f81a995f089f8b73d02d533c2040285cc324ef3e65fb92765aabf44e8f7eb83,0.4833,2a528ba5f464ae6f570a33b24d9b440caada9d4c0ccec482a2f3987c8ad13837,0.3337,,,,,,,,,,,,,,,catalog_unspecified,unspecified_structural_placeholder,Pearson HS Science:  Unspecified,HS Science,Core Curriculum,Pearson Education,False,False,False,catalog_unspecified_structural_placeholder
00a0ce4b12f6c4c43fe84ef735ac183061f0b2729c6617c438efd53cb2e717b0,IN,Honors Physics,Pearson Mastering,Science,Core Curriculum,12,3df5e6927b8be47d502a19ecc2aabe6455f5ae7c81f1a915b5fc05f978377b14,2023-2024,present,3df5e6927b8be47d502a19ecc2aabe6455f5ae7c81f1a915b5fc05f978377b14,3df5e6927b8be47d502a19ecc2aabe6455f5ae7c81f1a915b5fc05f978377b14,3b646891cd1693e645ea4b583abac162c9753cf8a79442d2d77d39b29326a3b7,0,False,False,False,0.0,0.0,0.6085,medium,True,True,title_plus_publisher,0.0,0.6085,"{""primary"": {""prediction_count"": 0, ""top1_id"": """", ""top1_score"": 0.0}, ""publisher_as_title"": {""prediction_count"": 0, ""top1_id"": """", ""top1_score"": 0.0}, ""title_plus_publisher"": {""prediction_count"": 1, ""top1_id"": ""3b646891cd1693e645ea4b583abac162c9753cf8a79442d2d77d39b29326a3b7"", ""top1_score"": 0.6085}, ""title_publisher_swapped"": {""prediction_count"": 0, ""top1_id"": """", ""top1_score"": 0.0}}",medium,implicit_usage,standard_state,catalog_unspecified,not_assessment,no,no,no,3b646891cd1693e645ea4b583abac162c9753cf8a79442d2d77d39b29326a3b7,0.6085,,,,,,,,,,,,,,,,,,,catalog_unspecified,unspecified_structural_placeholder,Savvas Physics Unspecified,Savvas: Unspecified Science,Core Curriculum,Savvas Learning Company,False,False,False,catalog_unspecified_named_series
004ecc4a059b8a22948210af40fbd275b56a4b241773ac9917e1463c8243e811,TX,sciencefusion,harcourt,Science,Core Curriculum,4,1a472b9e4b819737c7d64b623015bb61090497207e12a7f51e8584f6a770bc90,2023-2024,present,1a472b9e4b819737c7d64b623015bb61090497207e12a7f51e8584f6a770bc90,1a472b9e4b819737c7d64b623015bb61090497207e12a7f51e8584f6a770bc90,51b308b8edb618f68b1192a6e03e9458ec3f13fb6b3c3968cee6021de8a90c60,0,False,False,False,0.0,0.0,0.5211,medium,True,False,primary,0.5211,0.5211,"{""primary"": {""prediction_count"": 8, ""top1_id"": ""51b308b8edb618f68b1192a6e03e9458ec3f13fb6b3c3968cee6021de8a90c60"", ""top1_score"": 0.5211}, ""publisher_as_title"": {""prediction_count"": 0, ""top1_id"": """", ""top1_score"": 0.0}, ""title_plus_publisher"": {""prediction_count"": 7, ""top1_id"": ""59bd9bf645df175f74c5f09136313a44ea125d7121e64454b036fac670d07f1e"", ""top1_score"": 0.596}, ""title_publisher_swapped"": {""prediction_count"": 0, ""top1_id"": """", ""top1_score"": 0.0}}",medium,implicit_usage,adoption_state_high_risk,catalog_unspecified,not_assessment,no,no,no,51b308b8edb618f68b1192a6e03e9458ec3f13fb6b3c3968cee6021de8a90c60,0.5211,b2fd90a7578b7a61b9b491e05834581ebc074ce1b3dc414c163b3593e584469a,0.5189,b32939f564603cba2dec3c762afe7d9f25070bbd176fcfbc657fe21e3eb087e7,0.513,dd0bb6cc9ae427c2c713815cd05055e069dd88c85fd635a24f015398f36cb9c2,0.4794,160033a799c0ac2f5ae986866cf5862c73038222204292ea0f5d6d3c301bd553,0.4463,f446a56f605e1a15691f9545eb1b3a5f93da2503d4e677bddf88b7922d00ec6d,0.4187,b1411f5b4838efff0cba13294e337f9ed9838a78d48f0bfe1fced0bd7080479d,0.3609,77f4a523d1407f39cc2bf795da097c5bb28c2d18ccd9b7bade28879860659e73,0.3588,,,,,catalog_unspecified,unspecified_structural_placeholder,"ScienceFusion, Unspecified",HMH Science,Core Curriculum,Houghton Mifflin Harcourt,False,False,False,catalog_unspecified_named_series
0065202a83a0b045460e37ff5c8695d0a3e1b0350dcab8c6fa4a1bdc47c77fc2,CA,Holt Social Studies,,Social Studies,Core Curriculum,K,f3dccff7c470687eed18aea53d09ad5cde8508652800b0c64443c9c3638bdf9d,2023-2024,missing,f3dccff7c470687eed18aea53d09ad5cde8508652800b0c64443c9c3638bdf9d,f3dccff7c470687eed18aea53d09ad5cde8508652800b0c64443c9c3638bdf9d,8e542de29edf7e9e7fc61e5c5af05f96c93ed7ef25935cf959d0f767d27365bb,8,False,False,True,0.125,0.3155,0.4363,low,True,False,primary,0.4363,0.4363,"{""primary"": {""prediction_count"": 10, ""top1_id"": ""8e542de29edf7e9e7fc61e5c5af05f96c93ed7ef25935cf959d0f767d27365bb"", ""top1_score"": 0.4363}, ""publisher_as_title"": {""prediction_count"": 0, ""top1_id"": """", ""top1_score"": 0.0}, ""title_plus_publisher"": {""prediction_count"": 10, ""top1_id"": ""80ea4fc555896df44aa4ef5caedf3378f0053f359c3b834a3fb5409940c50668"", ""top1_score"": 0.4032}, ""title_publisher_swapped"": {""prediction_count"": 0, ""top1_id"": """", ""top1_score"": 0.0}}",medium,implicit_usage,adoption_state_high_risk,catalog_unspecified,not_assessment,no,no,no,8e542de29edf7e9e7fc61e5c5af05f96c93ed7ef25935cf959d0f767d27365bb,0.4363,7ddf29408aa1b35e77a19081459cdc10685056c28ca464191676a861c7ae49bc,0.385,1cc6125c2db059a571fcf3fba56b445b2182ad9f740544d6e558239cb01257ae,0.3794,beee219c043e03146e3df873e0ba930d000adcd8c4e49839e84ebd69da424f99,0.3749,c98a08f68c179553f73d46cf5483506b1501dab3e7b6e9e313ed6761518b3f40,0.3662,5df8a9e4d1409ec228a66b379ea8cae1d27d7705852911480b11e6a498b18ef3,0.3623,72aed00adfc93d1aa40fadabca053c1c8a1010ae8accd2e0e10a0ab2a6334e68,0.3582,f3dccff7c470687eed18aea53d09ad5cde8508652800b0c64443c9c3638bdf9d,0.337,0b0ceec0b500bd5be868ca0d172944b43470376ac31db4a7716ff47e4eee5785,0.308,abc7f502d7ee6f10d77962ce0dc3dd696dd56829b1bc6102d6bbbc58ab460197,0.2963,catalog_unspecified,unspecified_label_but_retrievable,Holt McDougal Social Studies: Unspecified,Holt McDougal Social Studies: Unspecified,Core Curriculum,Houghton Mifflin Harcourt,False,False,False,catalog_unspecified_named_series
0039770715f7118015fa7b6515893b293fa3007afb0fac4af44beed9024654c6,CA,Cengage - National Geographic 2019,Cengage - National Geographic,Social Studies,Core Curriculum,7,88edfc614e94c6d4d0a962cca22f533a35901bdf1ccf568fc586a0f9972eb211,2024-2025,present,88edfc614e94c6d4d0a962cca22f533a35901bdf1ccf568fc586a0f9972eb211,88edfc614e94c6d4d0a962cca22f533a35901bdf1ccf568fc586a0f9972eb211,83fbe13be6db959682f6994408150c3b9390423a790dc756023b52093f9a0c00,0,False,False,False,0.0,0.0,0.7128,medium,False,False,primary,0.7128,0.7128,"{""primary"": {""prediction_count"": 4, ""top1_id"": ""83fbe13be6db959682f6994408150c3b9390423a790dc756023b52093f9a0c00"", ""top1_score"": 0.7128}}",rich,implicit_usage,adoption_state_high_risk,catalog_unspecified,not_assessment,no,no,no,83fbe13be6db959682f6994408150c3b9390423a790dc756023b52093f9a0c00,0.7128,7553241ead87d2a447aab2758262da3276493bb2906f519b70421613bf93a9ff,0.66,fe38844ed524ab630732785290394540102a573cae272350f10e2a6aa19bf29a,0.642,f568706c9a0cb2cf331928c4d6d62fadfba77dec5955267dbeedc7adca078e81,0.4058,,,,,,,,,,,,,catalog_unspecified,unspecified_structural_placeholder,NatGeo/Cengage Social Studies Curriculum: Unspecified,NGL/Cengage Social Studies,Core Curriculum,National Geographic Learning/Cengage,False,False,False,catalog_unspecified_named_series
005d5f0562662882a0dcc82f34a8be6a6cfaa79da33eaf3add0637529bd4b1b1,CA,Social Studies,NatGeo/Cengage,Social Studies,Core Curriculum,7,88edfc614e94c6d4d0a962cca22f533a35901bdf1ccf568fc586a0f9972eb211,2024-2025,present,88edfc614e94c6d4d0a962cca22f533a35901bdf1ccf568fc586a0f9972eb211,88edfc614e94c6d4d0a962cca22f533a35901bdf1ccf568fc586a0f9972eb211,0b0ceec0b500bd5be868ca0d172944b43470376ac31db4a7716ff47e4eee5785,0,False,False,False,0.0,0.0,0.5118,medium,True,False,primary,0.5118,0.5118,"{""primary"": {""prediction_count"": 3, ""top1_id"": ""0b0ceec0b500bd5be868ca0d172944b43470376ac31db4a7716ff47e4eee5785"", ""top1_score"": 0.5118}, ""publisher_as_title"": {""prediction_count"": 1, ""top1_id"": ""b1157740b1583d72719bcbfe75f105821d510f4ba9ba40ca5b06d309e1d4f048"", ""top1_score"": 0.4504}, ""title_plus_publisher"": {""prediction_count"": 9, ""top1_id"": ""88edfc614e94c6d4d0a962cca22f533a35901bdf1ccf568fc586a0f9972eb211"", ""top1_score"": 0.6201}, ""title_publisher_swapped"": {""prediction_count"": 1, ""top1_id"": ""b1157740b1583d72719bcbfe75f105821d510f4ba9ba40ca5b06d309e1d4f048"", ""top1_score"": 0.3266}}",medium,implicit_usage,adoption_state_high_risk,catalog_unspecified,not_assessment,no,no,no,0b0ceec0b500bd5be868ca0d172944b43470376ac31db4a7716ff47e4eee5785,0.5118,6c2eb49425532dc6d3af297e4bdb44fa5efe4f501e40c0b779102f6ef3c36547,0.4819,972108cf38093a9b7712d5316010b2d6c07318e199d401f410edd9d038cbcd0c,0.3704,,,,,,,,,,,,,,,catalog_unspecified,unspecified_structural_placeholder,NatGeo/Cengage Social Studies Curriculum: Unspecified,NGL/Cengage Social Studies,Core Curriculum,National Geographic Learning/Cengage,False,False,False,catalog_unspecified_named_series
005ff8664f6b52e8b82057d7d90f3e82440a2bac012420c815acccd7697244d6,CA,Social Studies,Prentice Hall,Social Studies,Core Curriculum,9,ca97c330197057a505d1d7581d35e47c36e41c646d81dd9b4a908466b3781712,2023-2024,present,ca97c330197057a505d1d7581d35e47c36e41c646d81dd9b4a908466b3781712,ca97c330197057a505d1d7581d35e47c36e41c646d81dd9b4a908466b3781712,aed6f41a2d4fbc843740a712fca3f166ef0ab736cf04731bdf4f89e983e9493b,0,False,False,False,0.0,0.0,0.7731,medium,True,True,title_plus_publisher,0.473,0.7731,"{""primary"": {""prediction_count"": 3, ""top1_id"": ""0b0ceec0b500bd5be868ca0d172944b43470376ac31db4a7716ff47e4eee5785"", ""top1_score"": 0.473}, ""publisher_as_title"": {""prediction_count"": 6, ""top1_id"": ""0cebc20f5bc1475b2b0b5f68332f853faaceed737108dff797befb36954b3176"", ""top1_score"": 0.7679}, ""title_plus_publisher"": {""prediction_count"": 7, ""top1_id"": ""aed6f41a2d4fbc843740a712fca3f166ef0ab736cf04731bdf4f89e983e9493b"", ""top1_score"": 0.7731}, ""title_publisher_swapped"": {""prediction_count"": 6, ""top1_id"": ""0cebc20f5bc1475b2b0b5f68332f853faaceed737108dff797befb36954b3176"", ""top1_score"": 0.6146}}",medium,implicit_usage,adoption_state_high_risk,catalog_unspecified,not_assessment,no,no,no,aed6f41a2d4fbc843740a712fca3f166ef0ab736cf04731bdf4f89e983e9493b,0.7731,0cebc20f5bc1475b2b0b5f68332f853faaceed737108dff797befb36954b3176,0.7683,fdfe92bdb365cd5462ea9602de760226d6f3a7fd72b74a3dc58907afdf8f81c1,0.6294,0b0ceec0b500bd5be868ca0d172944b43470376ac31db4a7716ff47e4eee5785,0.392,abc7f502d7ee6f10d77962ce0dc3dd696dd56829b1bc6102d6bbbc58ab460197,0.3843,0be32b2d237de95db6b478935528826b19ef3cf8ea4c0ef24fd96f3c7e4e2ce3,0.3336,16454b8c3084e955c445d1d4596e22b004d55ccf0cdf9ef20047fbb9c0e77401,0.3171,,,,,,,catalog_unspecified,unspecified_structural_placeholder,Savvas Social Studies Curriculum: Unspecified,Savvas: Unspecified Social Studies,Core Curriculum,Savvas Learning Company,False,False,False,catalog_unspecified_named_series
014d0c53f823c9aff960b0b0ff035372b0201ad842083a736f3e58a883a755d9,FL,Florida Social Studies Gallopade,,Social Studies,Core Curriculum,K,280eebd935e29fe3954d1b15fc3235d48490f344e6a0113349f64346cf3264f3,2024-2025,missing,280eebd935e29fe3954d1b15fc3235d48490f344e6a0113349f64346cf3264f3,280eebd935e29fe3954d1b15fc3235d48490f344e6a0113349f64346cf3264f3,0b34bd4c6f4f44efc9805462a776a45dbcd386307d2474f7599fd74dc72088de,7,False,False,True,0.1429,0.3333,0.4109,low,True,False,primary,0.4109,0.4109,"{""primary"": {""prediction_count"": 10, ""top1_id"": ""0b34bd4c6f4f44efc9805462a776a45dbcd386307d2474f7599fd74dc72088de"", ""top1_score"": 0.4109}, ""publisher_as_title"": {""prediction_count"": 0, ""top1_id"": """", ""top1_score"": 0.0}, ""title_plus_publisher"": {""prediction_count"": 10, ""top1_id"": ""0b34bd4c6f4f44efc9805462a776a45dbcd386307d2474f7599fd74dc72088de"", ""top1_score"": 0.4591}, ""title_publisher_swapped"": {""prediction_count"": 0, ""top1_id"": """", ""top1_score"": 0.0}}",medium,implicit_usage,adoption_state_high_risk,catalog_unspecified,not_assessment,no,no,no,0b34bd4c6f4f44efc9805462a776a45dbcd386307d2474f7599fd74dc72088de,0.4109,ae43f5dde57c3bcf6552fb599ce7c13efc5aa6130cb950dc6bb296440e82581f,0.3978,cc49211c1a94e3b841cbff3ed9a75e71f43ce0f7f59baa31152d8144c8629a00,0.378,010b3c98cd6cc506ccdba105bc61a819d7f82ff85d694106af1e191b018c1977,0.3698,83bc69b5cadf7a5aa45aad9c934b92b90d8903c5708363aba1ef26bfd1ca446c,0.3613,9543407a17d8a68d7b8e7151353a644a24587166321b3423e0733653f6803e6b,0.3522,280eebd935e29fe3954d1b15fc3235d48490f344e6a0113349f64346cf3264f3,0.2913,abc7f502d7ee6f10d77962ce0dc3dd696dd56829b1bc6102d6bbbc58ab460197,0.2808,0b0ceec0b500bd5be868ca0d172944b43470376ac31db4a7716ff47e4eee5785,0.2671,aefeb278e3f9077a84b1ae0c8209c472567349e9245c1fe6d64e9d58b37bbd31,0.2486,catalog_unspecified,unspecified_label_but_retrievable,Gallopade K-8 Social Studies: Unspecified,Gallopade: Social Studies,Core Curriculum,Gallopade,False,False,False,catalog_unspecified_named_series
0076f0ef5d099b973d724c443090c7916fb4aa63357d1d02f18227c84486d668,GA,Gallopade,,Social Studies,Core Curriculum,3,280eebd935e29fe3954d1b15fc3235d48490f344e6a0113349f64346cf3264f3,2024-2025,missing,280eebd935e29fe3954d1b15fc3235d48490f344e6a0113349f64346cf3264f3,280eebd935e29fe3954d1b15fc3235d48490f344e6a0113349f64346cf3264f3,,0,False,False,False,0.0,0.0,0.0,no_prediction,True,False,primary,0.0,0.0,"{""primary"": {""prediction_count"": 0, ""top1_id"": """", ""top1_score"": 0.0}, ""publisher_as_title"": {""prediction_count"": 0, ""top1_id"": """", ""top1_score"": 0.0}, ""title_plus_publisher"": {""prediction_count"": 0, ""top1_id"": """", ""top1_score"": 0.0}, ""title_publisher_swapped"": {""prediction_count"": 0, ""top1_id"": """", ""top1_score"": 0.0}}",sparse,implicit_usage,standard_state,catalog_unspecified,not_assessment,no,no,no,,,,,,,,,,,,,,,,,,,,,catalog_unspecified,unspecified_structural_placeholder,Gallopade K-8 Social Studies: Unspecified,Gallopade: Social Studies,Core Curriculum,Gallopade,False,False,False,catalog_unspecified_named_series
0018a860667d63d5b243be5aca17f177b9baf69169de437840ec0c1b8074a0e7,CA,Renaissance Learning,,ELA,Supplemental,7,c9be7dc77cc464a55073366b335dc04a2b896477cd4d3918c1dbba083c65d8b0,2024-2025,missing,c9be7dc77cc464a55073366b335dc04a2b896477cd4d3918c1dbba083c65d8b0,c9be7dc77cc464a55073366b335dc04a2b896477cd4d3918c1dbba083c65d8b0,c9be7dc77cc464a55073366b335dc04a2b896477cd4d3918c1dbba083c65d8b0,1,True,True,True,1.0,1.0,0.3852,low,True,False,primary,0.3852,0.3852,"{""primary"": {""prediction_count"": 5, ""top1_id"": ""c9be7dc77cc464a55073366b335dc04a2b896477cd4d3918c1dbba083c65d8b0"", ""top1_score"": 0.3852}, ""publisher_as_title"": {""prediction_count"": 0, ""top1_id"": """", ""top1_score"": 0.0}, ""title_plus_publisher"": {""prediction_count"": 10, ""top1_id"": ""ebb960a2b9f25be8489bc81833dc750e48a2cf7b1312c43d24c5fcebc540a544"", ""top1_score"": 0.4906}, ""title_publisher_swapped"": {""prediction_count"": 0, ""top1_id"": """", ""top1_score"": 0.0}}",sparse,implicit_usage,adoption_state_high_risk,catalog_unspecified,not_assessment,no,no,no,c9be7dc77cc464a55073366b335dc04a2b896477cd4d3918c1dbba083c65d8b0,0.3852,48bf52e4216b58b9b2f698c128378c8f4ba2f662821486f84b962a73ebc36d78,0.3175,dbf2ea4277c0710f532294a47247fa438453f25924cfcf29150d71bd1d639931,0.3061,2c28f535599947c449e83c970f3fd40b151c7b3c862691019a51772f1404784b,0.2775,1e5baf53e09e52220510d90e40c7469104ea63281b5465359bdb1f0c57508cc2,0.2402,,,,,,,,,,,catalog_unspecified,unspecified_label_but_retrievable,Renaissance Learning: Unspecified,Renaissance,Supplemental,Renaissance,False,False,False,catalog_unspecified_named_series
0025e8cd77dc56af034e54b62ed3919b6937c7fe9a169dffd483001ad89ecb1d,CA,Read 180,,ELA,Supplemental,12,5895064eb747df3b238600e72d418a2eed6395219bbde59421e99fa54109ee7a,2023-2024,missing,5895064eb747df3b238600e72d418a2eed6395219bbde59421e99fa54109ee7a,5895064eb747df3b238600e72d418a2eed6395219bbde59421e99fa54109ee7a,5895064eb747df3b238600e72d418a2eed6395219bbde59421e99fa54109ee7a,1,True,True,True,1.0,1.0,0.5918,medium,False,False,primary,0.5918,0.5918,"{""primary"": {""prediction_count"": 2, ""top1_id"": ""5895064eb747df3b238600e72d418a2eed6395219bbde59421e99fa54109ee7a"", ""top1_score"": 0.5918}}",sparse,implicit_usage,adoption_state_high_risk,standard_catalog_mapping,not_assessment,no,no,no,5895064eb747df3b238600e72d418a2eed6395219bbde59421e99fa54109ee7a,0.5918,e42ff45342e0b96283255ddee6d5b40818e624e1de2c594355471f32e6cc7f6e,0.4943,,,,,,,,,,,,,,,,,assessment_like,assessment_like_consistent,Read 180,Read 180,Supplemental,Houghton Mifflin Harcourt,False,True,False,standard_catalog_mapping
005464cf4175a9a2de798473c88c31256ee86411ac6199f50ba78ca52fa0a03b,CA,i-Ready,,ELA,Supplemental,7,938eeb820d597c9f049fe4d48ec94efb92d40901e5ef96207afec8bde462347a,2023-2024,missing,938eeb820d597c9f049fe4d48ec94efb92d40901e5ef96207afec8bde462347a,938eeb820d597c9f049fe4d48ec94efb92d40901e5ef96207afec8bde462347a,938eeb820d597c9f049fe4d48ec94efb92d40901e5ef96207afec8bde462347a,1,True,True,True,1.0,1.0,0.4503,low,True,True,title_plus_publisher,0.0,0.4503,"{""primary"": {""prediction_count"": 0, ""top1_id"": """", ""top1_score"": 0.0}, ""publisher_as_title"": {""prediction_count"": 0, ""top1_id"": """", ""top1_score"": 0.0}, ""title_plus_publisher"": {""prediction_count"": 3, ""top1_id"": ""938eeb820d597c9f049fe4d48ec94efb92d40901e5ef96207afec8bde462347a"", ""top1_score"": 0.4503}, ""title_publisher_swapped"": {""prediction_count"": 0, ""top1_id"": """", ""top1_score"": 0.0}}",sparse,implicit_usage,adoption_state_high_risk,catalog_unspecified,not_assessment,no,no,no,938eeb820d597c9f049fe4d48ec94efb92d40901e5ef96207afec8bde462347a,0.4503,b5fd096a28f78fadf9972f2407f5ec592ecbc67998cadb981d85d19a3d42bc54,0.344,893dc5550cae6564562e64e51d38ad9a8e5a6de8ccba406ca5ca5a86afd25671,0.3176,,,,,,,,,,,,,,,catalog_unspecified,unspecified_label_but_retrievable,"i-Ready, ELA: Unspecified",i-Ready,Core Curriculum,Curriculum Associates,False,False,False,catalog_unspecified_named_series
0029d231ad517099dec0b9041e10c8d72a030bb27194bd5204afe1df54908b83,CA,Read 180,Scholastic,ELA,Supplemental,K,5895064eb747df3b238600e72d418a2eed6395219bbde59421e99fa54109ee7a,2023-2024,present,5895064eb747df3b238600e72d418a2eed6395219bbde59421e99fa54109ee7a,5895064eb747df3b238600e72d418a2eed6395219bbde59421e99fa54109ee7a,835343830d7def506c96609e9944114d9ba3899bdcb352f3ca59c14235f8937c,0,False,False,False,0.0,0.0,0.652,medium,True,True,publisher_as_title,0.5168,0.652,"{""primary"": {""prediction_count"": 2, ""top1_id"": ""5895064eb747df3b238600e72d418a2eed6395219bbde59421e99fa54109ee7a"", ""top1_score"": 0.5168}, ""publisher_as_title"": {""prediction_count"": 2, ""top1_id"": ""835343830d7def506c96609e9944114d9ba3899bdcb352f3ca59c14235f8937c"", ""top1_score"": 0.652}, ""title_plus_publisher"": {""prediction_count"": 0, ""top1_id"": """", ""top1_score"": 0.0}, ""title_publisher_swapped"": {""prediction_count"": 2, ""top1_id"": ""835343830d7def506c96609e9944114d9ba3899bdcb352f3ca59c14235f8937c"", ""top1_score"": 0.4298}}",medium,implicit_usage,adoption_state_high_risk,standard_catalog_mapping,not_assessment,no,no,no,835343830d7def506c96609e9944114d9ba3899bdcb352f3ca59c14235f8937c,0.652,5241c7fb505db0dfea0b736f53d8f6c33a0e6c73a5d973abb5fa4c2820d7738d,0.64,,,,,,,,,,,,,,,,,assessment_like,assessment_like_consistent,Read 180,Read 180,Supplemental,Houghton Mifflin Harcourt,False,True,False,standard_catalog_mapping
0068b7724caa1d7beffb7f444f1b9ff91867d2a8691122a55b09796a469f47fa,CA,Read 180,Houghton Mifflin Harcourt,ELA,Supplemental,12,5895064eb747df3b238600e72d418a2eed6395219bbde59421e99fa54109ee7a,2024-2025,present,5895064eb747df3b238600e72d418a2eed6395219bbde59421e99fa54109ee7a,5895064eb747df3b238600e72d418a2eed6395219bbde59421e99fa54109ee7a,5895064eb747df3b238600e72d418a2eed6395219bbde59421e99fa54109ee7a,1,True,True,True,1.0,1.0,0.8418,high,False,False,primary,0.8418,0.8418,"{""primary"": {""prediction_count"": 2, ""top1_id"": ""5895064eb747df3b238600e72d418a2eed6395219bbde59421e99fa54109ee7a"", ""top1_score"": 0.8418}}",medium,implicit_usage,adoption_state_high_risk,standard_catalog_mapping,not_assessment,no,no,no,5895064eb747df3b238600e72d418a2eed6395219bbde59421e99fa54109ee7a,0.8418,e42ff45342e0b96283255ddee6d5b40818e624e1de2c594355471f32e6cc7f6e,0.7443,,,,,,,,,,,,,,,,,assessment_like,assessment_like_consistent,Read 180,Read 180,Supplemental,Houghton Mifflin Harcourt,False,True,False,standard_catalog_mapping
003a811de696be1b0d3e66a4e244fe1aca1e6e832f315869ebe8600ab661824f,FL,FAST STAR,Renaissance Reading,ELA,Supplemental,6,6f509317ee90b6b109be3e328fe82c5ea40951498304c1639547c4945eaa4b07,2023-2024,present,6f509317ee90b6b109be3e328fe82c5ea40951498304c1639547c4945eaa4b07,6f509317ee90b6b109be3e328fe82c5ea40951498304c1639547c4945eaa4b07,26d168be84e3b9a636b20bb364dc1e0a192737c8751031c9b7a2a50325b4355c,0,False,False,False,0.0,0.0,0.3621,low,True,True,title_plus_publisher,0.0,0.3621,"{""primary"": {""prediction_count"": 0, ""top1_id"": """", ""top1_score"": 0.0}, ""publisher_as_title"": {""prediction_count"": 9, ""top1_id"": ""464c448834290df2b1bf12904bf2facff6b72e621495f94c2b4f66d7905fd98e"", ""top1_score"": 0.5236}, ""title_plus_publisher"": {""prediction_count"": 1, ""top1_id"": ""26d168be84e3b9a636b20bb364dc1e0a192737c8751031c9b7a2a50325b4355c"", ""top1_score"": 0.3621}, ""title_publisher_swapped"": {""prediction_count"": 9, ""top1_id"": ""464c448834290df2b1bf12904bf2facff6b72e621495f94c2b4f66d7905fd98e"", ""top1_score"": 0.4755}}",medium,implicit_usage,adoption_state_high_risk,standard_catalog_mapping,not_assessment,no,no,no,26d168be84e3b9a636b20bb364dc1e0a192737c8751031c9b7a2a50325b4355c,0.3621,,,,,,,,,,,,,,,,,,,assessment_like,assessment_like_consistent,Accelerated Reader,Accelerated Reader,Supplemental,Renaissance,False,True,False,standard_catalog_mapping
0048a10e410187b5b655333139d19d70328035f413a49b638f7d93080ed86917,IL,Language Live,,ELA,Supplemental,7,e266410f6a43774c64e4d3b53d0d2c9b676b6eca41e68b5c37f1ab9ab47ee84f,2023-2024,missing,e266410f6a43774c64e4d3b53d0d2c9b676b6eca41e68b5c37f1ab9ab47ee84f,e266410f6a43774c64e4d3b53d0d2c9b676b6eca41e68b5c37f1ab9ab47ee84f,e266410f6a43774c64e4d3b53d0d2c9b676b6eca41e68b5c37f1ab9ab47ee84f,1,True,True,True,1.0,1.0,0.5442,medium,True,False,primary,0.5442,0.5442,"{""primary"": {""prediction_count"": 2, ""top1_id"": ""e266410f6a43774c64e4d3b53d0d2c9b676b6eca41e68b5c37f1ab9ab47ee84f"", ""top1_score"": 0.5442}, ""publisher_as_title"": {""prediction_count"": 0, ""top1_id"": """", ""top1_score"": 0.0}, ""title_plus_publisher"": {""prediction_count"": 5, ""top1_id"": ""e266410f6a43774c64e4d3b53d0d2c9b676b6eca41e68b5c37f1ab9ab47ee84f"", ""top1_score"": 0.6399}, ""title_publisher_swapped"": {""prediction_count"": 0, ""top1_id"": """", ""top1_score"": 0.0}}",sparse,implicit_usage,standard_state,standard_catalog_mapping,not_assessment,no,no,no,e266410f6a43774c64e4d3b53d0d2c9b676b6eca41e68b5c37f1ab9ab47ee84f,0.5442,b3c2afbdc338287c6be45c90afc69dc936fc157e08fdd9e11deb0532e179d9b8,0.4425,,,,,,,,,,,,,,,,,assessment_like,assessment_like_consistent,LANGUAGE! Live,LANGUAGE! Live,Supplemental,Voyager Sopris Learning,False,True,False,standard_catalog_mapping
000548b0a5fa168d0e8a997ece2bfe21140e9fd3bdb7f6f7f98574c0d7717043,MI,Savvas EasyBridge,,ELA,Supplemental,5,6648a8f9e05eb5a82c3255868a1982f90d7ae017f3e7f9656fcf0eb93fb2117a,2023-2024,missing,6648a8f9e05eb5a82c3255868a1982f90d7ae017f3e7f9656fcf0eb93fb2117a,6648a8f9e05eb5a82c3255868a1982f90d7ae017f3e7f9656fcf0eb93fb2117a,5a61bd63948ea0f4e69b6b3fc3db322c4fcbb1d3056ba0df85ca77ced410f760,0,False,False,False,0.0,0.0,0.2716,very_low,True,False,primary,0.2716,0.2716,"{""primary"": {""prediction_count"": 1, ""top1_id"": ""5a61bd63948ea0f4e69b6b3fc3db322c4fcbb1d3056ba0df85ca77ced410f760"", ""top1_score"": 0.2716}, ""publisher_as_title"": {""prediction_count"": 0, ""top1_id"": """", ""top1_score"": 0.0}, ""title_plus_publisher"": {""prediction_count"": 2, ""top1_id"": ""5a61bd63948ea0f4e69b6b3fc3db322c4fcbb1d3056ba0df85ca77ced410f760"", ""top1_score"": 0.3245}, ""title_publisher_swapped"": {""prediction_count"": 0, ""top1_id"": """", ""top1_score"": 0.0}}",sparse,implicit_usage,standard_state,catalog_unspecified,not_assessment,no,no,no,5a61bd63948ea0f4e69b6b3fc3db322c4fcbb1d3056ba0df85ca77ced410f760,0.2716,,,,,,,,,,,,,,,,,,,catalog_unspecified,unspecified_structural_placeholder,Savvas ELA Curriculum: Unspecified,Savvas ELA,Core Curriculum,Savvas Learning Company,False,False,False,catalog_unspecified_named_series
005a02761bf1f7c08a04d6cafafa1011b704b3e343a480d8bea49ccdf82c968d,NC,Wonders,,ELA,Supplemental,2,24e853362df539c970399d60a8d2a72b635e2ed8b7e66660f237336ba623b493,2023-2024,missing,24e853362df539c970399d60a8d2a72b635e2ed8b7e66660f237336ba623b493,24e853362df539c970399d60a8d2a72b635e2ed8b7e66660f237336ba623b493,bd94b3f4065c150f81fe00ee938858fdd39d6d61798f05b28371642870e64d4a,0,False,False,False,0.0,0.0,0.3892,low,True,False,primary,0.3892,0.3892,"{""primary"": {""prediction_count"": 3, ""top1_id"": ""bd94b3f4065c150f81fe00ee938858fdd39d6d61798f05b28371642870e64d4a"", ""top1_score"": 0.3892}, ""publisher_as_title"": {""prediction_count"": 0, ""top1_id"": """", ""top1_score"": 0.0}, ""title_plus_publisher"": {""prediction_count"": 5, ""top1_id"": ""24e853362df539c970399d60a8d2a72b635e2ed8b7e66660f237336ba623b493"", ""top1_score"": 0.4308}, ""title_publisher_swapped"": {""prediction_count"": 0, ""top1_id"": """", ""top1_score"": 0.0}}",sparse,implicit_usage,standard_state,catalog_unspecified,not_assessment,no,no,no,bd94b3f4065c150f81fe00ee938858fdd39d6d61798f05b28371642870e64d4a,0.3892,cb63ace4b63f023f794c20783e82ee20e0e3fbbd4f901f6d3466fbd8cdc4e743,0.3864,371fb164889157519feb76adb751b9fc28b92e1965ad8b8471d4d0f7595da840,0.3559,,,,,,,,,,,,,,,catalog_unspecified,unspecified_structural_placeholder,Wonders: Unspecified,Wonders,Core Curriculum,McGraw Hill Education,False,False,False,catalog_unspecified_named_series
0039043b01ba974a0b401dc34ad399e88daad40a322c7f623cec353bcc5d3a8e,NC,i-Ready,Curriculum Associates,ELA,Supplemental,6,938eeb820d597c9f049fe4d48ec94efb92d40901e5ef96207afec8bde462347a,2024-2025,present,938eeb820d597c9f049fe4d48ec94efb92d40901e5ef96207afec8bde462347a,938eeb820d597c9f049fe4d48ec94efb92d40901e5ef96207afec8bde462347a,60d094eed8d0e64c3dd27faa5eee3d4db85ce3625e14e6c75133cffc9117fe68,0,False,False,False,0.0,0.0,0.6704,medium,True,True,publisher_as_title,0.0,0.6704,"{""primary"": {""prediction_count"": 0, ""top1_id"": """", ""top1_score"": 0.0}, ""publisher_as_title"": {""prediction_count"": 1, ""top1_id"": ""60d094eed8d0e64c3dd27faa5eee3d4db85ce3625e14e6c75133cffc9117fe68"", ""top1_score"": 0.6704}, ""title_plus_publisher"": {""prediction_count"": 0, ""top1_id"": """", ""top1_score"": 0.0}, ""title_publisher_swapped"": {""prediction_count"": 1, ""top1_id"": ""60d094eed8d0e64c3dd27faa5eee3d4db85ce3625e14e6c75133cffc9117fe68"", ""top1_score"": 0.4954}}",medium,implicit_usage,standard_state,catalog_unspecified,not_assessment,no,no,no,60d094eed8d0e64c3dd27faa5eee3d4db85ce3625e14e6c75133cffc9117fe68,0.6704,,,,,,,,,,,,,,,,,,,catalog_unspecified,unspecified_structural_placeholder,"i-Ready, ELA: Unspecified",i-Ready,Core Curriculum,Curriculum Associates,False,False,False,catalog_unspecified_named_series
0048ee1584737beb03d104b0b3aa428197a6d6cf89b60f9754b53ec5d69b8c0a,OK,Read 180,Read 180,ELA,Supplemental,K,5895064eb747df3b238600e72d418a2eed6395219bbde59421e99fa54109ee7a,2023-2024,present,5895064eb747df3b238600e72d418a2eed6395219bbde59421e99fa54109ee7a,5895064eb747df3b238600e72d418a2eed6395219bbde59421e99fa54109ee7a,5895064eb747df3b238600e72d418a2eed6395219bbde59421e99fa54109ee7a,1,True,True,True,1.0,1.0,0.4418,low,True,False,primary,0.4418,0.4418,"{""primary"": {""prediction_count"": 2, ""top1_id"": ""5895064eb747df3b238600e72d418a2eed6395219bbde59421e99fa54109ee7a"", ""top1_score"": 0.4418}, ""publisher_as_title"": {""prediction_count"": 2, ""top1_id"": ""5895064eb747df3b238600e72d418a2eed6395219bbde59421e99fa54109ee7a"", ""top1_score"": 0.4418}, ""title_plus_publisher"": {""prediction_count"": 3, ""top1_id"": ""5895064eb747df3b238600e72d418a2eed6395219bbde59421e99fa54109ee7a"", ""top1_score"": 0.5091}, ""title_publisher_swapped"": {""prediction_count"": 2, ""top1_id"": ""5895064eb747df3b238600e72d418a2eed6395219bbde59421e99fa54109ee7a"", ""top1_score"": 0.4418}}",medium,implicit_usage,standard_state,standard_catalog_mapping,not_assessment,no,no,no,5895064eb747df3b238600e72d418a2eed6395219bbde59421e99fa54109ee7a,0.4418,e42ff45342e0b96283255ddee6d5b40818e624e1de2c594355471f32e6cc7f6e,0.3443,,,,,,,,,,,,,,,,,assessment_like,assessment_like_consistent,Read 180,Read 180,Supplemental,Houghton Mifflin Harcourt,False,True,False,standard_catalog_mapping
0037b5922b4c88e18e4805ed704e39b8f10cd074c2a527f6ab5244ef88539de7,SC,HMH Read 180,,ELA,Supplemental,9,5895064eb747df3b238600e72d418a2eed6395219bbde59421e99fa54109ee7a,2023-2024,missing,5895064eb747df3b238600e72d418a2eed6395219bbde59421e99fa54109ee7a,5895064eb747df3b238600e72d418a2eed6395219bbde59421e99fa54109ee7a,5895064eb747df3b238600e72d418a2eed6395219bbde59421e99fa54109ee7a,1,True,True,True,1.0,1.0,0.5476,medium,True,False,primary,0.5476,0.5476,"{""primary"": {""prediction_count"": 1, ""top1_id"": ""5895064eb747df3b238600e72d418a2eed6395219bbde59421e99fa54109ee7a"", ""top1_score"": 0.5476}, ""publisher_as_title"": {""prediction_count"": 0, ""top1_id"": """", ""top1_score"": 0.0}, ""title_plus_publisher"": {""prediction_count"": 1, ""top1_id"": ""dc38453cda244f2ed8921270d2f182f90096f8e45b48c7b591393ab96acc04f9"", ""top1_score"": 0.5218}, ""title_publisher_swapped"": {""prediction_count"": 0, ""top1_id"": """", ""top1_score"": 0.0}}",medium,implicit_usage,standard_state,standard_catalog_mapping,not_assessment,no,no,no,5895064eb747df3b238600e72d418a2eed6395219bbde59421e99fa54109ee7a,0.5476,,,,,,,,,,,,,,,,,,,assessment_like,assessment_like_consistent,Read 180,Read 180,Supplemental,Houghton Mifflin Harcourt,False,True,False,standard_catalog_mapping
00630b73e4fce459861da8f244521705de99cf32ca30b1af3f9369da4ea33595,UT,Langauage Live!,,ELA,Supplemental,11,e266410f6a43774c64e4d3b53d0d2c9b676b6eca41e68b5c37f1ab9ab47ee84f,2024-2025,missing,e266410f6a43774c64e4d3b53d0d2c9b676b6eca41e68b5c37f1ab9ab47ee84f,e266410f6a43774c64e4d3b53d0d2c9b676b6eca41e68b5c37f1ab9ab47ee84f,e266410f6a43774c64e4d3b53d0d2c9b676b6eca41e68b5c37f1ab9ab47ee84f,1,True,True,True,1.0,1.0,0.5804,medium,True,True,title_plus_publisher,0.451,0.5804,"{""primary"": {""prediction_count"": 2, ""top1_id"": ""e266410f6a43774c64e4d3b53d0d2c9b676b6eca41e68b5c37f1ab9ab47ee84f"", ""top1_score"": 0.451}, ""publisher_as_title"": {""prediction_count"": 0, ""top1_id"": """", ""top1_score"": 0.0}, ""title_plus_publisher"": {""prediction_count"": 3, ""top1_id"": ""e266410f6a43774c64e4d3b53d0d2c9b676b6eca41e68b5c37f1ab9ab47ee84f"", ""top1_score"": 0.5804}, ""title_publisher_swapped"": {""prediction_count"": 0, ""top1_id"": """", ""top1_score"": 0.0}}",sparse,implicit_usage,standard_state,standard_catalog_mapping,not_assessment,no,no,no,e266410f6a43774c64e4d3b53d0d2c9b676b6eca41e68b5c37f1ab9ab47ee84f,0.5804,b3c2afbdc338287c6be45c90afc69dc936fc157e08fdd9e11deb0532e179d9b8,0.5372,854f236fa100a8173ef91142918fcef8ca3eddb70915b5bc75490037ac4aceab,0.4248,,,,,,,,,,,,,,,assessment_like,assessment_like_consistent,LANGUAGE! Live,LANGUAGE! Live,Supplemental,Voyager Sopris Learning,False,True,False,standard_catalog_mapping
0152c1740160b0e711ce77ce544a333db909ae93b8a293330c7f970b538a00b2,AK,ALEKS,,Math,Supplemental,9,8788316b911b89e177b2099398872b77833e02a4b0ccd96fa6aaf1a44f35f058,2023-2024,missing,8788316b911b89e177b2099398872b77833e02a4b0ccd96fa6aaf1a44f35f058,8788316b911b89e177b2099398872b77833e02a4b0ccd96fa6aaf1a44f35f058,8788316b911b89e177b2099398872b77833e02a4b0ccd96fa6aaf1a44f35f058,1,True,True,True,1.0,1.0,0.5523,medium,True,True,title_plus_publisher,0.0,0.5523,"{""primary"": {""prediction_count"": 0, ""top1_id"": """", ""top1_score"": 0.0}, ""publisher_as_title"": {""prediction_count"": 0, ""top1_id"": """", ""top1_score"": 0.0}, ""title_plus_publisher"": {""prediction_count"": 1, ""top1_id"": ""8788316b911b89e177b2099398872b77833e02a4b0ccd96fa6aaf1a44f35f058"", ""top1_score"": 0.5523}, ""title_publisher_swapped"": {""prediction_count"": 0, ""top1_id"": """", ""top1_score"": 0.0}}",sparse,implicit_usage,standard_state,standard_catalog_mapping,not_assessment,no,no,no,8788316b911b89e177b2099398872b77833e02a4b0ccd96fa6aaf1a44f35f058,0.5523,,,,,,,,,,,,,,,,,,,assessment_like,assessment_like_consistent,ALEKS Math,ALEKS Math,Supplemental,McGraw Hill Education,False,True,False,standard_catalog_mapping
0001069811e1950810410a00376c7d89934f68b8b3be1cacdeb303bb52506d93,CA,Collegeboard,,Math,Supplemental,12,41c0a4b3ef4da859ce7ce5cdf36db0257d37dfe5b4e8fe1f60e76931584bdcf0,2023-2024,missing,41c0a4b3ef4da859ce7ce5cdf36db0257d37dfe5b4e8fe1f60e76931584bdcf0,41c0a4b3ef4da859ce7ce5cdf36db0257d37dfe5b4e8fe1f60e76931584bdcf0,,0,False,False,False,0.0,0.0,0.0,no_prediction,True,False,primary,0.0,0.0,"{""primary"": {""prediction_count"": 0, ""top1_id"": """", ""top1_score"": 0.0}, ""publisher_as_title"": {""prediction_count"": 0, ""top1_id"": """", ""top1_score"": 0.0}, ""title_plus_publisher"": {""prediction_count"": 0, ""top1_id"": """", ""top1_score"": 0.0}, ""title_publisher_swapped"": {""prediction_count"": 0, ""top1_id"": """", ""top1_score"": 0.0}}",sparse,implicit_usage,adoption_state_high_risk,catalog_unspecified,not_assessment,no,no,no,,,,,,,,,,,,,,,,,,,,,catalog_unspecified,unspecified_structural_placeholder,Springboard Mathematics: Unspecified,SpringBoard Mathematics,Core Curriculum,College Board,False,False,False,catalog_unspecified_structural_placeholder
006b839fdafc4d7f4c13d7a9c2ebc7d9c8fdddc46fcb6d30d2fe49af01f1e5e2,MI,Nearpod,Nearpod,Math,Supplemental,9,86aee5d6aea0483be7b0030d5a32f95158595ca9c342a062687546bf2697bf8f,2024-2025,present,86aee5d6aea0483be7b0030d5a32f95158595ca9c342a062687546bf2697bf8f,86aee5d6aea0483be7b0030d5a32f95158595ca9c342a062687546bf2697bf8f,86aee5d6aea0483be7b0030d5a32f95158595ca9c342a062687546bf2697bf8f,1,True,True,True,1.0,1.0,0.6802,medium,False,False,primary,0.6802,0.6802,"{""primary"": {""prediction_count"": 1, ""top1_id"": ""86aee5d6aea0483be7b0030d5a32f95158595ca9c342a062687546bf2697bf8f"", ""top1_score"": 0.6802}}",medium,implicit_usage,standard_state,standard_catalog_mapping,not_assessment,no,no,no,86aee5d6aea0483be7b0030d5a32f95158595ca9c342a062687546bf2697bf8f,0.6802,,,,,,,,,,,,,,,,,,,assessment_like,assessment_like_consistent,Nearpod,Nearpod,Supplemental,Nearpod,False,True,False,standard_catalog_mapping
002b6afef2d73943a4d601c1914b0b9dc0cf7e2d5cee75e630245b9502e221d1,OH,ALEKS Math,,Math,Supplemental,12,8788316b911b89e177b2099398872b77833e02a4b0ccd96fa6aaf1a44f35f058,2024-2025,missing,8788316b911b89e177b2099398872b77833e02a4b0ccd96fa6aaf1a44f35f058,8788316b911b89e177b2099398872b77833e02a4b0ccd96fa6aaf1a44f35f058,8788316b911b89e177b2099398872b77833e02a4b0ccd96fa6aaf1a44f35f058,1,True,True,True,1.0,1.0,0.5747,medium,False,False,primary,0.5747,0.5747,"{""primary"": {""prediction_count"": 1, ""top1_id"": ""8788316b911b89e177b2099398872b77833e02a4b0ccd96fa6aaf1a44f35f058"", ""top1_score"": 0.5747}}",sparse,implicit_usage,standard_state,standard_catalog_mapping,not_assessment,no,no,no,8788316b911b89e177b2099398872b77833e02a4b0ccd96fa6aaf1a44f35f058,0.5747,,,,,,,,,,,,,,,,,,,assessment_like,assessment_like_consistent,ALEKS Math,ALEKS Math,Supplemental,McGraw Hill Education,False,True,False,standard_catalog_mapping
