selection_identifier,lea_id,lea_name,state,collection_grades,product_name_raw,publisher_raw,copyright_year_raw,subject,product_type_usage,grade,product_identifier,subject_level1,product_type,product_name,series,supplier_name,copyright_year,intended_grades,series_program_string,adopted_curriculum_source_url,source_document_link,expected_product_identifier,expected_match_id,predicted_match_id,expected_rank,top1_correct,top3_correct,top1_score,confidence_band,repair_attempted,match_used_fallback,match_selected_strategy,match_primary_top1_score,match_selected_top1_score,match_variant_scores,pred_rank_1_id,pred_rank_1_score,pred_rank_2_id,pred_rank_2_score,pred_rank_3_id,pred_rank_3_score,qa_label,qa_source,qa_case_type,qa_label_strength,qa_benchmark_slice,human_catalog_product_name,human_catalog_series,human_catalog_publisher,human_catalog_intended_grades
1be071d54c9c1418dd73f8b54ca9ed72c15f743fca233bc4c56df0e1fc776cf7,630210,Perris Union High,CA,"7,8",California Collections,Houghton Mifflin Harcourt,,ELA,Core Curriculum,8,8c58e0a19a30687cedccdd464e35f03c0f255803d212e036b2f771a1c2f34c8d,ELA,Core Curriculum,"Collections, California Edition",Collections,Houghton Mifflin Harcourt,2017,6-12,"Collections - Collections, California Edition (Houghton Mifflin Harcourt) - 2017 - (6-12)",https://www.puhsd.org/community/sarc,,8c58e0a19a30687cedccdd464e35f03c0f255803d212e036b2f771a1c2f34c8d,8c58e0a19a30687cedccdd464e35f03c0f255803d212e036b2f771a1c2f34c8d,8c58e0a19a30687cedccdd464e35f03c0f255803d212e036b2f771a1c2f34c8d,1,True,True,0.8677,high,False,False,primary,0.8677,0.8677,"{""primary"": {""prediction_count"": 3, ""top1_id"": ""8c58e0a19a30687cedccdd464e35f03c0f255803d212e036b2f771a1c2f34c8d"", ""top1_score"": 0.8677}}",8c58e0a19a30687cedccdd464e35f03c0f255803d212e036b2f771a1c2f34c8d,0.8677,2430e5b8bca15a08c0ee17f63144de16c4ca28cadcd106deb292541ba7968403,0.7854,0c5a8491a4d22731934c4fb36b8b227558e268c053454f69bddae80937b47c40,0.7771,correct_human_match,expected_match,expected_match,gold_positive,has_adopted_url,"Collections, California Edition",Collections,Houghton Mifflin Harcourt,6-12
1be071d54c9c1418dd73f8b54ca9ed72c15f743fca233bc4c56df0e1fc776cf7,630210,Perris Union High,CA,"7,8",California Collections,Houghton Mifflin Harcourt,,ELA,Core Curriculum,8,2430e5b8bca15a08c0ee17f63144de16c4ca28cadcd106deb292541ba7968403,ELA,Core Curriculum,"Collections, California Edition",Collections,Houghton Mifflin Harcourt,2017,6-12,"Collections - Collections, California Edition (Houghton Mifflin Harcourt) - 2017 - (6-12)",https://www.puhsd.org/community/sarc,,8c58e0a19a30687cedccdd464e35f03c0f255803d212e036b2f771a1c2f34c8d,8c58e0a19a30687cedccdd464e35f03c0f255803d212e036b2f771a1c2f34c8d,8c58e0a19a30687cedccdd464e35f03c0f255803d212e036b2f771a1c2f34c8d,1,True,True,0.8677,high,False,False,primary,0.8677,0.8677,"{""primary"": {""prediction_count"": 3, ""top1_id"": ""8c58e0a19a30687cedccdd464e35f03c0f255803d212e036b2f771a1c2f34c8d"", ""top1_score"": 0.8677}}",8c58e0a19a30687cedccdd464e35f03c0f255803d212e036b2f771a1c2f34c8d,0.8677,2430e5b8bca15a08c0ee17f63144de16c4ca28cadcd106deb292541ba7968403,0.7854,0c5a8491a4d22731934c4fb36b8b227558e268c053454f69bddae80937b47c40,0.7771,incorrect_human_match,pred_rank_2,pred_rank_2_incorrect,silver_negative,has_adopted_url,"Collections, Florida Edition",Collections,Houghton Mifflin Harcourt,6-12
1be071d54c9c1418dd73f8b54ca9ed72c15f743fca233bc4c56df0e1fc776cf7,630210,Perris Union High,CA,"7,8",California Collections,Houghton Mifflin Harcourt,,ELA,Core Curriculum,8,0c5a8491a4d22731934c4fb36b8b227558e268c053454f69bddae80937b47c40,ELA,Core Curriculum,"Collections, California Edition",Collections,Houghton Mifflin Harcourt,2017,6-12,"Collections - Collections, California Edition (Houghton Mifflin Harcourt) - 2017 - (6-12)",https://www.puhsd.org/community/sarc,,8c58e0a19a30687cedccdd464e35f03c0f255803d212e036b2f771a1c2f34c8d,8c58e0a19a30687cedccdd464e35f03c0f255803d212e036b2f771a1c2f34c8d,8c58e0a19a30687cedccdd464e35f03c0f255803d212e036b2f771a1c2f34c8d,1,True,True,0.8677,high,False,False,primary,0.8677,0.8677,"{""primary"": {""prediction_count"": 3, ""top1_id"": ""8c58e0a19a30687cedccdd464e35f03c0f255803d212e036b2f771a1c2f34c8d"", ""top1_score"": 0.8677}}",8c58e0a19a30687cedccdd464e35f03c0f255803d212e036b2f771a1c2f34c8d,0.8677,2430e5b8bca15a08c0ee17f63144de16c4ca28cadcd106deb292541ba7968403,0.7854,0c5a8491a4d22731934c4fb36b8b227558e268c053454f69bddae80937b47c40,0.7771,incorrect_human_match,pred_rank_3,pred_rank_3_incorrect,silver_negative,has_adopted_url,Collections,Collections,Houghton Mifflin Harcourt,6-12
1d89c40bb7a8036a213dfda53426aeda8616f0b8c706452c35c9352f0bac5dd5,601421,Santa Paula Unified,CA,"6,7,8",Study Sync,McGraw Hill,,ELA,Core Curriculum,8,f39444dba552a2270b86a21762571a11411ef44cc1bc43786153e9ae88864c39,ELA,Core Curriculum,StudySync ELA,StudySync,McGraw Hill Education,2017,6-12,StudySync - StudySync ELA (McGraw Hill Education) - 2017 - (6-12),,,f39444dba552a2270b86a21762571a11411ef44cc1bc43786153e9ae88864c39,f39444dba552a2270b86a21762571a11411ef44cc1bc43786153e9ae88864c39,fc8488d545c694fb31572e380470a971a9c5ada6d312f4a6627955476b0da906,0,False,False,0.6234,medium,True,True,publisher_as_title,0.0,0.6234,"{""primary"": {""prediction_count"": 0, ""top1_id"": """", ""top1_score"": 0.0}, ""publisher_as_title"": {""prediction_count"": 3, ""top1_id"": ""fc8488d545c694fb31572e380470a971a9c5ada6d312f4a6627955476b0da906"", ""top1_score"": 0.6234}, ""title_plus_publisher"": {""prediction_count"": 0, ""top1_id"": """", ""top1_score"": 0.0}, ""title_publisher_swapped"": {""prediction_count"": 3, ""top1_id"": ""fc8488d545c694fb31572e380470a971a9c5ada6d312f4a6627955476b0da906"", ""top1_score"": 0.4186}}",fc8488d545c694fb31572e380470a971a9c5ada6d312f4a6627955476b0da906,0.6234,a2106d01f72fd8cce0576840f4c10b2cdcbd65e61215c670a5a7a2af9217d445,0.6201,db03cfc3ae2d54fe801dcbe5e1bc5a11140b971807a4422830d55897593d3d65,0.6101,correct_human_match,expected_match,expected_match,gold_positive,fallback_selected,StudySync ELA,StudySync,McGraw Hill Education,6-12
1d89c40bb7a8036a213dfda53426aeda8616f0b8c706452c35c9352f0bac5dd5,601421,Santa Paula Unified,CA,"6,7,8",Study Sync,McGraw Hill,,ELA,Core Curriculum,8,fc8488d545c694fb31572e380470a971a9c5ada6d312f4a6627955476b0da906,ELA,Core Curriculum,StudySync ELA,StudySync,McGraw Hill Education,2017,6-12,StudySync - StudySync ELA (McGraw Hill Education) - 2017 - (6-12),,,f39444dba552a2270b86a21762571a11411ef44cc1bc43786153e9ae88864c39,f39444dba552a2270b86a21762571a11411ef44cc1bc43786153e9ae88864c39,fc8488d545c694fb31572e380470a971a9c5ada6d312f4a6627955476b0da906,0,False,False,0.6234,medium,True,True,publisher_as_title,0.0,0.6234,"{""primary"": {""prediction_count"": 0, ""top1_id"": """", ""top1_score"": 0.0}, ""publisher_as_title"": {""prediction_count"": 3, ""top1_id"": ""fc8488d545c694fb31572e380470a971a9c5ada6d312f4a6627955476b0da906"", ""top1_score"": 0.6234}, ""title_plus_publisher"": {""prediction_count"": 0, ""top1_id"": """", ""top1_score"": 0.0}, ""title_publisher_swapped"": {""prediction_count"": 3, ""top1_id"": ""fc8488d545c694fb31572e380470a971a9c5ada6d312f4a6627955476b0da906"", ""top1_score"": 0.4186}}",fc8488d545c694fb31572e380470a971a9c5ada6d312f4a6627955476b0da906,0.6234,a2106d01f72fd8cce0576840f4c10b2cdcbd65e61215c670a5a7a2af9217d445,0.6201,db03cfc3ae2d54fe801dcbe5e1bc5a11140b971807a4422830d55897593d3d65,0.6101,incorrect_human_match,pred_rank_1,pred_rank_1_incorrect,silver_strong_negative,fallback_selected,McGraw-Hill My Math,McGraw-Hill My Math,McGraw Hill Education,PK-5
1d89c40bb7a8036a213dfda53426aeda8616f0b8c706452c35c9352f0bac5dd5,601421,Santa Paula Unified,CA,"6,7,8",Study Sync,McGraw Hill,,ELA,Core Curriculum,8,a2106d01f72fd8cce0576840f4c10b2cdcbd65e61215c670a5a7a2af9217d445,ELA,Core Curriculum,StudySync ELA,StudySync,McGraw Hill Education,2017,6-12,StudySync - StudySync ELA (McGraw Hill Education) - 2017 - (6-12),,,f39444dba552a2270b86a21762571a11411ef44cc1bc43786153e9ae88864c39,f39444dba552a2270b86a21762571a11411ef44cc1bc43786153e9ae88864c39,fc8488d545c694fb31572e380470a971a9c5ada6d312f4a6627955476b0da906,0,False,False,0.6234,medium,True,True,publisher_as_title,0.0,0.6234,"{""primary"": {""prediction_count"": 0, ""top1_id"": """", ""top1_score"": 0.0}, ""publisher_as_title"": {""prediction_count"": 3, ""top1_id"": ""fc8488d545c694fb31572e380470a971a9c5ada6d312f4a6627955476b0da906"", ""top1_score"": 0.6234}, ""title_plus_publisher"": {""prediction_count"": 0, ""top1_id"": """", ""top1_score"": 0.0}, ""title_publisher_swapped"": {""prediction_count"": 3, ""top1_id"": ""fc8488d545c694fb31572e380470a971a9c5ada6d312f4a6627955476b0da906"", ""top1_score"": 0.4186}}",fc8488d545c694fb31572e380470a971a9c5ada6d312f4a6627955476b0da906,0.6234,a2106d01f72fd8cce0576840f4c10b2cdcbd65e61215c670a5a7a2af9217d445,0.6201,db03cfc3ae2d54fe801dcbe5e1bc5a11140b971807a4422830d55897593d3d65,0.6101,incorrect_human_match,pred_rank_2,pred_rank_2_incorrect,silver_negative,fallback_selected,McGraw-Hill My Math,McGraw-Hill My Math,McGraw Hill Education,PK-5
2160560f73ea94d63509fe61c3a9f549d030aa1d5ed0c3f50e4f19f4b88b0c01,622710,Los Angeles Unified,CA,"K,1,2,3,4,5",Patterns of Power/ Zaner Bloser,Zaner Bloser,,ELA,Core Curriculum,3,352b4cda4695dd2da3a9bf5e9e3f94d2180de0d4654d22489cdfed225eb35b68,ELA,Supplemental,Patterns of Power,Patterns of Power,Stenhouse,2021,PK-12,Patterns of Power - Patterns of Power (Stenhouse) - 2021 - (PK-12),,,352b4cda4695dd2da3a9bf5e9e3f94d2180de0d4654d22489cdfed225eb35b68,352b4cda4695dd2da3a9bf5e9e3f94d2180de0d4654d22489cdfed225eb35b68,352b4cda4695dd2da3a9bf5e9e3f94d2180de0d4654d22489cdfed225eb35b68,1,True,True,0.3849,low,True,False,primary,0.3849,0.3849,"{""primary"": {""prediction_count"": 2, ""top1_id"": ""352b4cda4695dd2da3a9bf5e9e3f94d2180de0d4654d22489cdfed225eb35b68"", ""top1_score"": 0.3849}, ""publisher_as_title"": {""prediction_count"": 0, ""top1_id"": """", ""top1_score"": 0.0}, ""title_plus_publisher"": {""prediction_count"": 2, ""top1_id"": ""352b4cda4695dd2da3a9bf5e9e3f94d2180de0d4654d22489cdfed225eb35b68"", ""top1_score"": 0.3653}, ""title_publisher_swapped"": {""prediction_count"": 0, ""top1_id"": """", ""top1_score"": 0.0}}",352b4cda4695dd2da3a9bf5e9e3f94d2180de0d4654d22489cdfed225eb35b68,0.3849,f8daedf4a8b59612f73fd4db1c85b74660a57020dcf2925891dc5eb72e2e67d7,0.3767,,,correct_human_match,expected_match,expected_match,gold_positive,has_adopted_url,Patterns of Power,Patterns of Power,Stenhouse,PK-12
2160560f73ea94d63509fe61c3a9f549d030aa1d5ed0c3f50e4f19f4b88b0c01,622710,Los Angeles Unified,CA,"K,1,2,3,4,5",Patterns of Power/ Zaner Bloser,Zaner Bloser,,ELA,Core Curriculum,3,f8daedf4a8b59612f73fd4db1c85b74660a57020dcf2925891dc5eb72e2e67d7,ELA,Supplemental,Patterns of Power,Patterns of Power,Stenhouse,2021,PK-12,Patterns of Power - Patterns of Power (Stenhouse) - 2021 - (PK-12),,,352b4cda4695dd2da3a9bf5e9e3f94d2180de0d4654d22489cdfed225eb35b68,352b4cda4695dd2da3a9bf5e9e3f94d2180de0d4654d22489cdfed225eb35b68,352b4cda4695dd2da3a9bf5e9e3f94d2180de0d4654d22489cdfed225eb35b68,1,True,True,0.3849,low,True,False,primary,0.3849,0.3849,"{""primary"": {""prediction_count"": 2, ""top1_id"": ""352b4cda4695dd2da3a9bf5e9e3f94d2180de0d4654d22489cdfed225eb35b68"", ""top1_score"": 0.3849}, ""publisher_as_title"": {""prediction_count"": 0, ""top1_id"": """", ""top1_score"": 0.0}, ""title_plus_publisher"": {""prediction_count"": 2, ""top1_id"": ""352b4cda4695dd2da3a9bf5e9e3f94d2180de0d4654d22489cdfed225eb35b68"", ""top1_score"": 0.3653}, ""title_publisher_swapped"": {""prediction_count"": 0, ""top1_id"": """", ""top1_score"": 0.0}}",352b4cda4695dd2da3a9bf5e9e3f94d2180de0d4654d22489cdfed225eb35b68,0.3849,f8daedf4a8b59612f73fd4db1c85b74660a57020dcf2925891dc5eb72e2e67d7,0.3767,,,incorrect_human_match,pred_rank_2,pred_rank_2_incorrect,silver_negative,has_adopted_url,Patterns of Power Plus,Patterns of Power,Stenhouse,PK-12
2169f596d46ea70126afa77eabcaf9161b4723cf9bcbdfa1e942c175821fc645,600016,Upland Unified School District,CA,"9,10,11,12",Kaleidoscope,SRA,,ELA,Core Curriculum,12,ccad5e7537d94c2b353645d29dfb4d920c1d1b485c75bd40b2665c00da6713cc,ELA,Core Curriculum,Kaleidoscope,Kaleidoscope,McGraw Hill Education,,,Kaleidoscope - Kaleidoscope (McGraw Hill Education) -  - (),https://www.upland.k12.ca.us/resources/sarc,,ccad5e7537d94c2b353645d29dfb4d920c1d1b485c75bd40b2665c00da6713cc,ccad5e7537d94c2b353645d29dfb4d920c1d1b485c75bd40b2665c00da6713cc,ccad5e7537d94c2b353645d29dfb4d920c1d1b485c75bd40b2665c00da6713cc,1,True,True,0.5898,medium,False,False,primary,0.5898,0.5898,"{""primary"": {""prediction_count"": 1, ""top1_id"": ""ccad5e7537d94c2b353645d29dfb4d920c1d1b485c75bd40b2665c00da6713cc"", ""top1_score"": 0.5898}}",ccad5e7537d94c2b353645d29dfb4d920c1d1b485c75bd40b2665c00da6713cc,0.5898,,,,,correct_human_match,expected_match,expected_match,gold_positive,has_adopted_url,Kaleidoscope,Kaleidoscope,McGraw Hill Education,
228839da2421e55d25b5aa5d64bb593573a1c9f4779603c3bcff3a1f238c0556,638010,Stockton Unified,CA,"7,8",myPerspectives,savvas,,ELA,Core Curriculum,8,d73bc7365397232d9379118e659c5586f637c8e9e842e774de8b108106c96b9b,ELA,Core Curriculum,myPerspectives,myPerspectives,Savvas Learning Company,2017,6-12,myPerspectives - myPerspectives (Savvas Learning Company) - 2017 - (6-12),,,d73bc7365397232d9379118e659c5586f637c8e9e842e774de8b108106c96b9b,d73bc7365397232d9379118e659c5586f637c8e9e842e774de8b108106c96b9b,d73bc7365397232d9379118e659c5586f637c8e9e842e774de8b108106c96b9b,1,True,True,0.8266,high,False,False,primary,0.8266,0.8266,"{""primary"": {""prediction_count"": 3, ""top1_id"": ""d73bc7365397232d9379118e659c5586f637c8e9e842e774de8b108106c96b9b"", ""top1_score"": 0.8266}}",d73bc7365397232d9379118e659c5586f637c8e9e842e774de8b108106c96b9b,0.8266,a40f119903e10716f4b71a2e94335b7395d1b843e743973ab1bb84b30aceb98c,0.8069,c8ca7267924f9af587c0fd8f547bb8f10628f85e1c3335e2d6b7d0c9e0d4fea2,0.7695,correct_human_match,expected_match,expected_match,gold_positive,has_adopted_url,myPerspectives,myPerspectives,Savvas Learning Company,6-12
228839da2421e55d25b5aa5d64bb593573a1c9f4779603c3bcff3a1f238c0556,638010,Stockton Unified,CA,"7,8",myPerspectives,savvas,,ELA,Core Curriculum,8,a40f119903e10716f4b71a2e94335b7395d1b843e743973ab1bb84b30aceb98c,ELA,Core Curriculum,myPerspectives,myPerspectives,Savvas Learning Company,2017,6-12,myPerspectives - myPerspectives (Savvas Learning Company) - 2017 - (6-12),,,d73bc7365397232d9379118e659c5586f637c8e9e842e774de8b108106c96b9b,d73bc7365397232d9379118e659c5586f637c8e9e842e774de8b108106c96b9b,d73bc7365397232d9379118e659c5586f637c8e9e842e774de8b108106c96b9b,1,True,True,0.8266,high,False,False,primary,0.8266,0.8266,"{""primary"": {""prediction_count"": 3, ""top1_id"": ""d73bc7365397232d9379118e659c5586f637c8e9e842e774de8b108106c96b9b"", ""top1_score"": 0.8266}}",d73bc7365397232d9379118e659c5586f637c8e9e842e774de8b108106c96b9b,0.8266,a40f119903e10716f4b71a2e94335b7395d1b843e743973ab1bb84b30aceb98c,0.8069,c8ca7267924f9af587c0fd8f547bb8f10628f85e1c3335e2d6b7d0c9e0d4fea2,0.7695,incorrect_human_match,pred_rank_2,pred_rank_2_incorrect,silver_negative,has_adopted_url,myPerspectives,myPerspectives,Savvas Learning Company,6-12
228839da2421e55d25b5aa5d64bb593573a1c9f4779603c3bcff3a1f238c0556,638010,Stockton Unified,CA,"7,8",myPerspectives,savvas,,ELA,Core Curriculum,8,c8ca7267924f9af587c0fd8f547bb8f10628f85e1c3335e2d6b7d0c9e0d4fea2,ELA,Core Curriculum,myPerspectives,myPerspectives,Savvas Learning Company,2017,6-12,myPerspectives - myPerspectives (Savvas Learning Company) - 2017 - (6-12),,,d73bc7365397232d9379118e659c5586f637c8e9e842e774de8b108106c96b9b,d73bc7365397232d9379118e659c5586f637c8e9e842e774de8b108106c96b9b,d73bc7365397232d9379118e659c5586f637c8e9e842e774de8b108106c96b9b,1,True,True,0.8266,high,False,False,primary,0.8266,0.8266,"{""primary"": {""prediction_count"": 3, ""top1_id"": ""d73bc7365397232d9379118e659c5586f637c8e9e842e774de8b108106c96b9b"", ""top1_score"": 0.8266}}",d73bc7365397232d9379118e659c5586f637c8e9e842e774de8b108106c96b9b,0.8266,a40f119903e10716f4b71a2e94335b7395d1b843e743973ab1bb84b30aceb98c,0.8069,c8ca7267924f9af587c0fd8f547bb8f10628f85e1c3335e2d6b7d0c9e0d4fea2,0.7695,incorrect_human_match,pred_rank_3,pred_rank_3_incorrect,silver_negative,has_adopted_url,myPerspectives,myPerspectives,Savvas Learning Company,6-12
248b7e35494f392f1b4e9164a17f7368b426fd7c58425db1bd261d15bce2ee33,633860,Saddleback Valley Unified,CA,"7,8",Get Ready,Vista Higher Learning,,ELA,Core Curriculum,7,69fd26ffdecc9e2739c3d47f6ce23fb2936a8d5b49bcb2d7d3b378b0e3f60408,ELA,Core Curriculum,Get Ready! (MS),Get Ready!,Vista Higher Learning,2022,6-8,Get Ready! - Get Ready! (MS) (Vista Higher Learning) - 2022 - (6-8),,,69fd26ffdecc9e2739c3d47f6ce23fb2936a8d5b49bcb2d7d3b378b0e3f60408,69fd26ffdecc9e2739c3d47f6ce23fb2936a8d5b49bcb2d7d3b378b0e3f60408,69fd26ffdecc9e2739c3d47f6ce23fb2936a8d5b49bcb2d7d3b378b0e3f60408,1,True,True,0.6241,medium,True,True,title_plus_publisher,0.0,0.6241,"{""primary"": {""prediction_count"": 0, ""top1_id"": """", ""top1_score"": 0.0}, ""publisher_as_title"": {""prediction_count"": 0, ""top1_id"": """", ""top1_score"": 0.0}, ""title_plus_publisher"": {""prediction_count"": 3, ""top1_id"": ""69fd26ffdecc9e2739c3d47f6ce23fb2936a8d5b49bcb2d7d3b378b0e3f60408"", ""top1_score"": 0.6241}, ""title_publisher_swapped"": {""prediction_count"": 0, ""top1_id"": """", ""top1_score"": 0.0}}",69fd26ffdecc9e2739c3d47f6ce23fb2936a8d5b49bcb2d7d3b378b0e3f60408,0.6241,27736b61c1c1bf1e0f4eef8893cc4537daec974080da703d00e79e051ed4c047,0.5608,dc51c30a8ee7be99f6badb7b70871fb1e096e2ccf7aa1c341529a95054d7ecaa,0.4965,correct_human_match,expected_match,expected_match,gold_positive,fallback_selected,Get Ready! (MS),Get Ready!,Vista Higher Learning,6-8
248b7e35494f392f1b4e9164a17f7368b426fd7c58425db1bd261d15bce2ee33,633860,Saddleback Valley Unified,CA,"7,8",Get Ready,Vista Higher Learning,,ELA,Core Curriculum,7,27736b61c1c1bf1e0f4eef8893cc4537daec974080da703d00e79e051ed4c047,ELA,Core Curriculum,Get Ready! (MS),Get Ready!,Vista Higher Learning,2022,6-8,Get Ready! - Get Ready! (MS) (Vista Higher Learning) - 2022 - (6-8),,,69fd26ffdecc9e2739c3d47f6ce23fb2936a8d5b49bcb2d7d3b378b0e3f60408,69fd26ffdecc9e2739c3d47f6ce23fb2936a8d5b49bcb2d7d3b378b0e3f60408,69fd26ffdecc9e2739c3d47f6ce23fb2936a8d5b49bcb2d7d3b378b0e3f60408,1,True,True,0.6241,medium,True,True,title_plus_publisher,0.0,0.6241,"{""primary"": {""prediction_count"": 0, ""top1_id"": """", ""top1_score"": 0.0}, ""publisher_as_title"": {""prediction_count"": 0, ""top1_id"": """", ""top1_score"": 0.0}, ""title_plus_publisher"": {""prediction_count"": 3, ""top1_id"": ""69fd26ffdecc9e2739c3d47f6ce23fb2936a8d5b49bcb2d7d3b378b0e3f60408"", ""top1_score"": 0.6241}, ""title_publisher_swapped"": {""prediction_count"": 0, ""top1_id"": """", ""top1_score"": 0.0}}",69fd26ffdecc9e2739c3d47f6ce23fb2936a8d5b49bcb2d7d3b378b0e3f60408,0.6241,27736b61c1c1bf1e0f4eef8893cc4537daec974080da703d00e79e051ed4c047,0.5608,dc51c30a8ee7be99f6badb7b70871fb1e096e2ccf7aa1c341529a95054d7ecaa,0.4965,incorrect_human_match,pred_rank_2,pred_rank_2_incorrect,silver_negative,fallback_selected,Get Reading! Sail & Soar,Get Ready!,Vista Higher Learning,1-6
248b7e35494f392f1b4e9164a17f7368b426fd7c58425db1bd261d15bce2ee33,633860,Saddleback Valley Unified,CA,"7,8",Get Ready,Vista Higher Learning,,ELA,Core Curriculum,7,dc51c30a8ee7be99f6badb7b70871fb1e096e2ccf7aa1c341529a95054d7ecaa,ELA,Core Curriculum,Get Ready! (MS),Get Ready!,Vista Higher Learning,2022,6-8,Get Ready! - Get Ready! (MS) (Vista Higher Learning) - 2022 - (6-8),,,69fd26ffdecc9e2739c3d47f6ce23fb2936a8d5b49bcb2d7d3b378b0e3f60408,69fd26ffdecc9e2739c3d47f6ce23fb2936a8d5b49bcb2d7d3b378b0e3f60408,69fd26ffdecc9e2739c3d47f6ce23fb2936a8d5b49bcb2d7d3b378b0e3f60408,1,True,True,0.6241,medium,True,True,title_plus_publisher,0.0,0.6241,"{""primary"": {""prediction_count"": 0, ""top1_id"": """", ""top1_score"": 0.0}, ""publisher_as_title"": {""prediction_count"": 0, ""top1_id"": """", ""top1_score"": 0.0}, ""title_plus_publisher"": {""prediction_count"": 3, ""top1_id"": ""69fd26ffdecc9e2739c3d47f6ce23fb2936a8d5b49bcb2d7d3b378b0e3f60408"", ""top1_score"": 0.6241}, ""title_publisher_swapped"": {""prediction_count"": 0, ""top1_id"": """", ""top1_score"": 0.0}}",69fd26ffdecc9e2739c3d47f6ce23fb2936a8d5b49bcb2d7d3b378b0e3f60408,0.6241,27736b61c1c1bf1e0f4eef8893cc4537daec974080da703d00e79e051ed4c047,0.5608,dc51c30a8ee7be99f6badb7b70871fb1e096e2ccf7aa1c341529a95054d7ecaa,0.4965,incorrect_human_match,pred_rank_3,pred_rank_3_incorrect,silver_negative,fallback_selected,Get Ready! (ES),Get Ready!,Vista Higher Learning,1-5
318620414c0460f4674c9a41d9478d74af926cfe11be47153b7655f7d25e0205,618730,Jamul-Dulzura Union Elementary,CA,"6,7,8",Edgenuity,,,ELA,Core Curriculum,8,e3f8497e7a74e3c080c944fc117b5328f0314fba5b8ac0774c532211b26fe15f,ELA,Core Curriculum,Edgenuity ELA,Imagine Edgenuity,Imagine Learning,2022,6-12,Imagine Edgenuity - Edgenuity ELA (Imagine Learning) - 2022 - (6-12),https://drive.google.com/drive/folders/1qUZZlby1Q8wq842tYnXif9m_hNmDLKgn,,e3f8497e7a74e3c080c944fc117b5328f0314fba5b8ac0774c532211b26fe15f,e3f8497e7a74e3c080c944fc117b5328f0314fba5b8ac0774c532211b26fe15f,6ed485b64a2ae7e880d9ca7c99ae2236465566d2168180e39aa9ca9af83be3f1,0,False,False,0.5474,medium,True,True,title_plus_publisher,0.5266,0.5474,"{""primary"": {""prediction_count"": 3, ""top1_id"": ""9086e752aea2864b4522b219bc8cf27d29ceeee35dd949427fe62c4f3aaf4706"", ""top1_score"": 0.5266}, ""publisher_as_title"": {""prediction_count"": 0, ""top1_id"": """", ""top1_score"": 0.0}, ""title_plus_publisher"": {""prediction_count"": 3, ""top1_id"": ""6ed485b64a2ae7e880d9ca7c99ae2236465566d2168180e39aa9ca9af83be3f1"", ""top1_score"": 0.5474}, ""title_publisher_swapped"": {""prediction_count"": 0, ""top1_id"": """", ""top1_score"": 0.0}}",6ed485b64a2ae7e880d9ca7c99ae2236465566d2168180e39aa9ca9af83be3f1,0.5474,792df3a5f7c190bf6939b9d6c4a32569e5e39c50bfcbcc004647ea9440c85ccc,0.5189,4873c0c01505305457b5f93053c99eb74518411181174ef7ae24b27e56094261,0.5159,correct_human_match,expected_match,expected_match,gold_positive,fallback_selected,Edgenuity ELA,Imagine Edgenuity,Imagine Learning,6-12
318620414c0460f4674c9a41d9478d74af926cfe11be47153b7655f7d25e0205,618730,Jamul-Dulzura Union Elementary,CA,"6,7,8",Edgenuity,,,ELA,Core Curriculum,8,6ed485b64a2ae7e880d9ca7c99ae2236465566d2168180e39aa9ca9af83be3f1,ELA,Core Curriculum,Edgenuity ELA,Imagine Edgenuity,Imagine Learning,2022,6-12,Imagine Edgenuity - Edgenuity ELA (Imagine Learning) - 2022 - (6-12),https://drive.google.com/drive/folders/1qUZZlby1Q8wq842tYnXif9m_hNmDLKgn,,e3f8497e7a74e3c080c944fc117b5328f0314fba5b8ac0774c532211b26fe15f,e3f8497e7a74e3c080c944fc117b5328f0314fba5b8ac0774c532211b26fe15f,6ed485b64a2ae7e880d9ca7c99ae2236465566d2168180e39aa9ca9af83be3f1,0,False,False,0.5474,medium,True,True,title_plus_publisher,0.5266,0.5474,"{""primary"": {""prediction_count"": 3, ""top1_id"": ""9086e752aea2864b4522b219bc8cf27d29ceeee35dd949427fe62c4f3aaf4706"", ""top1_score"": 0.5266}, ""publisher_as_title"": {""prediction_count"": 0, ""top1_id"": """", ""top1_score"": 0.0}, ""title_plus_publisher"": {""prediction_count"": 3, ""top1_id"": ""6ed485b64a2ae7e880d9ca7c99ae2236465566d2168180e39aa9ca9af83be3f1"", ""top1_score"": 0.5474}, ""title_publisher_swapped"": {""prediction_count"": 0, ""top1_id"": """", ""top1_score"": 0.0}}",6ed485b64a2ae7e880d9ca7c99ae2236465566d2168180e39aa9ca9af83be3f1,0.5474,792df3a5f7c190bf6939b9d6c4a32569e5e39c50bfcbcc004647ea9440c85ccc,0.5189,4873c0c01505305457b5f93053c99eb74518411181174ef7ae24b27e56094261,0.5159,incorrect_human_match,pred_rank_1,pred_rank_1_incorrect,silver_strong_negative,fallback_selected,Imagine Edgenuity: Unspecified,Imagine Edgenuity,Imagine Learning,6-12
318620414c0460f4674c9a41d9478d74af926cfe11be47153b7655f7d25e0205,618730,Jamul-Dulzura Union Elementary,CA,"6,7,8",Edgenuity,,,ELA,Core Curriculum,8,792df3a5f7c190bf6939b9d6c4a32569e5e39c50bfcbcc004647ea9440c85ccc,ELA,Core Curriculum,Edgenuity ELA,Imagine Edgenuity,Imagine Learning,2022,6-12,Imagine Edgenuity - Edgenuity ELA (Imagine Learning) - 2022 - (6-12),https://drive.google.com/drive/folders/1qUZZlby1Q8wq842tYnXif9m_hNmDLKgn,,e3f8497e7a74e3c080c944fc117b5328f0314fba5b8ac0774c532211b26fe15f,e3f8497e7a74e3c080c944fc117b5328f0314fba5b8ac0774c532211b26fe15f,6ed485b64a2ae7e880d9ca7c99ae2236465566d2168180e39aa9ca9af83be3f1,0,False,False,0.5474,medium,True,True,title_plus_publisher,0.5266,0.5474,"{""primary"": {""prediction_count"": 3, ""top1_id"": ""9086e752aea2864b4522b219bc8cf27d29ceeee35dd949427fe62c4f3aaf4706"", ""top1_score"": 0.5266}, ""publisher_as_title"": {""prediction_count"": 0, ""top1_id"": """", ""top1_score"": 0.0}, ""title_plus_publisher"": {""prediction_count"": 3, ""top1_id"": ""6ed485b64a2ae7e880d9ca7c99ae2236465566d2168180e39aa9ca9af83be3f1"", ""top1_score"": 0.5474}, ""title_publisher_swapped"": {""prediction_count"": 0, ""top1_id"": """", ""top1_score"": 0.0}}",6ed485b64a2ae7e880d9ca7c99ae2236465566d2168180e39aa9ca9af83be3f1,0.5474,792df3a5f7c190bf6939b9d6c4a32569e5e39c50bfcbcc004647ea9440c85ccc,0.5189,4873c0c01505305457b5f93053c99eb74518411181174ef7ae24b27e56094261,0.5159,incorrect_human_match,pred_rank_2,pred_rank_2_incorrect,silver_negative,fallback_selected,TIME Edge,TIME Edge,TIME USA,6-8
34076364dbb058580c5f7d92af25bfd16ad9ba7fa57cf47b64de4da72c4abe57,622710,Los Angeles Unified,CA,"9,10,11,12",McGraw Hill MyON,McGraw Hill,,ELA,Core Curriculum,10,01976df9386359c84d1cb23c097521695df218d016a7a64c4fcfd58457da7ce7,ELA,Supplemental,myON,myON,Renaissance,,PK-12,myON - myON (Renaissance) -  - (PK-12),,,01976df9386359c84d1cb23c097521695df218d016a7a64c4fcfd58457da7ce7,01976df9386359c84d1cb23c097521695df218d016a7a64c4fcfd58457da7ce7,fc8488d545c694fb31572e380470a971a9c5ada6d312f4a6627955476b0da906,0,False,False,0.6174,medium,False,False,primary,0.6174,0.6174,"{""primary"": {""prediction_count"": 2, ""top1_id"": ""fc8488d545c694fb31572e380470a971a9c5ada6d312f4a6627955476b0da906"", ""top1_score"": 0.6174}}",fc8488d545c694fb31572e380470a971a9c5ada6d312f4a6627955476b0da906,0.6174,a2106d01f72fd8cce0576840f4c10b2cdcbd65e61215c670a5a7a2af9217d445,0.615,,,correct_human_match,expected_match,expected_match,gold_positive,has_adopted_url,myON,myON,Renaissance,PK-12
34076364dbb058580c5f7d92af25bfd16ad9ba7fa57cf47b64de4da72c4abe57,622710,Los Angeles Unified,CA,"9,10,11,12",McGraw Hill MyON,McGraw Hill,,ELA,Core Curriculum,10,fc8488d545c694fb31572e380470a971a9c5ada6d312f4a6627955476b0da906,ELA,Supplemental,myON,myON,Renaissance,,PK-12,myON - myON (Renaissance) -  - (PK-12),,,01976df9386359c84d1cb23c097521695df218d016a7a64c4fcfd58457da7ce7,01976df9386359c84d1cb23c097521695df218d016a7a64c4fcfd58457da7ce7,fc8488d545c694fb31572e380470a971a9c5ada6d312f4a6627955476b0da906,0,False,False,0.6174,medium,False,False,primary,0.6174,0.6174,"{""primary"": {""prediction_count"": 2, ""top1_id"": ""fc8488d545c694fb31572e380470a971a9c5ada6d312f4a6627955476b0da906"", ""top1_score"": 0.6174}}",fc8488d545c694fb31572e380470a971a9c5ada6d312f4a6627955476b0da906,0.6174,a2106d01f72fd8cce0576840f4c10b2cdcbd65e61215c670a5a7a2af9217d445,0.615,,,incorrect_human_match,pred_rank_1,pred_rank_1_incorrect,silver_strong_negative,has_adopted_url,McGraw-Hill My Math,McGraw-Hill My Math,McGraw Hill Education,PK-5
34076364dbb058580c5f7d92af25bfd16ad9ba7fa57cf47b64de4da72c4abe57,622710,Los Angeles Unified,CA,"9,10,11,12",McGraw Hill MyON,McGraw Hill,,ELA,Core Curriculum,10,a2106d01f72fd8cce0576840f4c10b2cdcbd65e61215c670a5a7a2af9217d445,ELA,Supplemental,myON,myON,Renaissance,,PK-12,myON - myON (Renaissance) -  - (PK-12),,,01976df9386359c84d1cb23c097521695df218d016a7a64c4fcfd58457da7ce7,01976df9386359c84d1cb23c097521695df218d016a7a64c4fcfd58457da7ce7,fc8488d545c694fb31572e380470a971a9c5ada6d312f4a6627955476b0da906,0,False,False,0.6174,medium,False,False,primary,0.6174,0.6174,"{""primary"": {""prediction_count"": 2, ""top1_id"": ""fc8488d545c694fb31572e380470a971a9c5ada6d312f4a6627955476b0da906"", ""top1_score"": 0.6174}}",fc8488d545c694fb31572e380470a971a9c5ada6d312f4a6627955476b0da906,0.6174,a2106d01f72fd8cce0576840f4c10b2cdcbd65e61215c670a5a7a2af9217d445,0.615,,,incorrect_human_match,pred_rank_2,pred_rank_2_incorrect,silver_negative,has_adopted_url,McGraw-Hill My Math,McGraw-Hill My Math,McGraw Hill Education,PK-5
38585fdf95d46d0019f28922f8162941ddd8f2d2e022938df7115a9209a77271,601770,Alameda Unified,CA,"6,7,8",Inquiry be Design,,,ELA,Core Curriculum,6,2bdd2e1ccdb9238c774157ce0f00dec573ff3dc59df94716478cef053cd82b9b,ELA,Core Curriculum,Inquiry by Design,Inquiry by Design,Inquiry by Design,2020-2021,3-12,Inquiry by Design - Inquiry by Design (Inquiry by Design) - 2020-2021 - (3-12),,,2bdd2e1ccdb9238c774157ce0f00dec573ff3dc59df94716478cef053cd82b9b,2bdd2e1ccdb9238c774157ce0f00dec573ff3dc59df94716478cef053cd82b9b,2bdd2e1ccdb9238c774157ce0f00dec573ff3dc59df94716478cef053cd82b9b,1,True,True,0.5728,medium,False,False,primary,0.5728,0.5728,"{""primary"": {""prediction_count"": 1, ""top1_id"": ""2bdd2e1ccdb9238c774157ce0f00dec573ff3dc59df94716478cef053cd82b9b"", ""top1_score"": 0.5728}}",2bdd2e1ccdb9238c774157ce0f00dec573ff3dc59df94716478cef053cd82b9b,0.5728,,,,,correct_human_match,expected_match,expected_match,gold_positive,has_adopted_url,Inquiry by Design,Inquiry by Design,Inquiry by Design,3-12
3ca6bbefe82d98ee4ef4d5851497e237dbb8d4c8965e4776a9f6ea48a099ccf2,600039,Delhi Unified,CA,"K,1,2,3,4,5,TK,6",Benchmark Listos y Adelante,Benchmark Education Co.,2017.0,ELA,Core Curriculum,6,a2fdd9907e8ad271dd2ab80f6646b70c305226319d5117126bbedbd9b78c0836,Math,Core Curriculum,Benchmark Listos y Adelante: Math,Benchmark Adelante,Benchmark Education Company,2022,PK,Benchmark Adelante - Benchmark Listos y Adelante: Math (Benchmark Education Company) - 2022 - (PK),https://core-docs.s3.us-east-1.amazonaws.com/documents/asset/uploaded_file/790/Delhi_USD/3947054/2023_School_Accountability_Report_Card_Schendel_Elementary_School_20240126.pdf,,a2fdd9907e8ad271dd2ab80f6646b70c305226319d5117126bbedbd9b78c0836,a2fdd9907e8ad271dd2ab80f6646b70c305226319d5117126bbedbd9b78c0836,08aeb5e2a1f8c0c2a404da388d1abefa8fd72ee4b92869d1d18e732e7e75b580,3,False,True,0.7817,medium,False,False,primary,0.7817,0.7817,"{""primary"": {""prediction_count"": 3, ""top1_id"": ""08aeb5e2a1f8c0c2a404da388d1abefa8fd72ee4b92869d1d18e732e7e75b580"", ""top1_score"": 0.7817}}",08aeb5e2a1f8c0c2a404da388d1abefa8fd72ee4b92869d1d18e732e7e75b580,0.7817,9e5e02570630c971d750bbdccf570d85ea32c264e697add54da044d405e0b5a8,0.7239,a2fdd9907e8ad271dd2ab80f6646b70c305226319d5117126bbedbd9b78c0836,0.7077,correct_human_match,expected_match,expected_match,gold_positive,has_adopted_url,Benchmark Listos y Adelante: Math,Benchmark Adelante,Benchmark Education Company,PK
3ca6bbefe82d98ee4ef4d5851497e237dbb8d4c8965e4776a9f6ea48a099ccf2,600039,Delhi Unified,CA,"K,1,2,3,4,5,TK,6",Benchmark Listos y Adelante,Benchmark Education Co.,2017.0,ELA,Core Curriculum,6,08aeb5e2a1f8c0c2a404da388d1abefa8fd72ee4b92869d1d18e732e7e75b580,Math,Core Curriculum,Benchmark Listos y Adelante: Math,Benchmark Adelante,Benchmark Education Company,2022,PK,Benchmark Adelante - Benchmark Listos y Adelante: Math (Benchmark Education Company) - 2022 - (PK),https://core-docs.s3.us-east-1.amazonaws.com/documents/asset/uploaded_file/790/Delhi_USD/3947054/2023_School_Accountability_Report_Card_Schendel_Elementary_School_20240126.pdf,,a2fdd9907e8ad271dd2ab80f6646b70c305226319d5117126bbedbd9b78c0836,a2fdd9907e8ad271dd2ab80f6646b70c305226319d5117126bbedbd9b78c0836,08aeb5e2a1f8c0c2a404da388d1abefa8fd72ee4b92869d1d18e732e7e75b580,3,False,True,0.7817,medium,False,False,primary,0.7817,0.7817,"{""primary"": {""prediction_count"": 3, ""top1_id"": ""08aeb5e2a1f8c0c2a404da388d1abefa8fd72ee4b92869d1d18e732e7e75b580"", ""top1_score"": 0.7817}}",08aeb5e2a1f8c0c2a404da388d1abefa8fd72ee4b92869d1d18e732e7e75b580,0.7817,9e5e02570630c971d750bbdccf570d85ea32c264e697add54da044d405e0b5a8,0.7239,a2fdd9907e8ad271dd2ab80f6646b70c305226319d5117126bbedbd9b78c0836,0.7077,incorrect_human_match,pred_rank_1,pred_rank_1_incorrect,silver_strong_negative,has_adopted_url,Benchmark Adelante,Benchmark Adelante,Benchmark Education Company,K-6
3ca6bbefe82d98ee4ef4d5851497e237dbb8d4c8965e4776a9f6ea48a099ccf2,600039,Delhi Unified,CA,"K,1,2,3,4,5,TK,6",Benchmark Listos y Adelante,Benchmark Education Co.,2017.0,ELA,Core Curriculum,6,9e5e02570630c971d750bbdccf570d85ea32c264e697add54da044d405e0b5a8,Math,Core Curriculum,Benchmark Listos y Adelante: Math,Benchmark Adelante,Benchmark Education Company,2022,PK,Benchmark Adelante - Benchmark Listos y Adelante: Math (Benchmark Education Company) - 2022 - (PK),https://core-docs.s3.us-east-1.amazonaws.com/documents/asset/uploaded_file/790/Delhi_USD/3947054/2023_School_Accountability_Report_Card_Schendel_Elementary_School_20240126.pdf,,a2fdd9907e8ad271dd2ab80f6646b70c305226319d5117126bbedbd9b78c0836,a2fdd9907e8ad271dd2ab80f6646b70c305226319d5117126bbedbd9b78c0836,08aeb5e2a1f8c0c2a404da388d1abefa8fd72ee4b92869d1d18e732e7e75b580,3,False,True,0.7817,medium,False,False,primary,0.7817,0.7817,"{""primary"": {""prediction_count"": 3, ""top1_id"": ""08aeb5e2a1f8c0c2a404da388d1abefa8fd72ee4b92869d1d18e732e7e75b580"", ""top1_score"": 0.7817}}",08aeb5e2a1f8c0c2a404da388d1abefa8fd72ee4b92869d1d18e732e7e75b580,0.7817,9e5e02570630c971d750bbdccf570d85ea32c264e697add54da044d405e0b5a8,0.7239,a2fdd9907e8ad271dd2ab80f6646b70c305226319d5117126bbedbd9b78c0836,0.7077,incorrect_human_match,pred_rank_2,pred_rank_2_incorrect,silver_negative,has_adopted_url,Benchmark Listos y Adelante,Benchmark Adelante,Benchmark Education Company,PK
3fc597aafb6d2b33132193acfa94f5c733d380e425e342063b89984686b9d15c,642150,Westminster,CA,"K,1,2,3,4,5",StudySync with Integrated ELD (Program 2),McGraw-Hill,,ELA,Core Curriculum,5,f39444dba552a2270b86a21762571a11411ef44cc1bc43786153e9ae88864c39,ELA,Core Curriculum,StudySync ELA,StudySync,McGraw Hill Education,2017,6-12,StudySync - StudySync ELA (McGraw Hill Education) - 2017 - (6-12),2bdb06ddd4da2d91238dba021b011b3d4ec87a79855508eff08f7d49c92c376b.pdf,,f39444dba552a2270b86a21762571a11411ef44cc1bc43786153e9ae88864c39,f39444dba552a2270b86a21762571a11411ef44cc1bc43786153e9ae88864c39,fc8488d545c694fb31572e380470a971a9c5ada6d312f4a6627955476b0da906,0,False,False,0.7734,medium,True,True,publisher_as_title,0.0,0.7734,"{""primary"": {""prediction_count"": 0, ""top1_id"": """", ""top1_score"": 0.0}, ""publisher_as_title"": {""prediction_count"": 3, ""top1_id"": ""fc8488d545c694fb31572e380470a971a9c5ada6d312f4a6627955476b0da906"", ""top1_score"": 0.7734}, ""title_plus_publisher"": {""prediction_count"": 0, ""top1_id"": """", ""top1_score"": 0.0}, ""title_publisher_swapped"": {""prediction_count"": 3, ""top1_id"": ""fc8488d545c694fb31572e380470a971a9c5ada6d312f4a6627955476b0da906"", ""top1_score"": 0.6293}}",fc8488d545c694fb31572e380470a971a9c5ada6d312f4a6627955476b0da906,0.7734,a2106d01f72fd8cce0576840f4c10b2cdcbd65e61215c670a5a7a2af9217d445,0.7701,db03cfc3ae2d54fe801dcbe5e1bc5a11140b971807a4422830d55897593d3d65,0.7601,correct_human_match,expected_match,expected_match,gold_positive,fallback_selected,StudySync ELA,StudySync,McGraw Hill Education,6-12
3fc597aafb6d2b33132193acfa94f5c733d380e425e342063b89984686b9d15c,642150,Westminster,CA,"K,1,2,3,4,5",StudySync with Integrated ELD (Program 2),McGraw-Hill,,ELA,Core Curriculum,5,fc8488d545c694fb31572e380470a971a9c5ada6d312f4a6627955476b0da906,ELA,Core Curriculum,StudySync ELA,StudySync,McGraw Hill Education,2017,6-12,StudySync - StudySync ELA (McGraw Hill Education) - 2017 - (6-12),2bdb06ddd4da2d91238dba021b011b3d4ec87a79855508eff08f7d49c92c376b.pdf,,f39444dba552a2270b86a21762571a11411ef44cc1bc43786153e9ae88864c39,f39444dba552a2270b86a21762571a11411ef44cc1bc43786153e9ae88864c39,fc8488d545c694fb31572e380470a971a9c5ada6d312f4a6627955476b0da906,0,False,False,0.7734,medium,True,True,publisher_as_title,0.0,0.7734,"{""primary"": {""prediction_count"": 0, ""top1_id"": """", ""top1_score"": 0.0}, ""publisher_as_title"": {""prediction_count"": 3, ""top1_id"": ""fc8488d545c694fb31572e380470a971a9c5ada6d312f4a6627955476b0da906"", ""top1_score"": 0.7734}, ""title_plus_publisher"": {""prediction_count"": 0, ""top1_id"": """", ""top1_score"": 0.0}, ""title_publisher_swapped"": {""prediction_count"": 3, ""top1_id"": ""fc8488d545c694fb31572e380470a971a9c5ada6d312f4a6627955476b0da906"", ""top1_score"": 0.6293}}",fc8488d545c694fb31572e380470a971a9c5ada6d312f4a6627955476b0da906,0.7734,a2106d01f72fd8cce0576840f4c10b2cdcbd65e61215c670a5a7a2af9217d445,0.7701,db03cfc3ae2d54fe801dcbe5e1bc5a11140b971807a4422830d55897593d3d65,0.7601,incorrect_human_match,pred_rank_1,pred_rank_1_incorrect,silver_strong_negative,fallback_selected,McGraw-Hill My Math,McGraw-Hill My Math,McGraw Hill Education,PK-5
3fc597aafb6d2b33132193acfa94f5c733d380e425e342063b89984686b9d15c,642150,Westminster,CA,"K,1,2,3,4,5",StudySync with Integrated ELD (Program 2),McGraw-Hill,,ELA,Core Curriculum,5,a2106d01f72fd8cce0576840f4c10b2cdcbd65e61215c670a5a7a2af9217d445,ELA,Core Curriculum,StudySync ELA,StudySync,McGraw Hill Education,2017,6-12,StudySync - StudySync ELA (McGraw Hill Education) - 2017 - (6-12),2bdb06ddd4da2d91238dba021b011b3d4ec87a79855508eff08f7d49c92c376b.pdf,,f39444dba552a2270b86a21762571a11411ef44cc1bc43786153e9ae88864c39,f39444dba552a2270b86a21762571a11411ef44cc1bc43786153e9ae88864c39,fc8488d545c694fb31572e380470a971a9c5ada6d312f4a6627955476b0da906,0,False,False,0.7734,medium,True,True,publisher_as_title,0.0,0.7734,"{""primary"": {""prediction_count"": 0, ""top1_id"": """", ""top1_score"": 0.0}, ""publisher_as_title"": {""prediction_count"": 3, ""top1_id"": ""fc8488d545c694fb31572e380470a971a9c5ada6d312f4a6627955476b0da906"", ""top1_score"": 0.7734}, ""title_plus_publisher"": {""prediction_count"": 0, ""top1_id"": """", ""top1_score"": 0.0}, ""title_publisher_swapped"": {""prediction_count"": 3, ""top1_id"": ""fc8488d545c694fb31572e380470a971a9c5ada6d312f4a6627955476b0da906"", ""top1_score"": 0.6293}}",fc8488d545c694fb31572e380470a971a9c5ada6d312f4a6627955476b0da906,0.7734,a2106d01f72fd8cce0576840f4c10b2cdcbd65e61215c670a5a7a2af9217d445,0.7701,db03cfc3ae2d54fe801dcbe5e1bc5a11140b971807a4422830d55897593d3d65,0.7601,incorrect_human_match,pred_rank_2,pred_rank_2_incorrect,silver_negative,fallback_selected,McGraw-Hill My Math,McGraw-Hill My Math,McGraw Hill Education,PK-5
464d350daaf5f58dfdc131ba9e3f6abd67ac705842de7be9fe20182dfc46a5a8,600039,Delhi Unified,CA,"K,1,2,3,4,5,TK",Benchmark Advance/Adelante,Benchmark,,ELA,Core Curriculum,5,b1d700e1c9cf02fac7bc2c17cd1483ba74f7dd594afc0637ab88ea19ae3cc9ca,ELA,Core Curriculum,Benchmark Advance,Benchmark Advance,Benchmark Education Company,2018,K-6,Benchmark Advance - Benchmark Advance (Benchmark Education Company) - 2018 - (K-6),https://core-docs.s3.us-east-1.amazonaws.com/documents/asset/uploaded_file/790/Delhi_USD/3947054/2023_School_Accountability_Report_Card_Schendel_Elementary_School_20240126.pdf,,b1d700e1c9cf02fac7bc2c17cd1483ba74f7dd594afc0637ab88ea19ae3cc9ca,b1d700e1c9cf02fac7bc2c17cd1483ba74f7dd594afc0637ab88ea19ae3cc9ca,08aeb5e2a1f8c0c2a404da388d1abefa8fd72ee4b92869d1d18e732e7e75b580,0,False,False,0.8136,high,False,False,primary,0.8136,0.8136,"{""primary"": {""prediction_count"": 3, ""top1_id"": ""08aeb5e2a1f8c0c2a404da388d1abefa8fd72ee4b92869d1d18e732e7e75b580"", ""top1_score"": 0.8136}}",08aeb5e2a1f8c0c2a404da388d1abefa8fd72ee4b92869d1d18e732e7e75b580,0.8136,366ff54dd252eaadca61c4bdf0a525e1a59a14e1ff8b3335fe3156647e155c0b,0.7516,1a94657eac066f1b03064c9d86aba361fb104a1e33c05909142b1fb430dbafce,0.7386,correct_human_match,expected_match,expected_match,gold_positive,has_adopted_url,Benchmark Advance,Benchmark Advance,Benchmark Education Company,K-6
464d350daaf5f58dfdc131ba9e3f6abd67ac705842de7be9fe20182dfc46a5a8,600039,Delhi Unified,CA,"K,1,2,3,4,5,TK",Benchmark Advance/Adelante,Benchmark,,ELA,Core Curriculum,5,08aeb5e2a1f8c0c2a404da388d1abefa8fd72ee4b92869d1d18e732e7e75b580,ELA,Core Curriculum,Benchmark Advance,Benchmark Advance,Benchmark Education Company,2018,K-6,Benchmark Advance - Benchmark Advance (Benchmark Education Company) - 2018 - (K-6),https://core-docs.s3.us-east-1.amazonaws.com/documents/asset/uploaded_file/790/Delhi_USD/3947054/2023_School_Accountability_Report_Card_Schendel_Elementary_School_20240126.pdf,,b1d700e1c9cf02fac7bc2c17cd1483ba74f7dd594afc0637ab88ea19ae3cc9ca,b1d700e1c9cf02fac7bc2c17cd1483ba74f7dd594afc0637ab88ea19ae3cc9ca,08aeb5e2a1f8c0c2a404da388d1abefa8fd72ee4b92869d1d18e732e7e75b580,0,False,False,0.8136,high,False,False,primary,0.8136,0.8136,"{""primary"": {""prediction_count"": 3, ""top1_id"": ""08aeb5e2a1f8c0c2a404da388d1abefa8fd72ee4b92869d1d18e732e7e75b580"", ""top1_score"": 0.8136}}",08aeb5e2a1f8c0c2a404da388d1abefa8fd72ee4b92869d1d18e732e7e75b580,0.8136,366ff54dd252eaadca61c4bdf0a525e1a59a14e1ff8b3335fe3156647e155c0b,0.7516,1a94657eac066f1b03064c9d86aba361fb104a1e33c05909142b1fb430dbafce,0.7386,incorrect_human_match,pred_rank_1,pred_rank_1_incorrect,silver_strong_negative,has_adopted_url,Benchmark Adelante,Benchmark Adelante,Benchmark Education Company,K-6
464d350daaf5f58dfdc131ba9e3f6abd67ac705842de7be9fe20182dfc46a5a8,600039,Delhi Unified,CA,"K,1,2,3,4,5,TK",Benchmark Advance/Adelante,Benchmark,,ELA,Core Curriculum,5,366ff54dd252eaadca61c4bdf0a525e1a59a14e1ff8b3335fe3156647e155c0b,ELA,Core Curriculum,Benchmark Advance,Benchmark Advance,Benchmark Education Company,2018,K-6,Benchmark Advance - Benchmark Advance (Benchmark Education Company) - 2018 - (K-6),https://core-docs.s3.us-east-1.amazonaws.com/documents/asset/uploaded_file/790/Delhi_USD/3947054/2023_School_Accountability_Report_Card_Schendel_Elementary_School_20240126.pdf,,b1d700e1c9cf02fac7bc2c17cd1483ba74f7dd594afc0637ab88ea19ae3cc9ca,b1d700e1c9cf02fac7bc2c17cd1483ba74f7dd594afc0637ab88ea19ae3cc9ca,08aeb5e2a1f8c0c2a404da388d1abefa8fd72ee4b92869d1d18e732e7e75b580,0,False,False,0.8136,high,False,False,primary,0.8136,0.8136,"{""primary"": {""prediction_count"": 3, ""top1_id"": ""08aeb5e2a1f8c0c2a404da388d1abefa8fd72ee4b92869d1d18e732e7e75b580"", ""top1_score"": 0.8136}}",08aeb5e2a1f8c0c2a404da388d1abefa8fd72ee4b92869d1d18e732e7e75b580,0.8136,366ff54dd252eaadca61c4bdf0a525e1a59a14e1ff8b3335fe3156647e155c0b,0.7516,1a94657eac066f1b03064c9d86aba361fb104a1e33c05909142b1fb430dbafce,0.7386,incorrect_human_match,pred_rank_2,pred_rank_2_incorrect,silver_negative,has_adopted_url,"Benchmark Adelante, California Edition",Benchmark Adelante,Benchmark Education Company,K-6
4a8e16bdcd4a3edf30201aee5cae04fbdd65e1a651289d4b3b74988501257a6b,600016,Upland Unified School District,CA,"K,1,2,3,4,5",Wonders,McGraw Hill,,ELA,Core Curriculum,K,bd94b3f4065c150f81fe00ee938858fdd39d6d61798f05b28371642870e64d4a,ELA,Core Curriculum,Wonders,Wonders,McGraw Hill Education,2017,K-6,Wonders - Wonders (McGraw Hill Education) - 2017 - (K-6),https://www.upland.k12.ca.us/resources/sarc,,bd94b3f4065c150f81fe00ee938858fdd39d6d61798f05b28371642870e64d4a,bd94b3f4065c150f81fe00ee938858fdd39d6d61798f05b28371642870e64d4a,bd94b3f4065c150f81fe00ee938858fdd39d6d61798f05b28371642870e64d4a,1,True,True,0.6392,medium,False,False,primary,0.6392,0.6392,"{""primary"": {""prediction_count"": 3, ""top1_id"": ""bd94b3f4065c150f81fe00ee938858fdd39d6d61798f05b28371642870e64d4a"", ""top1_score"": 0.6392}}",bd94b3f4065c150f81fe00ee938858fdd39d6d61798f05b28371642870e64d4a,0.6392,cb63ace4b63f023f794c20783e82ee20e0e3fbbd4f901f6d3466fbd8cdc4e743,0.6364,371fb164889157519feb76adb751b9fc28b92e1965ad8b8471d4d0f7595da840,0.6059,correct_human_match,expected_match,expected_match,gold_positive,has_adopted_url,Wonders,Wonders,McGraw Hill Education,K-6
4a8e16bdcd4a3edf30201aee5cae04fbdd65e1a651289d4b3b74988501257a6b,600016,Upland Unified School District,CA,"K,1,2,3,4,5",Wonders,McGraw Hill,,ELA,Core Curriculum,K,cb63ace4b63f023f794c20783e82ee20e0e3fbbd4f901f6d3466fbd8cdc4e743,ELA,Core Curriculum,Wonders,Wonders,McGraw Hill Education,2017,K-6,Wonders - Wonders (McGraw Hill Education) - 2017 - (K-6),https://www.upland.k12.ca.us/resources/sarc,,bd94b3f4065c150f81fe00ee938858fdd39d6d61798f05b28371642870e64d4a,bd94b3f4065c150f81fe00ee938858fdd39d6d61798f05b28371642870e64d4a,bd94b3f4065c150f81fe00ee938858fdd39d6d61798f05b28371642870e64d4a,1,True,True,0.6392,medium,False,False,primary,0.6392,0.6392,"{""primary"": {""prediction_count"": 3, ""top1_id"": ""bd94b3f4065c150f81fe00ee938858fdd39d6d61798f05b28371642870e64d4a"", ""top1_score"": 0.6392}}",bd94b3f4065c150f81fe00ee938858fdd39d6d61798f05b28371642870e64d4a,0.6392,cb63ace4b63f023f794c20783e82ee20e0e3fbbd4f901f6d3466fbd8cdc4e743,0.6364,371fb164889157519feb76adb751b9fc28b92e1965ad8b8471d4d0f7595da840,0.6059,incorrect_human_match,pred_rank_2,pred_rank_2_incorrect,silver_negative,has_adopted_url,Wonders,Wonders,McGraw Hill Education,K-6
4a8e16bdcd4a3edf30201aee5cae04fbdd65e1a651289d4b3b74988501257a6b,600016,Upland Unified School District,CA,"K,1,2,3,4,5",Wonders,McGraw Hill,,ELA,Core Curriculum,K,371fb164889157519feb76adb751b9fc28b92e1965ad8b8471d4d0f7595da840,ELA,Core Curriculum,Wonders,Wonders,McGraw Hill Education,2017,K-6,Wonders - Wonders (McGraw Hill Education) - 2017 - (K-6),https://www.upland.k12.ca.us/resources/sarc,,bd94b3f4065c150f81fe00ee938858fdd39d6d61798f05b28371642870e64d4a,bd94b3f4065c150f81fe00ee938858fdd39d6d61798f05b28371642870e64d4a,bd94b3f4065c150f81fe00ee938858fdd39d6d61798f05b28371642870e64d4a,1,True,True,0.6392,medium,False,False,primary,0.6392,0.6392,"{""primary"": {""prediction_count"": 3, ""top1_id"": ""bd94b3f4065c150f81fe00ee938858fdd39d6d61798f05b28371642870e64d4a"", ""top1_score"": 0.6392}}",bd94b3f4065c150f81fe00ee938858fdd39d6d61798f05b28371642870e64d4a,0.6392,cb63ace4b63f023f794c20783e82ee20e0e3fbbd4f901f6d3466fbd8cdc4e743,0.6364,371fb164889157519feb76adb751b9fc28b92e1965ad8b8471d4d0f7595da840,0.6059,incorrect_human_match,pred_rank_3,pred_rank_3_incorrect,silver_negative,has_adopted_url,Wonders,Wonders,McGraw Hill Education,K-6
507dc3e4f1d852dca46e09a9f1bf6a45fee9b80366228a221ace69f0a387f342,636972,Victor Valley Union High,CA,"9,10,11,12",Edmentum - AP English Literature & Composition (2020),,,ELA,Core Curriculum,10,b069d9d2b6db44e85684468691ea178dc66dccd40c77801aec9cbffc1eefd7b8,ELA,Supplemental,Edmentum  ELA: Unspecified,Edmentum ELA,Edmentum,,K-12,Edmentum ELA - Edmentum  ELA: Unspecified (Edmentum) -  - (K-12),,,b069d9d2b6db44e85684468691ea178dc66dccd40c77801aec9cbffc1eefd7b8,b069d9d2b6db44e85684468691ea178dc66dccd40c77801aec9cbffc1eefd7b8,1ae68b572b32276c54eea9b1885998e0a5299af0bab2688d7ad8ce2d59b10cb7,0,False,False,0.5108,medium,True,False,primary,0.5108,0.5108,"{""primary"": {""prediction_count"": 3, ""top1_id"": ""1ae68b572b32276c54eea9b1885998e0a5299af0bab2688d7ad8ce2d59b10cb7"", ""top1_score"": 0.5108}, ""publisher_as_title"": {""prediction_count"": 0, ""top1_id"": """", ""top1_score"": 0.0}, ""title_plus_publisher"": {""prediction_count"": 3, ""top1_id"": ""1ae68b572b32276c54eea9b1885998e0a5299af0bab2688d7ad8ce2d59b10cb7"", ""top1_score"": 0.4867}, ""title_publisher_swapped"": {""prediction_count"": 0, ""top1_id"": """", ""top1_score"": 0.0}}",1ae68b572b32276c54eea9b1885998e0a5299af0bab2688d7ad8ce2d59b10cb7,0.5108,15e55abf74bf545af761d00e2efa7bb4dcf55278e1538b2b43f575140ce30984,0.4681,2ed7054c43beff7bdc8b478b0d522a0536aa2b013893ab332e2344cc3ba1cfef,0.4615,correct_human_match,expected_match,expected_match,gold_positive,has_adopted_url,Edmentum  ELA: Unspecified,Edmentum ELA,Edmentum,K-12
507dc3e4f1d852dca46e09a9f1bf6a45fee9b80366228a221ace69f0a387f342,636972,Victor Valley Union High,CA,"9,10,11,12",Edmentum - AP English Literature & Composition (2020),,,ELA,Core Curriculum,10,1ae68b572b32276c54eea9b1885998e0a5299af0bab2688d7ad8ce2d59b10cb7,ELA,Supplemental,Edmentum  ELA: Unspecified,Edmentum ELA,Edmentum,,K-12,Edmentum ELA - Edmentum  ELA: Unspecified (Edmentum) -  - (K-12),,,b069d9d2b6db44e85684468691ea178dc66dccd40c77801aec9cbffc1eefd7b8,b069d9d2b6db44e85684468691ea178dc66dccd40c77801aec9cbffc1eefd7b8,1ae68b572b32276c54eea9b1885998e0a5299af0bab2688d7ad8ce2d59b10cb7,0,False,False,0.5108,medium,True,False,primary,0.5108,0.5108,"{""primary"": {""prediction_count"": 3, ""top1_id"": ""1ae68b572b32276c54eea9b1885998e0a5299af0bab2688d7ad8ce2d59b10cb7"", ""top1_score"": 0.5108}, ""publisher_as_title"": {""prediction_count"": 0, ""top1_id"": """", ""top1_score"": 0.0}, ""title_plus_publisher"": {""prediction_count"": 3, ""top1_id"": ""1ae68b572b32276c54eea9b1885998e0a5299af0bab2688d7ad8ce2d59b10cb7"", ""top1_score"": 0.4867}, ""title_publisher_swapped"": {""prediction_count"": 0, ""top1_id"": """", ""top1_score"": 0.0}}",1ae68b572b32276c54eea9b1885998e0a5299af0bab2688d7ad8ce2d59b10cb7,0.5108,15e55abf74bf545af761d00e2efa7bb4dcf55278e1538b2b43f575140ce30984,0.4681,2ed7054c43beff7bdc8b478b0d522a0536aa2b013893ab332e2344cc3ba1cfef,0.4615,incorrect_human_match,pred_rank_1,pred_rank_1_incorrect,silver_strong_negative,has_adopted_url,AP English Language & Composition,AP Lang & Comp,College Board,9-12
507dc3e4f1d852dca46e09a9f1bf6a45fee9b80366228a221ace69f0a387f342,636972,Victor Valley Union High,CA,"9,10,11,12",Edmentum - AP English Literature & Composition (2020),,,ELA,Core Curriculum,10,15e55abf74bf545af761d00e2efa7bb4dcf55278e1538b2b43f575140ce30984,ELA,Supplemental,Edmentum  ELA: Unspecified,Edmentum ELA,Edmentum,,K-12,Edmentum ELA - Edmentum  ELA: Unspecified (Edmentum) -  - (K-12),,,b069d9d2b6db44e85684468691ea178dc66dccd40c77801aec9cbffc1eefd7b8,b069d9d2b6db44e85684468691ea178dc66dccd40c77801aec9cbffc1eefd7b8,1ae68b572b32276c54eea9b1885998e0a5299af0bab2688d7ad8ce2d59b10cb7,0,False,False,0.5108,medium,True,False,primary,0.5108,0.5108,"{""primary"": {""prediction_count"": 3, ""top1_id"": ""1ae68b572b32276c54eea9b1885998e0a5299af0bab2688d7ad8ce2d59b10cb7"", ""top1_score"": 0.5108}, ""publisher_as_title"": {""prediction_count"": 0, ""top1_id"": """", ""top1_score"": 0.0}, ""title_plus_publisher"": {""prediction_count"": 3, ""top1_id"": ""1ae68b572b32276c54eea9b1885998e0a5299af0bab2688d7ad8ce2d59b10cb7"", ""top1_score"": 0.4867}, ""title_publisher_swapped"": {""prediction_count"": 0, ""top1_id"": """", ""top1_score"": 0.0}}",1ae68b572b32276c54eea9b1885998e0a5299af0bab2688d7ad8ce2d59b10cb7,0.5108,15e55abf74bf545af761d00e2efa7bb4dcf55278e1538b2b43f575140ce30984,0.4681,2ed7054c43beff7bdc8b478b0d522a0536aa2b013893ab332e2344cc3ba1cfef,0.4615,incorrect_human_match,pred_rank_2,pred_rank_2_incorrect,silver_negative,has_adopted_url,Advanced Language & Literature,BFW Lit & Comp,"Bedford, Freeman & Worth",9-12
5b0b226b0f006982ce43833f36bdf56f0207f3fa6efe7e32339fd29b07710998,600016,Upland Unified School District,CA,"K,1,2,3,4,5",Wonders,McGraw Hill,,ELA,Core Curriculum,1,bd94b3f4065c150f81fe00ee938858fdd39d6d61798f05b28371642870e64d4a,ELA,Core Curriculum,Wonders,Wonders,McGraw Hill Education,2017,K-6,Wonders - Wonders (McGraw Hill Education) - 2017 - (K-6),https://www.upland.k12.ca.us/resources/sarc,,bd94b3f4065c150f81fe00ee938858fdd39d6d61798f05b28371642870e64d4a,bd94b3f4065c150f81fe00ee938858fdd39d6d61798f05b28371642870e64d4a,bd94b3f4065c150f81fe00ee938858fdd39d6d61798f05b28371642870e64d4a,1,True,True,0.6392,medium,False,False,primary,0.6392,0.6392,"{""primary"": {""prediction_count"": 3, ""top1_id"": ""bd94b3f4065c150f81fe00ee938858fdd39d6d61798f05b28371642870e64d4a"", ""top1_score"": 0.6392}}",bd94b3f4065c150f81fe00ee938858fdd39d6d61798f05b28371642870e64d4a,0.6392,cb63ace4b63f023f794c20783e82ee20e0e3fbbd4f901f6d3466fbd8cdc4e743,0.6364,371fb164889157519feb76adb751b9fc28b92e1965ad8b8471d4d0f7595da840,0.6059,correct_human_match,expected_match,expected_match,gold_positive,has_adopted_url,Wonders,Wonders,McGraw Hill Education,K-6
5b0b226b0f006982ce43833f36bdf56f0207f3fa6efe7e32339fd29b07710998,600016,Upland Unified School District,CA,"K,1,2,3,4,5",Wonders,McGraw Hill,,ELA,Core Curriculum,1,cb63ace4b63f023f794c20783e82ee20e0e3fbbd4f901f6d3466fbd8cdc4e743,ELA,Core Curriculum,Wonders,Wonders,McGraw Hill Education,2017,K-6,Wonders - Wonders (McGraw Hill Education) - 2017 - (K-6),https://www.upland.k12.ca.us/resources/sarc,,bd94b3f4065c150f81fe00ee938858fdd39d6d61798f05b28371642870e64d4a,bd94b3f4065c150f81fe00ee938858fdd39d6d61798f05b28371642870e64d4a,bd94b3f4065c150f81fe00ee938858fdd39d6d61798f05b28371642870e64d4a,1,True,True,0.6392,medium,False,False,primary,0.6392,0.6392,"{""primary"": {""prediction_count"": 3, ""top1_id"": ""bd94b3f4065c150f81fe00ee938858fdd39d6d61798f05b28371642870e64d4a"", ""top1_score"": 0.6392}}",bd94b3f4065c150f81fe00ee938858fdd39d6d61798f05b28371642870e64d4a,0.6392,cb63ace4b63f023f794c20783e82ee20e0e3fbbd4f901f6d3466fbd8cdc4e743,0.6364,371fb164889157519feb76adb751b9fc28b92e1965ad8b8471d4d0f7595da840,0.6059,incorrect_human_match,pred_rank_2,pred_rank_2_incorrect,silver_negative,has_adopted_url,Wonders,Wonders,McGraw Hill Education,K-6
5b0b226b0f006982ce43833f36bdf56f0207f3fa6efe7e32339fd29b07710998,600016,Upland Unified School District,CA,"K,1,2,3,4,5",Wonders,McGraw Hill,,ELA,Core Curriculum,1,371fb164889157519feb76adb751b9fc28b92e1965ad8b8471d4d0f7595da840,ELA,Core Curriculum,Wonders,Wonders,McGraw Hill Education,2017,K-6,Wonders - Wonders (McGraw Hill Education) - 2017 - (K-6),https://www.upland.k12.ca.us/resources/sarc,,bd94b3f4065c150f81fe00ee938858fdd39d6d61798f05b28371642870e64d4a,bd94b3f4065c150f81fe00ee938858fdd39d6d61798f05b28371642870e64d4a,bd94b3f4065c150f81fe00ee938858fdd39d6d61798f05b28371642870e64d4a,1,True,True,0.6392,medium,False,False,primary,0.6392,0.6392,"{""primary"": {""prediction_count"": 3, ""top1_id"": ""bd94b3f4065c150f81fe00ee938858fdd39d6d61798f05b28371642870e64d4a"", ""top1_score"": 0.6392}}",bd94b3f4065c150f81fe00ee938858fdd39d6d61798f05b28371642870e64d4a,0.6392,cb63ace4b63f023f794c20783e82ee20e0e3fbbd4f901f6d3466fbd8cdc4e743,0.6364,371fb164889157519feb76adb751b9fc28b92e1965ad8b8471d4d0f7595da840,0.6059,incorrect_human_match,pred_rank_3,pred_rank_3_incorrect,silver_negative,has_adopted_url,Wonders,Wonders,McGraw Hill Education,K-6
622d9c4f37ae3954f04c3e0c2d53326608a3bb4104c72a7b3f734ff5e66fed18,622710,Los Angeles Unified,CA,"K,1,2,3,4,5",EL Education/ Expeditionary Learning Education,EL Education,,ELA,Core Curriculum,K,7d40ff5bb9ca30fe286870758cac72296b9a7cda10955ee301695745b0d704fd,ELA,Core Curriculum,EL Education K-5 Language Arts: Unspecified,EL Education,EL Education,,K-5,EL Education - EL Education K-5 Language Arts: Unspecified (EL Education) -  - (K-5),,,7d40ff5bb9ca30fe286870758cac72296b9a7cda10955ee301695745b0d704fd,7d40ff5bb9ca30fe286870758cac72296b9a7cda10955ee301695745b0d704fd,2f435f5fc44af33e0a0afdcb6d7c5b2470de83984983ed91cb529c1e7ea7e79d,3,False,True,0.6204,medium,False,False,primary,0.6204,0.6204,"{""primary"": {""prediction_count"": 3, ""top1_id"": ""2f435f5fc44af33e0a0afdcb6d7c5b2470de83984983ed91cb529c1e7ea7e79d"", ""top1_score"": 0.6204}}",2f435f5fc44af33e0a0afdcb6d7c5b2470de83984983ed91cb529c1e7ea7e79d,0.6204,8832281176db08135f5f4a0e4a339ed1dc836ab661e3a0c3f69c9ec7f5a94ca0,0.6087,7d40ff5bb9ca30fe286870758cac72296b9a7cda10955ee301695745b0d704fd,0.5867,correct_human_match,expected_match,expected_match,gold_positive,has_adopted_url,EL Education K-5 Language Arts: Unspecified,EL Education,EL Education,K-5
622d9c4f37ae3954f04c3e0c2d53326608a3bb4104c72a7b3f734ff5e66fed18,622710,Los Angeles Unified,CA,"K,1,2,3,4,5",EL Education/ Expeditionary Learning Education,EL Education,,ELA,Core Curriculum,K,2f435f5fc44af33e0a0afdcb6d7c5b2470de83984983ed91cb529c1e7ea7e79d,ELA,Core Curriculum,EL Education K-5 Language Arts: Unspecified,EL Education,EL Education,,K-5,EL Education - EL Education K-5 Language Arts: Unspecified (EL Education) -  - (K-5),,,7d40ff5bb9ca30fe286870758cac72296b9a7cda10955ee301695745b0d704fd,7d40ff5bb9ca30fe286870758cac72296b9a7cda10955ee301695745b0d704fd,2f435f5fc44af33e0a0afdcb6d7c5b2470de83984983ed91cb529c1e7ea7e79d,3,False,True,0.6204,medium,False,False,primary,0.6204,0.6204,"{""primary"": {""prediction_count"": 3, ""top1_id"": ""2f435f5fc44af33e0a0afdcb6d7c5b2470de83984983ed91cb529c1e7ea7e79d"", ""top1_score"": 0.6204}}",2f435f5fc44af33e0a0afdcb6d7c5b2470de83984983ed91cb529c1e7ea7e79d,0.6204,8832281176db08135f5f4a0e4a339ed1dc836ab661e3a0c3f69c9ec7f5a94ca0,0.6087,7d40ff5bb9ca30fe286870758cac72296b9a7cda10955ee301695745b0d704fd,0.5867,incorrect_human_match,pred_rank_1,pred_rank_1_incorrect,silver_strong_negative,has_adopted_url,EL Education 6-8 Language Arts,EL Education,EL Education,6-8
622d9c4f37ae3954f04c3e0c2d53326608a3bb4104c72a7b3f734ff5e66fed18,622710,Los Angeles Unified,CA,"K,1,2,3,4,5",EL Education/ Expeditionary Learning Education,EL Education,,ELA,Core Curriculum,K,8832281176db08135f5f4a0e4a339ed1dc836ab661e3a0c3f69c9ec7f5a94ca0,ELA,Core Curriculum,EL Education K-5 Language Arts: Unspecified,EL Education,EL Education,,K-5,EL Education - EL Education K-5 Language Arts: Unspecified (EL Education) -  - (K-5),,,7d40ff5bb9ca30fe286870758cac72296b9a7cda10955ee301695745b0d704fd,7d40ff5bb9ca30fe286870758cac72296b9a7cda10955ee301695745b0d704fd,2f435f5fc44af33e0a0afdcb6d7c5b2470de83984983ed91cb529c1e7ea7e79d,3,False,True,0.6204,medium,False,False,primary,0.6204,0.6204,"{""primary"": {""prediction_count"": 3, ""top1_id"": ""2f435f5fc44af33e0a0afdcb6d7c5b2470de83984983ed91cb529c1e7ea7e79d"", ""top1_score"": 0.6204}}",2f435f5fc44af33e0a0afdcb6d7c5b2470de83984983ed91cb529c1e7ea7e79d,0.6204,8832281176db08135f5f4a0e4a339ed1dc836ab661e3a0c3f69c9ec7f5a94ca0,0.6087,7d40ff5bb9ca30fe286870758cac72296b9a7cda10955ee301695745b0d704fd,0.5867,incorrect_human_match,pred_rank_2,pred_rank_2_incorrect,silver_negative,has_adopted_url,EL Education K-5 Language Arts,EL Education,EL Education,K-5
6235ee1dbfeaaa0b46200561ccd467c7bc8a6a903054bfe2b10258416b5eed2b,600039,Delhi Unified,CA,TK,Ready to Advance,Benchmark Education,2017.0,ELA,Core Curriculum,TK,7f90d8edd14992157fe6f6a455f35ce9c82b9d10c0098e050ae52546cea64acf,ELA,Core Curriculum,Benchmark Ready to Advance,Benchmark Ready to Advance,Benchmark Education Company,2022,PK,Benchmark Ready to Advance - Benchmark Ready to Advance (Benchmark Education Company) - 2022 - (PK),https://core-docs.s3.us-east-1.amazonaws.com/documents/asset/uploaded_file/790/Delhi_USD/3947054/2023_School_Accountability_Report_Card_Schendel_Elementary_School_20240126.pdf,,7f90d8edd14992157fe6f6a455f35ce9c82b9d10c0098e050ae52546cea64acf,7f90d8edd14992157fe6f6a455f35ce9c82b9d10c0098e050ae52546cea64acf,7f90d8edd14992157fe6f6a455f35ce9c82b9d10c0098e050ae52546cea64acf,1,True,True,0.6615,medium,True,True,title_plus_publisher,0.0,0.6615,"{""primary"": {""prediction_count"": 0, ""top1_id"": """", ""top1_score"": 0.0}, ""publisher_as_title"": {""prediction_count"": 2, ""top1_id"": ""7e25ba5a5e60d9711114698c39b5f47883e5374dbf152c8a5757762b3aac5da9"", ""top1_score"": 0.6215}, ""title_plus_publisher"": {""prediction_count"": 3, ""top1_id"": ""7f90d8edd14992157fe6f6a455f35ce9c82b9d10c0098e050ae52546cea64acf"", ""top1_score"": 0.6615}, ""title_publisher_swapped"": {""prediction_count"": 2, ""top1_id"": ""7e25ba5a5e60d9711114698c39b5f47883e5374dbf152c8a5757762b3aac5da9"", ""top1_score"": 0.4665}}",7f90d8edd14992157fe6f6a455f35ce9c82b9d10c0098e050ae52546cea64acf,0.6615,0785c9c37f8c716751ee3d53f64312a9f2b4a492c26bae3d4f78e275fe35dc6a,0.6553,1a94657eac066f1b03064c9d86aba361fb104a1e33c05909142b1fb430dbafce,0.6242,correct_human_match,expected_match,expected_match,gold_positive,fallback_selected,Benchmark Ready to Advance,Benchmark Ready to Advance,Benchmark Education Company,PK
6235ee1dbfeaaa0b46200561ccd467c7bc8a6a903054bfe2b10258416b5eed2b,600039,Delhi Unified,CA,TK,Ready to Advance,Benchmark Education,2017.0,ELA,Core Curriculum,TK,0785c9c37f8c716751ee3d53f64312a9f2b4a492c26bae3d4f78e275fe35dc6a,ELA,Core Curriculum,Benchmark Ready to Advance,Benchmark Ready to Advance,Benchmark Education Company,2022,PK,Benchmark Ready to Advance - Benchmark Ready to Advance (Benchmark Education Company) - 2022 - (PK),https://core-docs.s3.us-east-1.amazonaws.com/documents/asset/uploaded_file/790/Delhi_USD/3947054/2023_School_Accountability_Report_Card_Schendel_Elementary_School_20240126.pdf,,7f90d8edd14992157fe6f6a455f35ce9c82b9d10c0098e050ae52546cea64acf,7f90d8edd14992157fe6f6a455f35ce9c82b9d10c0098e050ae52546cea64acf,7f90d8edd14992157fe6f6a455f35ce9c82b9d10c0098e050ae52546cea64acf,1,True,True,0.6615,medium,True,True,title_plus_publisher,0.0,0.6615,"{""primary"": {""prediction_count"": 0, ""top1_id"": """", ""top1_score"": 0.0}, ""publisher_as_title"": {""prediction_count"": 2, ""top1_id"": ""7e25ba5a5e60d9711114698c39b5f47883e5374dbf152c8a5757762b3aac5da9"", ""top1_score"": 0.6215}, ""title_plus_publisher"": {""prediction_count"": 3, ""top1_id"": ""7f90d8edd14992157fe6f6a455f35ce9c82b9d10c0098e050ae52546cea64acf"", ""top1_score"": 0.6615}, ""title_publisher_swapped"": {""prediction_count"": 2, ""top1_id"": ""7e25ba5a5e60d9711114698c39b5f47883e5374dbf152c8a5757762b3aac5da9"", ""top1_score"": 0.4665}}",7f90d8edd14992157fe6f6a455f35ce9c82b9d10c0098e050ae52546cea64acf,0.6615,0785c9c37f8c716751ee3d53f64312a9f2b4a492c26bae3d4f78e275fe35dc6a,0.6553,1a94657eac066f1b03064c9d86aba361fb104a1e33c05909142b1fb430dbafce,0.6242,incorrect_human_match,pred_rank_2,pred_rank_2_incorrect,silver_negative,fallback_selected,Benchmark Ready to Advance: Math,Benchmark Advance,Benchmark Education Company,PK
6235ee1dbfeaaa0b46200561ccd467c7bc8a6a903054bfe2b10258416b5eed2b,600039,Delhi Unified,CA,TK,Ready to Advance,Benchmark Education,2017.0,ELA,Core Curriculum,TK,1a94657eac066f1b03064c9d86aba361fb104a1e33c05909142b1fb430dbafce,ELA,Core Curriculum,Benchmark Ready to Advance,Benchmark Ready to Advance,Benchmark Education Company,2022,PK,Benchmark Ready to Advance - Benchmark Ready to Advance (Benchmark Education Company) - 2022 - (PK),https://core-docs.s3.us-east-1.amazonaws.com/documents/asset/uploaded_file/790/Delhi_USD/3947054/2023_School_Accountability_Report_Card_Schendel_Elementary_School_20240126.pdf,,7f90d8edd14992157fe6f6a455f35ce9c82b9d10c0098e050ae52546cea64acf,7f90d8edd14992157fe6f6a455f35ce9c82b9d10c0098e050ae52546cea64acf,7f90d8edd14992157fe6f6a455f35ce9c82b9d10c0098e050ae52546cea64acf,1,True,True,0.6615,medium,True,True,title_plus_publisher,0.0,0.6615,"{""primary"": {""prediction_count"": 0, ""top1_id"": """", ""top1_score"": 0.0}, ""publisher_as_title"": {""prediction_count"": 2, ""top1_id"": ""7e25ba5a5e60d9711114698c39b5f47883e5374dbf152c8a5757762b3aac5da9"", ""top1_score"": 0.6215}, ""title_plus_publisher"": {""prediction_count"": 3, ""top1_id"": ""7f90d8edd14992157fe6f6a455f35ce9c82b9d10c0098e050ae52546cea64acf"", ""top1_score"": 0.6615}, ""title_publisher_swapped"": {""prediction_count"": 2, ""top1_id"": ""7e25ba5a5e60d9711114698c39b5f47883e5374dbf152c8a5757762b3aac5da9"", ""top1_score"": 0.4665}}",7f90d8edd14992157fe6f6a455f35ce9c82b9d10c0098e050ae52546cea64acf,0.6615,0785c9c37f8c716751ee3d53f64312a9f2b4a492c26bae3d4f78e275fe35dc6a,0.6553,1a94657eac066f1b03064c9d86aba361fb104a1e33c05909142b1fb430dbafce,0.6242,incorrect_human_match,pred_rank_3,pred_rank_3_incorrect,silver_negative,fallback_selected,Benchmark Advance,Benchmark Advance,Benchmark Education Company,K-6
68f167f71585634c5d6cf3e409236eb3dc32b79a582eeee6a29718cae196cd00,636972,Victor Valley Union High,CA,"9,10,11,12",Edmentum - AP English Literature & Composition (2020),,,ELA,Core Curriculum,12,b069d9d2b6db44e85684468691ea178dc66dccd40c77801aec9cbffc1eefd7b8,ELA,Supplemental,Edmentum  ELA: Unspecified,Edmentum ELA,Edmentum,,K-12,Edmentum ELA - Edmentum  ELA: Unspecified (Edmentum) -  - (K-12),,,b069d9d2b6db44e85684468691ea178dc66dccd40c77801aec9cbffc1eefd7b8,b069d9d2b6db44e85684468691ea178dc66dccd40c77801aec9cbffc1eefd7b8,b069d9d2b6db44e85684468691ea178dc66dccd40c77801aec9cbffc1eefd7b8,1,True,True,0.5116,medium,True,True,title_plus_publisher,0.5108,0.5116,"{""primary"": {""prediction_count"": 3, ""top1_id"": ""1ae68b572b32276c54eea9b1885998e0a5299af0bab2688d7ad8ce2d59b10cb7"", ""top1_score"": 0.5108}, ""publisher_as_title"": {""prediction_count"": 0, ""top1_id"": """", ""top1_score"": 0.0}, ""title_plus_publisher"": {""prediction_count"": 3, ""top1_id"": ""b069d9d2b6db44e85684468691ea178dc66dccd40c77801aec9cbffc1eefd7b8"", ""top1_score"": 0.5116}, ""title_publisher_swapped"": {""prediction_count"": 0, ""top1_id"": """", ""top1_score"": 0.0}}",b069d9d2b6db44e85684468691ea178dc66dccd40c77801aec9cbffc1eefd7b8,0.5116,1ae68b572b32276c54eea9b1885998e0a5299af0bab2688d7ad8ce2d59b10cb7,0.4867,2ed7054c43beff7bdc8b478b0d522a0536aa2b013893ab332e2344cc3ba1cfef,0.4559,correct_human_match,expected_match,expected_match,gold_positive,fallback_selected,Edmentum  ELA: Unspecified,Edmentum ELA,Edmentum,K-12
68f167f71585634c5d6cf3e409236eb3dc32b79a582eeee6a29718cae196cd00,636972,Victor Valley Union High,CA,"9,10,11,12",Edmentum - AP English Literature & Composition (2020),,,ELA,Core Curriculum,12,1ae68b572b32276c54eea9b1885998e0a5299af0bab2688d7ad8ce2d59b10cb7,ELA,Supplemental,Edmentum  ELA: Unspecified,Edmentum ELA,Edmentum,,K-12,Edmentum ELA - Edmentum  ELA: Unspecified (Edmentum) -  - (K-12),,,b069d9d2b6db44e85684468691ea178dc66dccd40c77801aec9cbffc1eefd7b8,b069d9d2b6db44e85684468691ea178dc66dccd40c77801aec9cbffc1eefd7b8,b069d9d2b6db44e85684468691ea178dc66dccd40c77801aec9cbffc1eefd7b8,1,True,True,0.5116,medium,True,True,title_plus_publisher,0.5108,0.5116,"{""primary"": {""prediction_count"": 3, ""top1_id"": ""1ae68b572b32276c54eea9b1885998e0a5299af0bab2688d7ad8ce2d59b10cb7"", ""top1_score"": 0.5108}, ""publisher_as_title"": {""prediction_count"": 0, ""top1_id"": """", ""top1_score"": 0.0}, ""title_plus_publisher"": {""prediction_count"": 3, ""top1_id"": ""b069d9d2b6db44e85684468691ea178dc66dccd40c77801aec9cbffc1eefd7b8"", ""top1_score"": 0.5116}, ""title_publisher_swapped"": {""prediction_count"": 0, ""top1_id"": """", ""top1_score"": 0.0}}",b069d9d2b6db44e85684468691ea178dc66dccd40c77801aec9cbffc1eefd7b8,0.5116,1ae68b572b32276c54eea9b1885998e0a5299af0bab2688d7ad8ce2d59b10cb7,0.4867,2ed7054c43beff7bdc8b478b0d522a0536aa2b013893ab332e2344cc3ba1cfef,0.4559,incorrect_human_match,pred_rank_2,pred_rank_2_incorrect,silver_negative,fallback_selected,AP English Language & Composition,AP Lang & Comp,College Board,9-12
68f167f71585634c5d6cf3e409236eb3dc32b79a582eeee6a29718cae196cd00,636972,Victor Valley Union High,CA,"9,10,11,12",Edmentum - AP English Literature & Composition (2020),,,ELA,Core Curriculum,12,2ed7054c43beff7bdc8b478b0d522a0536aa2b013893ab332e2344cc3ba1cfef,ELA,Supplemental,Edmentum  ELA: Unspecified,Edmentum ELA,Edmentum,,K-12,Edmentum ELA - Edmentum  ELA: Unspecified (Edmentum) -  - (K-12),,,b069d9d2b6db44e85684468691ea178dc66dccd40c77801aec9cbffc1eefd7b8,b069d9d2b6db44e85684468691ea178dc66dccd40c77801aec9cbffc1eefd7b8,b069d9d2b6db44e85684468691ea178dc66dccd40c77801aec9cbffc1eefd7b8,1,True,True,0.5116,medium,True,True,title_plus_publisher,0.5108,0.5116,"{""primary"": {""prediction_count"": 3, ""top1_id"": ""1ae68b572b32276c54eea9b1885998e0a5299af0bab2688d7ad8ce2d59b10cb7"", ""top1_score"": 0.5108}, ""publisher_as_title"": {""prediction_count"": 0, ""top1_id"": """", ""top1_score"": 0.0}, ""title_plus_publisher"": {""prediction_count"": 3, ""top1_id"": ""b069d9d2b6db44e85684468691ea178dc66dccd40c77801aec9cbffc1eefd7b8"", ""top1_score"": 0.5116}, ""title_publisher_swapped"": {""prediction_count"": 0, ""top1_id"": """", ""top1_score"": 0.0}}",b069d9d2b6db44e85684468691ea178dc66dccd40c77801aec9cbffc1eefd7b8,0.5116,1ae68b572b32276c54eea9b1885998e0a5299af0bab2688d7ad8ce2d59b10cb7,0.4867,2ed7054c43beff7bdc8b478b0d522a0536aa2b013893ab332e2344cc3ba1cfef,0.4559,incorrect_human_match,pred_rank_3,pred_rank_3_incorrect,silver_negative,fallback_selected,Literature & Composition,BFW Lit & Comp,"Bedford, Freeman & Worth",9-12
6c49ae4c0ff2be3ca8a94978446ad99f23c1cc0fd06a3e4b2fa04db0f712d62d,622710,Los Angeles Unified,CA,"6,7,8",Raz Kids,,,ELA,Supplemental,7,48bf52e4216b58b9b2f698c128378c8f4ba2f662821486f84b962a73ebc36d78,ELA,Supplemental,Raz-Kids,Learning A-Z,Cambium Learning Group,,PK-6,Learning A-Z - Raz-Kids (Cambium Learning Group) -  - (PK-6),,,48bf52e4216b58b9b2f698c128378c8f4ba2f662821486f84b962a73ebc36d78,48bf52e4216b58b9b2f698c128378c8f4ba2f662821486f84b962a73ebc36d78,48bf52e4216b58b9b2f698c128378c8f4ba2f662821486f84b962a73ebc36d78,1,True,True,0.5473,medium,True,True,title_plus_publisher,0.0,0.5473,"{""primary"": {""prediction_count"": 0, ""top1_id"": """", ""top1_score"": 0.0}, ""publisher_as_title"": {""prediction_count"": 0, ""top1_id"": """", ""top1_score"": 0.0}, ""title_plus_publisher"": {""prediction_count"": 2, ""top1_id"": ""48bf52e4216b58b9b2f698c128378c8f4ba2f662821486f84b962a73ebc36d78"", ""top1_score"": 0.5473}, ""title_publisher_swapped"": {""prediction_count"": 0, ""top1_id"": """", ""top1_score"": 0.0}}",48bf52e4216b58b9b2f698c128378c8f4ba2f662821486f84b962a73ebc36d78,0.5473,dbf2ea4277c0710f532294a47247fa438453f25924cfcf29150d71bd1d639931,0.4737,,,correct_human_match,expected_match,expected_match,gold_positive,fallback_selected,Raz-Kids,Learning A-Z,Cambium Learning Group,PK-6
6c49ae4c0ff2be3ca8a94978446ad99f23c1cc0fd06a3e4b2fa04db0f712d62d,622710,Los Angeles Unified,CA,"6,7,8",Raz Kids,,,ELA,Supplemental,7,dbf2ea4277c0710f532294a47247fa438453f25924cfcf29150d71bd1d639931,ELA,Supplemental,Raz-Kids,Learning A-Z,Cambium Learning Group,,PK-6,Learning A-Z - Raz-Kids (Cambium Learning Group) -  - (PK-6),,,48bf52e4216b58b9b2f698c128378c8f4ba2f662821486f84b962a73ebc36d78,48bf52e4216b58b9b2f698c128378c8f4ba2f662821486f84b962a73ebc36d78,48bf52e4216b58b9b2f698c128378c8f4ba2f662821486f84b962a73ebc36d78,1,True,True,0.5473,medium,True,True,title_plus_publisher,0.0,0.5473,"{""primary"": {""prediction_count"": 0, ""top1_id"": """", ""top1_score"": 0.0}, ""publisher_as_title"": {""prediction_count"": 0, ""top1_id"": """", ""top1_score"": 0.0}, ""title_plus_publisher"": {""prediction_count"": 2, ""top1_id"": ""48bf52e4216b58b9b2f698c128378c8f4ba2f662821486f84b962a73ebc36d78"", ""top1_score"": 0.5473}, ""title_publisher_swapped"": {""prediction_count"": 0, ""top1_id"": """", ""top1_score"": 0.0}}",48bf52e4216b58b9b2f698c128378c8f4ba2f662821486f84b962a73ebc36d78,0.5473,dbf2ea4277c0710f532294a47247fa438453f25924cfcf29150d71bd1d639931,0.4737,,,incorrect_human_match,pred_rank_2,pred_rank_2_incorrect,silver_negative,fallback_selected,Raz-Plus,Learning A-Z,Cambium Learning Group,PK-6
74b48e1913da88db34602c4deb076bbfa82c83ecec89b6e9be2fbf978187e0e8,600016,Upland Unified School District,CA,"6,7,8",StudySync,McGraw Hill,2015.0,ELA,Core Curriculum,6,5c6c10abee7965f3669e8676485bac210b075b2cfed448481d9fb35bbfb53536,ELA,Core Curriculum,StudySync ELA,StudySync,McGraw Hill Education,2015,6-8,StudySync - StudySync ELA (McGraw Hill Education) - 2015 - (6-8),https://www.upland.k12.ca.us/resources/sarc,,5c6c10abee7965f3669e8676485bac210b075b2cfed448481d9fb35bbfb53536,5c6c10abee7965f3669e8676485bac210b075b2cfed448481d9fb35bbfb53536,fc8488d545c694fb31572e380470a971a9c5ada6d312f4a6627955476b0da906,0,False,False,0.7434,medium,True,True,publisher_as_title,0.0,0.7434,"{""primary"": {""prediction_count"": 0, ""top1_id"": """", ""top1_score"": 0.0}, ""publisher_as_title"": {""prediction_count"": 3, ""top1_id"": ""fc8488d545c694fb31572e380470a971a9c5ada6d312f4a6627955476b0da906"", ""top1_score"": 0.7434}, ""title_plus_publisher"": {""prediction_count"": 0, ""top1_id"": """", ""top1_score"": 0.0}, ""title_publisher_swapped"": {""prediction_count"": 3, ""top1_id"": ""fc8488d545c694fb31572e380470a971a9c5ada6d312f4a6627955476b0da906"", ""top1_score"": 0.5184}}",fc8488d545c694fb31572e380470a971a9c5ada6d312f4a6627955476b0da906,0.7434,a2106d01f72fd8cce0576840f4c10b2cdcbd65e61215c670a5a7a2af9217d445,0.7401,db03cfc3ae2d54fe801dcbe5e1bc5a11140b971807a4422830d55897593d3d65,0.7301,correct_human_match,expected_match,expected_match,gold_positive,fallback_selected,StudySync ELA,StudySync,McGraw Hill Education,6-8
74b48e1913da88db34602c4deb076bbfa82c83ecec89b6e9be2fbf978187e0e8,600016,Upland Unified School District,CA,"6,7,8",StudySync,McGraw Hill,2015.0,ELA,Core Curriculum,6,fc8488d545c694fb31572e380470a971a9c5ada6d312f4a6627955476b0da906,ELA,Core Curriculum,StudySync ELA,StudySync,McGraw Hill Education,2015,6-8,StudySync - StudySync ELA (McGraw Hill Education) - 2015 - (6-8),https://www.upland.k12.ca.us/resources/sarc,,5c6c10abee7965f3669e8676485bac210b075b2cfed448481d9fb35bbfb53536,5c6c10abee7965f3669e8676485bac210b075b2cfed448481d9fb35bbfb53536,fc8488d545c694fb31572e380470a971a9c5ada6d312f4a6627955476b0da906,0,False,False,0.7434,medium,True,True,publisher_as_title,0.0,0.7434,"{""primary"": {""prediction_count"": 0, ""top1_id"": """", ""top1_score"": 0.0}, ""publisher_as_title"": {""prediction_count"": 3, ""top1_id"": ""fc8488d545c694fb31572e380470a971a9c5ada6d312f4a6627955476b0da906"", ""top1_score"": 0.7434}, ""title_plus_publisher"": {""prediction_count"": 0, ""top1_id"": """", ""top1_score"": 0.0}, ""title_publisher_swapped"": {""prediction_count"": 3, ""top1_id"": ""fc8488d545c694fb31572e380470a971a9c5ada6d312f4a6627955476b0da906"", ""top1_score"": 0.5184}}",fc8488d545c694fb31572e380470a971a9c5ada6d312f4a6627955476b0da906,0.7434,a2106d01f72fd8cce0576840f4c10b2cdcbd65e61215c670a5a7a2af9217d445,0.7401,db03cfc3ae2d54fe801dcbe5e1bc5a11140b971807a4422830d55897593d3d65,0.7301,incorrect_human_match,pred_rank_1,pred_rank_1_incorrect,silver_strong_negative,fallback_selected,McGraw-Hill My Math,McGraw-Hill My Math,McGraw Hill Education,PK-5
74b48e1913da88db34602c4deb076bbfa82c83ecec89b6e9be2fbf978187e0e8,600016,Upland Unified School District,CA,"6,7,8",StudySync,McGraw Hill,2015.0,ELA,Core Curriculum,6,a2106d01f72fd8cce0576840f4c10b2cdcbd65e61215c670a5a7a2af9217d445,ELA,Core Curriculum,StudySync ELA,StudySync,McGraw Hill Education,2015,6-8,StudySync - StudySync ELA (McGraw Hill Education) - 2015 - (6-8),https://www.upland.k12.ca.us/resources/sarc,,5c6c10abee7965f3669e8676485bac210b075b2cfed448481d9fb35bbfb53536,5c6c10abee7965f3669e8676485bac210b075b2cfed448481d9fb35bbfb53536,fc8488d545c694fb31572e380470a971a9c5ada6d312f4a6627955476b0da906,0,False,False,0.7434,medium,True,True,publisher_as_title,0.0,0.7434,"{""primary"": {""prediction_count"": 0, ""top1_id"": """", ""top1_score"": 0.0}, ""publisher_as_title"": {""prediction_count"": 3, ""top1_id"": ""fc8488d545c694fb31572e380470a971a9c5ada6d312f4a6627955476b0da906"", ""top1_score"": 0.7434}, ""title_plus_publisher"": {""prediction_count"": 0, ""top1_id"": """", ""top1_score"": 0.0}, ""title_publisher_swapped"": {""prediction_count"": 3, ""top1_id"": ""fc8488d545c694fb31572e380470a971a9c5ada6d312f4a6627955476b0da906"", ""top1_score"": 0.5184}}",fc8488d545c694fb31572e380470a971a9c5ada6d312f4a6627955476b0da906,0.7434,a2106d01f72fd8cce0576840f4c10b2cdcbd65e61215c670a5a7a2af9217d445,0.7401,db03cfc3ae2d54fe801dcbe5e1bc5a11140b971807a4422830d55897593d3d65,0.7301,incorrect_human_match,pred_rank_2,pred_rank_2_incorrect,silver_negative,fallback_selected,McGraw-Hill My Math,McGraw-Hill My Math,McGraw Hill Education,PK-5
75a8236db523fefe90f345c39d854e0c5b1912c5d48cc1a261c8f5fe4c2db829,600016,Upland Unified School District,CA,"6,7,8",StudySync,McGraw Hill,2015.0,ELA,Core Curriculum,7,5c6c10abee7965f3669e8676485bac210b075b2cfed448481d9fb35bbfb53536,ELA,Core Curriculum,StudySync ELA,StudySync,McGraw Hill Education,2015,6-8,StudySync - StudySync ELA (McGraw Hill Education) - 2015 - (6-8),https://www.upland.k12.ca.us/resources/sarc,,5c6c10abee7965f3669e8676485bac210b075b2cfed448481d9fb35bbfb53536,5c6c10abee7965f3669e8676485bac210b075b2cfed448481d9fb35bbfb53536,fc8488d545c694fb31572e380470a971a9c5ada6d312f4a6627955476b0da906,0,False,False,0.6834,medium,True,True,publisher_as_title,0.0,0.6834,"{""primary"": {""prediction_count"": 0, ""top1_id"": """", ""top1_score"": 0.0}, ""publisher_as_title"": {""prediction_count"": 3, ""top1_id"": ""fc8488d545c694fb31572e380470a971a9c5ada6d312f4a6627955476b0da906"", ""top1_score"": 0.6834}, ""title_plus_publisher"": {""prediction_count"": 0, ""top1_id"": """", ""top1_score"": 0.0}, ""title_publisher_swapped"": {""prediction_count"": 3, ""top1_id"": ""fc8488d545c694fb31572e380470a971a9c5ada6d312f4a6627955476b0da906"", ""top1_score"": 0.4584}}",fc8488d545c694fb31572e380470a971a9c5ada6d312f4a6627955476b0da906,0.6834,a2106d01f72fd8cce0576840f4c10b2cdcbd65e61215c670a5a7a2af9217d445,0.6801,db03cfc3ae2d54fe801dcbe5e1bc5a11140b971807a4422830d55897593d3d65,0.6701,correct_human_match,expected_match,expected_match,gold_positive,fallback_selected,StudySync ELA,StudySync,McGraw Hill Education,6-8
75a8236db523fefe90f345c39d854e0c5b1912c5d48cc1a261c8f5fe4c2db829,600016,Upland Unified School District,CA,"6,7,8",StudySync,McGraw Hill,2015.0,ELA,Core Curriculum,7,fc8488d545c694fb31572e380470a971a9c5ada6d312f4a6627955476b0da906,ELA,Core Curriculum,StudySync ELA,StudySync,McGraw Hill Education,2015,6-8,StudySync - StudySync ELA (McGraw Hill Education) - 2015 - (6-8),https://www.upland.k12.ca.us/resources/sarc,,5c6c10abee7965f3669e8676485bac210b075b2cfed448481d9fb35bbfb53536,5c6c10abee7965f3669e8676485bac210b075b2cfed448481d9fb35bbfb53536,fc8488d545c694fb31572e380470a971a9c5ada6d312f4a6627955476b0da906,0,False,False,0.6834,medium,True,True,publisher_as_title,0.0,0.6834,"{""primary"": {""prediction_count"": 0, ""top1_id"": """", ""top1_score"": 0.0}, ""publisher_as_title"": {""prediction_count"": 3, ""top1_id"": ""fc8488d545c694fb31572e380470a971a9c5ada6d312f4a6627955476b0da906"", ""top1_score"": 0.6834}, ""title_plus_publisher"": {""prediction_count"": 0, ""top1_id"": """", ""top1_score"": 0.0}, ""title_publisher_swapped"": {""prediction_count"": 3, ""top1_id"": ""fc8488d545c694fb31572e380470a971a9c5ada6d312f4a6627955476b0da906"", ""top1_score"": 0.4584}}",fc8488d545c694fb31572e380470a971a9c5ada6d312f4a6627955476b0da906,0.6834,a2106d01f72fd8cce0576840f4c10b2cdcbd65e61215c670a5a7a2af9217d445,0.6801,db03cfc3ae2d54fe801dcbe5e1bc5a11140b971807a4422830d55897593d3d65,0.6701,incorrect_human_match,pred_rank_1,pred_rank_1_incorrect,silver_strong_negative,fallback_selected,McGraw-Hill My Math,McGraw-Hill My Math,McGraw Hill Education,PK-5
75a8236db523fefe90f345c39d854e0c5b1912c5d48cc1a261c8f5fe4c2db829,600016,Upland Unified School District,CA,"6,7,8",StudySync,McGraw Hill,2015.0,ELA,Core Curriculum,7,a2106d01f72fd8cce0576840f4c10b2cdcbd65e61215c670a5a7a2af9217d445,ELA,Core Curriculum,StudySync ELA,StudySync,McGraw Hill Education,2015,6-8,StudySync - StudySync ELA (McGraw Hill Education) - 2015 - (6-8),https://www.upland.k12.ca.us/resources/sarc,,5c6c10abee7965f3669e8676485bac210b075b2cfed448481d9fb35bbfb53536,5c6c10abee7965f3669e8676485bac210b075b2cfed448481d9fb35bbfb53536,fc8488d545c694fb31572e380470a971a9c5ada6d312f4a6627955476b0da906,0,False,False,0.6834,medium,True,True,publisher_as_title,0.0,0.6834,"{""primary"": {""prediction_count"": 0, ""top1_id"": """", ""top1_score"": 0.0}, ""publisher_as_title"": {""prediction_count"": 3, ""top1_id"": ""fc8488d545c694fb31572e380470a971a9c5ada6d312f4a6627955476b0da906"", ""top1_score"": 0.6834}, ""title_plus_publisher"": {""prediction_count"": 0, ""top1_id"": """", ""top1_score"": 0.0}, ""title_publisher_swapped"": {""prediction_count"": 3, ""top1_id"": ""fc8488d545c694fb31572e380470a971a9c5ada6d312f4a6627955476b0da906"", ""top1_score"": 0.4584}}",fc8488d545c694fb31572e380470a971a9c5ada6d312f4a6627955476b0da906,0.6834,a2106d01f72fd8cce0576840f4c10b2cdcbd65e61215c670a5a7a2af9217d445,0.6801,db03cfc3ae2d54fe801dcbe5e1bc5a11140b971807a4422830d55897593d3d65,0.6701,incorrect_human_match,pred_rank_2,pred_rank_2_incorrect,silver_negative,fallback_selected,McGraw-Hill My Math,McGraw-Hill My Math,McGraw Hill Education,PK-5
82023ba8d5eb604a18d48a47b3279bbf99ec259a537907a7e25bd78e6614169f,637650,Southside Elementary,CA,"6,7,8",California Connections,Houghton Mifflin,,ELA,Core Curriculum,7,d0cf843a21667a31be1b91ac596b0665ca53383cf8cc98261ce0db06fc4e2baa,ELA,Core Curriculum,Connections:  English Language Arts,Connections ELA,Perfection Learning,2020,6-12,Connections ELA - Connections:  English Language Arts (Perfection Learning) - 2020 - (6-12),https://www.ssesd.org/files/page/1279/2023_School_Accountability_Report_Card_Southside_Elementary_School_District_20240130.pdf,,d0cf843a21667a31be1b91ac596b0665ca53383cf8cc98261ce0db06fc4e2baa,d0cf843a21667a31be1b91ac596b0665ca53383cf8cc98261ce0db06fc4e2baa,484aab7f22237bc8bd856e1fac7fd0eef8dc4e7b1537cbf9de716ce60a0ab88e,0,False,False,0.5338,medium,True,True,publisher_as_title,0.5226,0.5338,"{""primary"": {""prediction_count"": 3, ""top1_id"": ""ef5a352cb93d98c63031c76c355b2426e7cef540ff66aba4f8163b2c8877ecd3"", ""top1_score"": 0.5226}, ""publisher_as_title"": {""prediction_count"": 2, ""top1_id"": ""484aab7f22237bc8bd856e1fac7fd0eef8dc4e7b1537cbf9de716ce60a0ab88e"", ""top1_score"": 0.5338}, ""title_plus_publisher"": {""prediction_count"": 0, ""top1_id"": """", ""top1_score"": 0.0}, ""title_publisher_swapped"": {""prediction_count"": 2, ""top1_id"": ""484aab7f22237bc8bd856e1fac7fd0eef8dc4e7b1537cbf9de716ce60a0ab88e"", ""top1_score"": 0.4213}}",484aab7f22237bc8bd856e1fac7fd0eef8dc4e7b1537cbf9de716ce60a0ab88e,0.5338,759fa6c49e6c35b9a57ffdb5b5ce95fdebcfc4f33d6e6f8d3998ffd3392a3d4b,0.5262,,,correct_human_match,expected_match,expected_match,gold_positive,fallback_selected,Connections:  English Language Arts,Connections ELA,Perfection Learning,6-12
82023ba8d5eb604a18d48a47b3279bbf99ec259a537907a7e25bd78e6614169f,637650,Southside Elementary,CA,"6,7,8",California Connections,Houghton Mifflin,,ELA,Core Curriculum,7,484aab7f22237bc8bd856e1fac7fd0eef8dc4e7b1537cbf9de716ce60a0ab88e,ELA,Core Curriculum,Connections:  English Language Arts,Connections ELA,Perfection Learning,2020,6-12,Connections ELA - Connections:  English Language Arts (Perfection Learning) - 2020 - (6-12),https://www.ssesd.org/files/page/1279/2023_School_Accountability_Report_Card_Southside_Elementary_School_District_20240130.pdf,,d0cf843a21667a31be1b91ac596b0665ca53383cf8cc98261ce0db06fc4e2baa,d0cf843a21667a31be1b91ac596b0665ca53383cf8cc98261ce0db06fc4e2baa,484aab7f22237bc8bd856e1fac7fd0eef8dc4e7b1537cbf9de716ce60a0ab88e,0,False,False,0.5338,medium,True,True,publisher_as_title,0.5226,0.5338,"{""primary"": {""prediction_count"": 3, ""top1_id"": ""ef5a352cb93d98c63031c76c355b2426e7cef540ff66aba4f8163b2c8877ecd3"", ""top1_score"": 0.5226}, ""publisher_as_title"": {""prediction_count"": 2, ""top1_id"": ""484aab7f22237bc8bd856e1fac7fd0eef8dc4e7b1537cbf9de716ce60a0ab88e"", ""top1_score"": 0.5338}, ""title_plus_publisher"": {""prediction_count"": 0, ""top1_id"": """", ""top1_score"": 0.0}, ""title_publisher_swapped"": {""prediction_count"": 2, ""top1_id"": ""484aab7f22237bc8bd856e1fac7fd0eef8dc4e7b1537cbf9de716ce60a0ab88e"", ""top1_score"": 0.4213}}",484aab7f22237bc8bd856e1fac7fd0eef8dc4e7b1537cbf9de716ce60a0ab88e,0.5338,759fa6c49e6c35b9a57ffdb5b5ce95fdebcfc4f33d6e6f8d3998ffd3392a3d4b,0.5262,,,incorrect_human_match,pred_rank_1,pred_rank_1_incorrect,silver_strong_negative,fallback_selected,Houghton Mifflin Reading: A Legacy of Literature,Houghton Mifflin Reading,Houghton Mifflin Harcourt,K-5
82023ba8d5eb604a18d48a47b3279bbf99ec259a537907a7e25bd78e6614169f,637650,Southside Elementary,CA,"6,7,8",California Connections,Houghton Mifflin,,ELA,Core Curriculum,7,759fa6c49e6c35b9a57ffdb5b5ce95fdebcfc4f33d6e6f8d3998ffd3392a3d4b,ELA,Core Curriculum,Connections:  English Language Arts,Connections ELA,Perfection Learning,2020,6-12,Connections ELA - Connections:  English Language Arts (Perfection Learning) - 2020 - (6-12),https://www.ssesd.org/files/page/1279/2023_School_Accountability_Report_Card_Southside_Elementary_School_District_20240130.pdf,,d0cf843a21667a31be1b91ac596b0665ca53383cf8cc98261ce0db06fc4e2baa,d0cf843a21667a31be1b91ac596b0665ca53383cf8cc98261ce0db06fc4e2baa,484aab7f22237bc8bd856e1fac7fd0eef8dc4e7b1537cbf9de716ce60a0ab88e,0,False,False,0.5338,medium,True,True,publisher_as_title,0.5226,0.5338,"{""primary"": {""prediction_count"": 3, ""top1_id"": ""ef5a352cb93d98c63031c76c355b2426e7cef540ff66aba4f8163b2c8877ecd3"", ""top1_score"": 0.5226}, ""publisher_as_title"": {""prediction_count"": 2, ""top1_id"": ""484aab7f22237bc8bd856e1fac7fd0eef8dc4e7b1537cbf9de716ce60a0ab88e"", ""top1_score"": 0.5338}, ""title_plus_publisher"": {""prediction_count"": 0, ""top1_id"": """", ""top1_score"": 0.0}, ""title_publisher_swapped"": {""prediction_count"": 2, ""top1_id"": ""484aab7f22237bc8bd856e1fac7fd0eef8dc4e7b1537cbf9de716ce60a0ab88e"", ""top1_score"": 0.4213}}",484aab7f22237bc8bd856e1fac7fd0eef8dc4e7b1537cbf9de716ce60a0ab88e,0.5338,759fa6c49e6c35b9a57ffdb5b5ce95fdebcfc4f33d6e6f8d3998ffd3392a3d4b,0.5262,,,incorrect_human_match,pred_rank_2,pred_rank_2_incorrect,silver_negative,fallback_selected,"Houghton Mifflin Reading, California",Houghton Mifflin Reading: A Legacy of Literature,Houghton Mifflin Harcourt,K-5
91391fba9291b7a595f4f207f9863fd378d9c692c4b1e151c4579069281ecf4b,641160,Visalia Unified,CA,"K,1,2,3,4,5",Wonders,McGraw Hill,,ELA,Core Curriculum,K,cbdf8886160e258175bf4009e22c434db999340ae849a3b47c94f43524c3b6c3,ELA,Core Curriculum,"Wonders, California Edition",Wonders,McGraw Hill Education,2014-2017,K-6,"Wonders - Wonders, California Edition (McGraw Hill Education) - 2014-2017 - (K-6)",c75ada1723ec061441eef591d4f04af69907ebfce128f53cef031aa71a823941.pdf,,cbdf8886160e258175bf4009e22c434db999340ae849a3b47c94f43524c3b6c3,cbdf8886160e258175bf4009e22c434db999340ae849a3b47c94f43524c3b6c3,bd94b3f4065c150f81fe00ee938858fdd39d6d61798f05b28371642870e64d4a,0,False,False,0.6392,medium,False,False,primary,0.6392,0.6392,"{""primary"": {""prediction_count"": 3, ""top1_id"": ""bd94b3f4065c150f81fe00ee938858fdd39d6d61798f05b28371642870e64d4a"", ""top1_score"": 0.6392}}",bd94b3f4065c150f81fe00ee938858fdd39d6d61798f05b28371642870e64d4a,0.6392,cb63ace4b63f023f794c20783e82ee20e0e3fbbd4f901f6d3466fbd8cdc4e743,0.6364,371fb164889157519feb76adb751b9fc28b92e1965ad8b8471d4d0f7595da840,0.6059,correct_human_match,expected_match,expected_match,gold_positive,has_adopted_url,"Wonders, California Edition",Wonders,McGraw Hill Education,K-6
91391fba9291b7a595f4f207f9863fd378d9c692c4b1e151c4579069281ecf4b,641160,Visalia Unified,CA,"K,1,2,3,4,5",Wonders,McGraw Hill,,ELA,Core Curriculum,K,bd94b3f4065c150f81fe00ee938858fdd39d6d61798f05b28371642870e64d4a,ELA,Core Curriculum,"Wonders, California Edition",Wonders,McGraw Hill Education,2014-2017,K-6,"Wonders - Wonders, California Edition (McGraw Hill Education) - 2014-2017 - (K-6)",c75ada1723ec061441eef591d4f04af69907ebfce128f53cef031aa71a823941.pdf,,cbdf8886160e258175bf4009e22c434db999340ae849a3b47c94f43524c3b6c3,cbdf8886160e258175bf4009e22c434db999340ae849a3b47c94f43524c3b6c3,bd94b3f4065c150f81fe00ee938858fdd39d6d61798f05b28371642870e64d4a,0,False,False,0.6392,medium,False,False,primary,0.6392,0.6392,"{""primary"": {""prediction_count"": 3, ""top1_id"": ""bd94b3f4065c150f81fe00ee938858fdd39d6d61798f05b28371642870e64d4a"", ""top1_score"": 0.6392}}",bd94b3f4065c150f81fe00ee938858fdd39d6d61798f05b28371642870e64d4a,0.6392,cb63ace4b63f023f794c20783e82ee20e0e3fbbd4f901f6d3466fbd8cdc4e743,0.6364,371fb164889157519feb76adb751b9fc28b92e1965ad8b8471d4d0f7595da840,0.6059,incorrect_human_match,pred_rank_1,pred_rank_1_incorrect,silver_strong_negative,has_adopted_url,Wonders,Wonders,McGraw Hill Education,K-6
91391fba9291b7a595f4f207f9863fd378d9c692c4b1e151c4579069281ecf4b,641160,Visalia Unified,CA,"K,1,2,3,4,5",Wonders,McGraw Hill,,ELA,Core Curriculum,K,cb63ace4b63f023f794c20783e82ee20e0e3fbbd4f901f6d3466fbd8cdc4e743,ELA,Core Curriculum,"Wonders, California Edition",Wonders,McGraw Hill Education,2014-2017,K-6,"Wonders - Wonders, California Edition (McGraw Hill Education) - 2014-2017 - (K-6)",c75ada1723ec061441eef591d4f04af69907ebfce128f53cef031aa71a823941.pdf,,cbdf8886160e258175bf4009e22c434db999340ae849a3b47c94f43524c3b6c3,cbdf8886160e258175bf4009e22c434db999340ae849a3b47c94f43524c3b6c3,bd94b3f4065c150f81fe00ee938858fdd39d6d61798f05b28371642870e64d4a,0,False,False,0.6392,medium,False,False,primary,0.6392,0.6392,"{""primary"": {""prediction_count"": 3, ""top1_id"": ""bd94b3f4065c150f81fe00ee938858fdd39d6d61798f05b28371642870e64d4a"", ""top1_score"": 0.6392}}",bd94b3f4065c150f81fe00ee938858fdd39d6d61798f05b28371642870e64d4a,0.6392,cb63ace4b63f023f794c20783e82ee20e0e3fbbd4f901f6d3466fbd8cdc4e743,0.6364,371fb164889157519feb76adb751b9fc28b92e1965ad8b8471d4d0f7595da840,0.6059,incorrect_human_match,pred_rank_2,pred_rank_2_incorrect,silver_negative,has_adopted_url,Wonders,Wonders,McGraw Hill Education,K-6
91bf0e740ccd98b2360228bdc9923a0339281155f5046f7290ae86537c79ed0b,622710,Los Angeles Unified,CA,"6,7,8",Fountas and Pinnell,,,ELA,Core Curriculum,6,cbc2329668c4fef5ec34d8071f8dad0a6341c7f5268a2c0ee1143726f96be6b6,ELA,Core Curriculum,Fountas & Pinnell Classroom,Fountas & Pinnell Classroom,Heinemann,2020,PK-6,Fountas & Pinnell Classroom - Fountas & Pinnell Classroom (Heinemann) - 2020 - (PK-6),,,cbc2329668c4fef5ec34d8071f8dad0a6341c7f5268a2c0ee1143726f96be6b6,cbc2329668c4fef5ec34d8071f8dad0a6341c7f5268a2c0ee1143726f96be6b6,,0,False,False,0.0,no_prediction,True,False,primary,0.0,0.0,"{""primary"": {""prediction_count"": 0, ""top1_id"": """", ""top1_score"": 0.0}, ""publisher_as_title"": {""prediction_count"": 0, ""top1_id"": """", ""top1_score"": 0.0}, ""title_plus_publisher"": {""prediction_count"": 0, ""top1_id"": """", ""top1_score"": 0.0}, ""title_publisher_swapped"": {""prediction_count"": 0, ""top1_id"": """", ""top1_score"": 0.0}}",,,,,,,correct_human_match,expected_match,expected_match,gold_positive,has_adopted_url,Fountas & Pinnell Classroom,Fountas & Pinnell Classroom,Heinemann,PK-6
979e174596ba5a061c51d5923083cd98c1063cdfb3e15adc69c785ace4c65f36,601770,Alameda Unified,CA,"2,3,4,5",Wit and Wisdom,,,ELA,Core Curriculum,2,ec46d683f9cabaecee3cf17d09627c8f0041b0440f27fc9bf238f7bea396a41e,ELA,Core Curriculum,Wit & Wisdom: Unspecified,Wit & Wisdom,Great Minds,,K-8,Wit & Wisdom - Wit & Wisdom: Unspecified (Great Minds) -  - (K-8),,,ec46d683f9cabaecee3cf17d09627c8f0041b0440f27fc9bf238f7bea396a41e,ec46d683f9cabaecee3cf17d09627c8f0041b0440f27fc9bf238f7bea396a41e,e8279bab9eb50d3c08ec3d6ef15b357393a72d8149883ad090c370e168678da0,2,False,True,0.4811,low,True,True,title_plus_publisher,0.4323,0.4811,"{""primary"": {""prediction_count"": 2, ""top1_id"": ""244c385a4fb75613022d57540d88ffce0e46409eb298e54e7e8b811b71b99082"", ""top1_score"": 0.4323}, ""publisher_as_title"": {""prediction_count"": 0, ""top1_id"": """", ""top1_score"": 0.0}, ""title_plus_publisher"": {""prediction_count"": 3, ""top1_id"": ""e8279bab9eb50d3c08ec3d6ef15b357393a72d8149883ad090c370e168678da0"", ""top1_score"": 0.4811}, ""title_publisher_swapped"": {""prediction_count"": 0, ""top1_id"": """", ""top1_score"": 0.0}}",e8279bab9eb50d3c08ec3d6ef15b357393a72d8149883ad090c370e168678da0,0.4811,ec46d683f9cabaecee3cf17d09627c8f0041b0440f27fc9bf238f7bea396a41e,0.4527,244c385a4fb75613022d57540d88ffce0e46409eb298e54e7e8b811b71b99082,0.3962,correct_human_match,expected_match,expected_match,gold_positive,fallback_selected,Wit & Wisdom: Unspecified,Wit & Wisdom,Great Minds,K-8
979e174596ba5a061c51d5923083cd98c1063cdfb3e15adc69c785ace4c65f36,601770,Alameda Unified,CA,"2,3,4,5",Wit and Wisdom,,,ELA,Core Curriculum,2,e8279bab9eb50d3c08ec3d6ef15b357393a72d8149883ad090c370e168678da0,ELA,Core Curriculum,Wit & Wisdom: Unspecified,Wit & Wisdom,Great Minds,,K-8,Wit & Wisdom - Wit & Wisdom: Unspecified (Great Minds) -  - (K-8),,,ec46d683f9cabaecee3cf17d09627c8f0041b0440f27fc9bf238f7bea396a41e,ec46d683f9cabaecee3cf17d09627c8f0041b0440f27fc9bf238f7bea396a41e,e8279bab9eb50d3c08ec3d6ef15b357393a72d8149883ad090c370e168678da0,2,False,True,0.4811,low,True,True,title_plus_publisher,0.4323,0.4811,"{""primary"": {""prediction_count"": 2, ""top1_id"": ""244c385a4fb75613022d57540d88ffce0e46409eb298e54e7e8b811b71b99082"", ""top1_score"": 0.4323}, ""publisher_as_title"": {""prediction_count"": 0, ""top1_id"": """", ""top1_score"": 0.0}, ""title_plus_publisher"": {""prediction_count"": 3, ""top1_id"": ""e8279bab9eb50d3c08ec3d6ef15b357393a72d8149883ad090c370e168678da0"", ""top1_score"": 0.4811}, ""title_publisher_swapped"": {""prediction_count"": 0, ""top1_id"": """", ""top1_score"": 0.0}}",e8279bab9eb50d3c08ec3d6ef15b357393a72d8149883ad090c370e168678da0,0.4811,ec46d683f9cabaecee3cf17d09627c8f0041b0440f27fc9bf238f7bea396a41e,0.4527,244c385a4fb75613022d57540d88ffce0e46409eb298e54e7e8b811b71b99082,0.3962,incorrect_human_match,pred_rank_1,pred_rank_1_incorrect,silver_strong_negative,fallback_selected,Word Wisdom,ZB Vocabulary,Zaner-Bloser,3-6
979e174596ba5a061c51d5923083cd98c1063cdfb3e15adc69c785ace4c65f36,601770,Alameda Unified,CA,"2,3,4,5",Wit and Wisdom,,,ELA,Core Curriculum,2,244c385a4fb75613022d57540d88ffce0e46409eb298e54e7e8b811b71b99082,ELA,Core Curriculum,Wit & Wisdom: Unspecified,Wit & Wisdom,Great Minds,,K-8,Wit & Wisdom - Wit & Wisdom: Unspecified (Great Minds) -  - (K-8),,,ec46d683f9cabaecee3cf17d09627c8f0041b0440f27fc9bf238f7bea396a41e,ec46d683f9cabaecee3cf17d09627c8f0041b0440f27fc9bf238f7bea396a41e,e8279bab9eb50d3c08ec3d6ef15b357393a72d8149883ad090c370e168678da0,2,False,True,0.4811,low,True,True,title_plus_publisher,0.4323,0.4811,"{""primary"": {""prediction_count"": 2, ""top1_id"": ""244c385a4fb75613022d57540d88ffce0e46409eb298e54e7e8b811b71b99082"", ""top1_score"": 0.4323}, ""publisher_as_title"": {""prediction_count"": 0, ""top1_id"": """", ""top1_score"": 0.0}, ""title_plus_publisher"": {""prediction_count"": 3, ""top1_id"": ""e8279bab9eb50d3c08ec3d6ef15b357393a72d8149883ad090c370e168678da0"", ""top1_score"": 0.4811}, ""title_publisher_swapped"": {""prediction_count"": 0, ""top1_id"": """", ""top1_score"": 0.0}}",e8279bab9eb50d3c08ec3d6ef15b357393a72d8149883ad090c370e168678da0,0.4811,ec46d683f9cabaecee3cf17d09627c8f0041b0440f27fc9bf238f7bea396a41e,0.4527,244c385a4fb75613022d57540d88ffce0e46409eb298e54e7e8b811b71b99082,0.3962,incorrect_human_match,pred_rank_3,pred_rank_3_incorrect,silver_negative,fallback_selected,Wit & Wisdom,Wit & Wisdom,Great Minds,K-8
9a803219478710fe2bcdc0362bb08795a527bae7908d494d3f79e0c67483cbfe,603090,Arena Union Elementary,CA,"6,7,8",Amplify Reading,,,ELA,Core Curriculum,8,def096ae24ed04fd17965b727862f7b75118e40b5c0a90ecb4eed3c41403da62,ELA,Core Curriculum,Amplify ELA,Amplify ELA,Amplify,2016,6-8,Amplify ELA - Amplify ELA (Amplify) - 2016 - (6-8),0b81f2cd15c975506732f27d5cf7dc3f8bc0afb63756b5de4c9b8ccf32aef37c.pdf,,def096ae24ed04fd17965b727862f7b75118e40b5c0a90ecb4eed3c41403da62,def096ae24ed04fd17965b727862f7b75118e40b5c0a90ecb4eed3c41403da62,464c448834290df2b1bf12904bf2facff6b72e621495f94c2b4f66d7905fd98e,0,False,False,0.5201,medium,True,True,title_plus_publisher,0.5077,0.5201,"{""primary"": {""prediction_count"": 2, ""top1_id"": ""6821e35d5b0932b2b7eebf08a04e50317866ab3fa54d9f45e554baecae9c8b7b"", ""top1_score"": 0.5077}, ""publisher_as_title"": {""prediction_count"": 0, ""top1_id"": """", ""top1_score"": 0.0}, ""title_plus_publisher"": {""prediction_count"": 3, ""top1_id"": ""464c448834290df2b1bf12904bf2facff6b72e621495f94c2b4f66d7905fd98e"", ""top1_score"": 0.5201}, ""title_publisher_swapped"": {""prediction_count"": 0, ""top1_id"": """", ""top1_score"": 0.0}}",464c448834290df2b1bf12904bf2facff6b72e621495f94c2b4f66d7905fd98e,0.5201,fefe069cab229eab3ea1c37b00b876f21159b9038684f5cf8ffcdd27d9cbb37f,0.4928,86b3425722843314d69c88775cae7ac7b3ce9f2aabc0c24953d65e3a81183028,0.3988,correct_human_match,expected_match,expected_match,gold_positive,fallback_selected,Amplify ELA,Amplify ELA,Amplify,6-8
9a803219478710fe2bcdc0362bb08795a527bae7908d494d3f79e0c67483cbfe,603090,Arena Union Elementary,CA,"6,7,8",Amplify Reading,,,ELA,Core Curriculum,8,464c448834290df2b1bf12904bf2facff6b72e621495f94c2b4f66d7905fd98e,ELA,Core Curriculum,Amplify ELA,Amplify ELA,Amplify,2016,6-8,Amplify ELA - Amplify ELA (Amplify) - 2016 - (6-8),0b81f2cd15c975506732f27d5cf7dc3f8bc0afb63756b5de4c9b8ccf32aef37c.pdf,,def096ae24ed04fd17965b727862f7b75118e40b5c0a90ecb4eed3c41403da62,def096ae24ed04fd17965b727862f7b75118e40b5c0a90ecb4eed3c41403da62,464c448834290df2b1bf12904bf2facff6b72e621495f94c2b4f66d7905fd98e,0,False,False,0.5201,medium,True,True,title_plus_publisher,0.5077,0.5201,"{""primary"": {""prediction_count"": 2, ""top1_id"": ""6821e35d5b0932b2b7eebf08a04e50317866ab3fa54d9f45e554baecae9c8b7b"", ""top1_score"": 0.5077}, ""publisher_as_title"": {""prediction_count"": 0, ""top1_id"": """", ""top1_score"": 0.0}, ""title_plus_publisher"": {""prediction_count"": 3, ""top1_id"": ""464c448834290df2b1bf12904bf2facff6b72e621495f94c2b4f66d7905fd98e"", ""top1_score"": 0.5201}, ""title_publisher_swapped"": {""prediction_count"": 0, ""top1_id"": """", ""top1_score"": 0.0}}",464c448834290df2b1bf12904bf2facff6b72e621495f94c2b4f66d7905fd98e,0.5201,fefe069cab229eab3ea1c37b00b876f21159b9038684f5cf8ffcdd27d9cbb37f,0.4928,86b3425722843314d69c88775cae7ac7b3ce9f2aabc0c24953d65e3a81183028,0.3988,incorrect_human_match,pred_rank_1,pred_rank_1_incorrect,silver_strong_negative,fallback_selected,Reading Plus,Reading Plus,DreamBox Learning,3-12
9a803219478710fe2bcdc0362bb08795a527bae7908d494d3f79e0c67483cbfe,603090,Arena Union Elementary,CA,"6,7,8",Amplify Reading,,,ELA,Core Curriculum,8,fefe069cab229eab3ea1c37b00b876f21159b9038684f5cf8ffcdd27d9cbb37f,ELA,Core Curriculum,Amplify ELA,Amplify ELA,Amplify,2016,6-8,Amplify ELA - Amplify ELA (Amplify) - 2016 - (6-8),0b81f2cd15c975506732f27d5cf7dc3f8bc0afb63756b5de4c9b8ccf32aef37c.pdf,,def096ae24ed04fd17965b727862f7b75118e40b5c0a90ecb4eed3c41403da62,def096ae24ed04fd17965b727862f7b75118e40b5c0a90ecb4eed3c41403da62,464c448834290df2b1bf12904bf2facff6b72e621495f94c2b4f66d7905fd98e,0,False,False,0.5201,medium,True,True,title_plus_publisher,0.5077,0.5201,"{""primary"": {""prediction_count"": 2, ""top1_id"": ""6821e35d5b0932b2b7eebf08a04e50317866ab3fa54d9f45e554baecae9c8b7b"", ""top1_score"": 0.5077}, ""publisher_as_title"": {""prediction_count"": 0, ""top1_id"": """", ""top1_score"": 0.0}, ""title_plus_publisher"": {""prediction_count"": 3, ""top1_id"": ""464c448834290df2b1bf12904bf2facff6b72e621495f94c2b4f66d7905fd98e"", ""top1_score"": 0.5201}, ""title_publisher_swapped"": {""prediction_count"": 0, ""top1_id"": """", ""top1_score"": 0.0}}",464c448834290df2b1bf12904bf2facff6b72e621495f94c2b4f66d7905fd98e,0.5201,fefe069cab229eab3ea1c37b00b876f21159b9038684f5cf8ffcdd27d9cbb37f,0.4928,86b3425722843314d69c88775cae7ac7b3ce9f2aabc0c24953d65e3a81183028,0.3988,incorrect_human_match,pred_rank_2,pred_rank_2_incorrect,silver_negative,fallback_selected,Amplify ELA: Unspecified,Amplify ELA,Amplify,6-8
9fb3a91d4c6abc777705bac33e4a5d1a22faca74e0c185bf3782e2fb7aae0f1e,631050,Pleasant View Elementary,CA,"K,1,2,3,4,5,6",Wonders,McGraw Hill,,ELA,Core Curriculum,1,24e853362df539c970399d60a8d2a72b635e2ed8b7e66660f237336ba623b493,ELA,Core Curriculum,Wonders: Unspecified,Wonders,McGraw Hill Education,,K-6,Wonders - Wonders: Unspecified (McGraw Hill Education) -  - (K-6),,,24e853362df539c970399d60a8d2a72b635e2ed8b7e66660f237336ba623b493,24e853362df539c970399d60a8d2a72b635e2ed8b7e66660f237336ba623b493,bd94b3f4065c150f81fe00ee938858fdd39d6d61798f05b28371642870e64d4a,0,False,False,0.6392,medium,False,False,primary,0.6392,0.6392,"{""primary"": {""prediction_count"": 3, ""top1_id"": ""bd94b3f4065c150f81fe00ee938858fdd39d6d61798f05b28371642870e64d4a"", ""top1_score"": 0.6392}}",bd94b3f4065c150f81fe00ee938858fdd39d6d61798f05b28371642870e64d4a,0.6392,cb63ace4b63f023f794c20783e82ee20e0e3fbbd4f901f6d3466fbd8cdc4e743,0.6364,371fb164889157519feb76adb751b9fc28b92e1965ad8b8471d4d0f7595da840,0.6059,correct_human_match,expected_match,expected_match,gold_positive,has_adopted_url,Wonders: Unspecified,Wonders,McGraw Hill Education,K-6
9fb3a91d4c6abc777705bac33e4a5d1a22faca74e0c185bf3782e2fb7aae0f1e,631050,Pleasant View Elementary,CA,"K,1,2,3,4,5,6",Wonders,McGraw Hill,,ELA,Core Curriculum,1,bd94b3f4065c150f81fe00ee938858fdd39d6d61798f05b28371642870e64d4a,ELA,Core Curriculum,Wonders: Unspecified,Wonders,McGraw Hill Education,,K-6,Wonders - Wonders: Unspecified (McGraw Hill Education) -  - (K-6),,,24e853362df539c970399d60a8d2a72b635e2ed8b7e66660f237336ba623b493,24e853362df539c970399d60a8d2a72b635e2ed8b7e66660f237336ba623b493,bd94b3f4065c150f81fe00ee938858fdd39d6d61798f05b28371642870e64d4a,0,False,False,0.6392,medium,False,False,primary,0.6392,0.6392,"{""primary"": {""prediction_count"": 3, ""top1_id"": ""bd94b3f4065c150f81fe00ee938858fdd39d6d61798f05b28371642870e64d4a"", ""top1_score"": 0.6392}}",bd94b3f4065c150f81fe00ee938858fdd39d6d61798f05b28371642870e64d4a,0.6392,cb63ace4b63f023f794c20783e82ee20e0e3fbbd4f901f6d3466fbd8cdc4e743,0.6364,371fb164889157519feb76adb751b9fc28b92e1965ad8b8471d4d0f7595da840,0.6059,incorrect_human_match,pred_rank_1,pred_rank_1_incorrect,silver_strong_negative,has_adopted_url,Wonders,Wonders,McGraw Hill Education,K-6
9fb3a91d4c6abc777705bac33e4a5d1a22faca74e0c185bf3782e2fb7aae0f1e,631050,Pleasant View Elementary,CA,"K,1,2,3,4,5,6",Wonders,McGraw Hill,,ELA,Core Curriculum,1,cb63ace4b63f023f794c20783e82ee20e0e3fbbd4f901f6d3466fbd8cdc4e743,ELA,Core Curriculum,Wonders: Unspecified,Wonders,McGraw Hill Education,,K-6,Wonders - Wonders: Unspecified (McGraw Hill Education) -  - (K-6),,,24e853362df539c970399d60a8d2a72b635e2ed8b7e66660f237336ba623b493,24e853362df539c970399d60a8d2a72b635e2ed8b7e66660f237336ba623b493,bd94b3f4065c150f81fe00ee938858fdd39d6d61798f05b28371642870e64d4a,0,False,False,0.6392,medium,False,False,primary,0.6392,0.6392,"{""primary"": {""prediction_count"": 3, ""top1_id"": ""bd94b3f4065c150f81fe00ee938858fdd39d6d61798f05b28371642870e64d4a"", ""top1_score"": 0.6392}}",bd94b3f4065c150f81fe00ee938858fdd39d6d61798f05b28371642870e64d4a,0.6392,cb63ace4b63f023f794c20783e82ee20e0e3fbbd4f901f6d3466fbd8cdc4e743,0.6364,371fb164889157519feb76adb751b9fc28b92e1965ad8b8471d4d0f7595da840,0.6059,incorrect_human_match,pred_rank_2,pred_rank_2_incorrect,silver_negative,has_adopted_url,Wonders,Wonders,McGraw Hill Education,K-6
a2a89c50925eebd1f1e2e3d1e138a94cb83661d1aecfad29a580ca9d58580af2,635910,Saratoga Union Elementary,CA,"6,7,8",myPerspectives,Pearson,,ELA,Core Curriculum,6,d73bc7365397232d9379118e659c5586f637c8e9e842e774de8b108106c96b9b,ELA,Core Curriculum,myPerspectives,myPerspectives,Savvas Learning Company,2017,6-12,myPerspectives - myPerspectives (Savvas Learning Company) - 2017 - (6-12),,,d73bc7365397232d9379118e659c5586f637c8e9e842e774de8b108106c96b9b,d73bc7365397232d9379118e659c5586f637c8e9e842e774de8b108106c96b9b,d73bc7365397232d9379118e659c5586f637c8e9e842e774de8b108106c96b9b,1,True,True,0.8266,high,False,False,primary,0.8266,0.8266,"{""primary"": {""prediction_count"": 3, ""top1_id"": ""d73bc7365397232d9379118e659c5586f637c8e9e842e774de8b108106c96b9b"", ""top1_score"": 0.8266}}",d73bc7365397232d9379118e659c5586f637c8e9e842e774de8b108106c96b9b,0.8266,a40f119903e10716f4b71a2e94335b7395d1b843e743973ab1bb84b30aceb98c,0.8069,c8ca7267924f9af587c0fd8f547bb8f10628f85e1c3335e2d6b7d0c9e0d4fea2,0.7695,correct_human_match,expected_match,expected_match,gold_positive,has_adopted_url,myPerspectives,myPerspectives,Savvas Learning Company,6-12
a2a89c50925eebd1f1e2e3d1e138a94cb83661d1aecfad29a580ca9d58580af2,635910,Saratoga Union Elementary,CA,"6,7,8",myPerspectives,Pearson,,ELA,Core Curriculum,6,a40f119903e10716f4b71a2e94335b7395d1b843e743973ab1bb84b30aceb98c,ELA,Core Curriculum,myPerspectives,myPerspectives,Savvas Learning Company,2017,6-12,myPerspectives - myPerspectives (Savvas Learning Company) - 2017 - (6-12),,,d73bc7365397232d9379118e659c5586f637c8e9e842e774de8b108106c96b9b,d73bc7365397232d9379118e659c5586f637c8e9e842e774de8b108106c96b9b,d73bc7365397232d9379118e659c5586f637c8e9e842e774de8b108106c96b9b,1,True,True,0.8266,high,False,False,primary,0.8266,0.8266,"{""primary"": {""prediction_count"": 3, ""top1_id"": ""d73bc7365397232d9379118e659c5586f637c8e9e842e774de8b108106c96b9b"", ""top1_score"": 0.8266}}",d73bc7365397232d9379118e659c5586f637c8e9e842e774de8b108106c96b9b,0.8266,a40f119903e10716f4b71a2e94335b7395d1b843e743973ab1bb84b30aceb98c,0.8069,c8ca7267924f9af587c0fd8f547bb8f10628f85e1c3335e2d6b7d0c9e0d4fea2,0.7695,incorrect_human_match,pred_rank_2,pred_rank_2_incorrect,silver_negative,has_adopted_url,myPerspectives,myPerspectives,Savvas Learning Company,6-12
a2a89c50925eebd1f1e2e3d1e138a94cb83661d1aecfad29a580ca9d58580af2,635910,Saratoga Union Elementary,CA,"6,7,8",myPerspectives,Pearson,,ELA,Core Curriculum,6,c8ca7267924f9af587c0fd8f547bb8f10628f85e1c3335e2d6b7d0c9e0d4fea2,ELA,Core Curriculum,myPerspectives,myPerspectives,Savvas Learning Company,2017,6-12,myPerspectives - myPerspectives (Savvas Learning Company) - 2017 - (6-12),,,d73bc7365397232d9379118e659c5586f637c8e9e842e774de8b108106c96b9b,d73bc7365397232d9379118e659c5586f637c8e9e842e774de8b108106c96b9b,d73bc7365397232d9379118e659c5586f637c8e9e842e774de8b108106c96b9b,1,True,True,0.8266,high,False,False,primary,0.8266,0.8266,"{""primary"": {""prediction_count"": 3, ""top1_id"": ""d73bc7365397232d9379118e659c5586f637c8e9e842e774de8b108106c96b9b"", ""top1_score"": 0.8266}}",d73bc7365397232d9379118e659c5586f637c8e9e842e774de8b108106c96b9b,0.8266,a40f119903e10716f4b71a2e94335b7395d1b843e743973ab1bb84b30aceb98c,0.8069,c8ca7267924f9af587c0fd8f547bb8f10628f85e1c3335e2d6b7d0c9e0d4fea2,0.7695,incorrect_human_match,pred_rank_3,pred_rank_3_incorrect,silver_negative,has_adopted_url,myPerspectives,myPerspectives,Savvas Learning Company,6-12
aab47daa4ed27547279a668923a2e2e8ff71cd4252665b9413e3733fc0fef4eb,600039,Delhi Unified,CA,"K,1,2,3,4,5,TK,6",Benchmark Listos y Adelante,Benchmark Education Co.,2017.0,ELA,Core Curriculum,1,a2fdd9907e8ad271dd2ab80f6646b70c305226319d5117126bbedbd9b78c0836,Math,Core Curriculum,Benchmark Listos y Adelante: Math,Benchmark Adelante,Benchmark Education Company,2022,PK,Benchmark Adelante - Benchmark Listos y Adelante: Math (Benchmark Education Company) - 2022 - (PK),https://core-docs.s3.us-east-1.amazonaws.com/documents/asset/uploaded_file/790/Delhi_USD/3947054/2023_School_Accountability_Report_Card_Schendel_Elementary_School_20240126.pdf,,a2fdd9907e8ad271dd2ab80f6646b70c305226319d5117126bbedbd9b78c0836,a2fdd9907e8ad271dd2ab80f6646b70c305226319d5117126bbedbd9b78c0836,9e5e02570630c971d750bbdccf570d85ea32c264e697add54da044d405e0b5a8,2,False,True,0.8439,high,False,False,primary,0.8439,0.8439,"{""primary"": {""prediction_count"": 3, ""top1_id"": ""9e5e02570630c971d750bbdccf570d85ea32c264e697add54da044d405e0b5a8"", ""top1_score"": 0.8439}}",9e5e02570630c971d750bbdccf570d85ea32c264e697add54da044d405e0b5a8,0.8439,a2fdd9907e8ad271dd2ab80f6646b70c305226319d5117126bbedbd9b78c0836,0.8277,08aeb5e2a1f8c0c2a404da388d1abefa8fd72ee4b92869d1d18e732e7e75b580,0.6317,correct_human_match,expected_match,expected_match,gold_positive,has_adopted_url,Benchmark Listos y Adelante: Math,Benchmark Adelante,Benchmark Education Company,PK
aab47daa4ed27547279a668923a2e2e8ff71cd4252665b9413e3733fc0fef4eb,600039,Delhi Unified,CA,"K,1,2,3,4,5,TK,6",Benchmark Listos y Adelante,Benchmark Education Co.,2017.0,ELA,Core Curriculum,1,9e5e02570630c971d750bbdccf570d85ea32c264e697add54da044d405e0b5a8,Math,Core Curriculum,Benchmark Listos y Adelante: Math,Benchmark Adelante,Benchmark Education Company,2022,PK,Benchmark Adelante - Benchmark Listos y Adelante: Math (Benchmark Education Company) - 2022 - (PK),https://core-docs.s3.us-east-1.amazonaws.com/documents/asset/uploaded_file/790/Delhi_USD/3947054/2023_School_Accountability_Report_Card_Schendel_Elementary_School_20240126.pdf,,a2fdd9907e8ad271dd2ab80f6646b70c305226319d5117126bbedbd9b78c0836,a2fdd9907e8ad271dd2ab80f6646b70c305226319d5117126bbedbd9b78c0836,9e5e02570630c971d750bbdccf570d85ea32c264e697add54da044d405e0b5a8,2,False,True,0.8439,high,False,False,primary,0.8439,0.8439,"{""primary"": {""prediction_count"": 3, ""top1_id"": ""9e5e02570630c971d750bbdccf570d85ea32c264e697add54da044d405e0b5a8"", ""top1_score"": 0.8439}}",9e5e02570630c971d750bbdccf570d85ea32c264e697add54da044d405e0b5a8,0.8439,a2fdd9907e8ad271dd2ab80f6646b70c305226319d5117126bbedbd9b78c0836,0.8277,08aeb5e2a1f8c0c2a404da388d1abefa8fd72ee4b92869d1d18e732e7e75b580,0.6317,incorrect_human_match,pred_rank_1,pred_rank_1_incorrect,silver_strong_negative,has_adopted_url,Benchmark Listos y Adelante,Benchmark Adelante,Benchmark Education Company,PK
aab47daa4ed27547279a668923a2e2e8ff71cd4252665b9413e3733fc0fef4eb,600039,Delhi Unified,CA,"K,1,2,3,4,5,TK,6",Benchmark Listos y Adelante,Benchmark Education Co.,2017.0,ELA,Core Curriculum,1,08aeb5e2a1f8c0c2a404da388d1abefa8fd72ee4b92869d1d18e732e7e75b580,Math,Core Curriculum,Benchmark Listos y Adelante: Math,Benchmark Adelante,Benchmark Education Company,2022,PK,Benchmark Adelante - Benchmark Listos y Adelante: Math (Benchmark Education Company) - 2022 - (PK),https://core-docs.s3.us-east-1.amazonaws.com/documents/asset/uploaded_file/790/Delhi_USD/3947054/2023_School_Accountability_Report_Card_Schendel_Elementary_School_20240126.pdf,,a2fdd9907e8ad271dd2ab80f6646b70c305226319d5117126bbedbd9b78c0836,a2fdd9907e8ad271dd2ab80f6646b70c305226319d5117126bbedbd9b78c0836,9e5e02570630c971d750bbdccf570d85ea32c264e697add54da044d405e0b5a8,2,False,True,0.8439,high,False,False,primary,0.8439,0.8439,"{""primary"": {""prediction_count"": 3, ""top1_id"": ""9e5e02570630c971d750bbdccf570d85ea32c264e697add54da044d405e0b5a8"", ""top1_score"": 0.8439}}",9e5e02570630c971d750bbdccf570d85ea32c264e697add54da044d405e0b5a8,0.8439,a2fdd9907e8ad271dd2ab80f6646b70c305226319d5117126bbedbd9b78c0836,0.8277,08aeb5e2a1f8c0c2a404da388d1abefa8fd72ee4b92869d1d18e732e7e75b580,0.6317,incorrect_human_match,pred_rank_3,pred_rank_3_incorrect,silver_negative,has_adopted_url,Benchmark Adelante,Benchmark Adelante,Benchmark Education Company,K-6
ab04dc55e398b9a6408be9ef40f6ce9761ebf87c3504c0696dd0f6de9f12ccfd,622710,Los Angeles Unified,CA,"K,1,2,3,4,5",No Red Ink,,,ELA,Supplemental,1,6eb217054d6070e1021088dfb523a9f285d8278edae92702e369806502ef1984,ELA,Supplemental,NoRedInk,NoRedInk,NoRedInk,,3-12,NoRedInk - NoRedInk (NoRedInk) -  - (3-12),,,6eb217054d6070e1021088dfb523a9f285d8278edae92702e369806502ef1984,6eb217054d6070e1021088dfb523a9f285d8278edae92702e369806502ef1984,3d4d6e72a713ffa5cec81ddac8ff1fd6b6d5aac520f2adc314129eec21fb51b1,0,False,False,0.3009,low,True,True,title_plus_publisher,0.0,0.3009,"{""primary"": {""prediction_count"": 0, ""top1_id"": """", ""top1_score"": 0.0}, ""publisher_as_title"": {""prediction_count"": 0, ""top1_id"": """", ""top1_score"": 0.0}, ""title_plus_publisher"": {""prediction_count"": 1, ""top1_id"": ""3d4d6e72a713ffa5cec81ddac8ff1fd6b6d5aac520f2adc314129eec21fb51b1"", ""top1_score"": 0.3009}, ""title_publisher_swapped"": {""prediction_count"": 0, ""top1_id"": """", ""top1_score"": 0.0}}",3d4d6e72a713ffa5cec81ddac8ff1fd6b6d5aac520f2adc314129eec21fb51b1,0.3009,,,,,correct_human_match,expected_match,expected_match,gold_positive,fallback_selected,NoRedInk,NoRedInk,NoRedInk,3-12
ab04dc55e398b9a6408be9ef40f6ce9761ebf87c3504c0696dd0f6de9f12ccfd,622710,Los Angeles Unified,CA,"K,1,2,3,4,5",No Red Ink,,,ELA,Supplemental,1,3d4d6e72a713ffa5cec81ddac8ff1fd6b6d5aac520f2adc314129eec21fb51b1,ELA,Supplemental,NoRedInk,NoRedInk,NoRedInk,,3-12,NoRedInk - NoRedInk (NoRedInk) -  - (3-12),,,6eb217054d6070e1021088dfb523a9f285d8278edae92702e369806502ef1984,6eb217054d6070e1021088dfb523a9f285d8278edae92702e369806502ef1984,3d4d6e72a713ffa5cec81ddac8ff1fd6b6d5aac520f2adc314129eec21fb51b1,0,False,False,0.3009,low,True,True,title_plus_publisher,0.0,0.3009,"{""primary"": {""prediction_count"": 0, ""top1_id"": """", ""top1_score"": 0.0}, ""publisher_as_title"": {""prediction_count"": 0, ""top1_id"": """", ""top1_score"": 0.0}, ""title_plus_publisher"": {""prediction_count"": 1, ""top1_id"": ""3d4d6e72a713ffa5cec81ddac8ff1fd6b6d5aac520f2adc314129eec21fb51b1"", ""top1_score"": 0.3009}, ""title_publisher_swapped"": {""prediction_count"": 0, ""top1_id"": """", ""top1_score"": 0.0}}",3d4d6e72a713ffa5cec81ddac8ff1fd6b6d5aac520f2adc314129eec21fb51b1,0.3009,,,,,incorrect_human_match,pred_rank_1,pred_rank_1_incorrect,silver_strong_negative,fallback_selected,DnA,DnA,Illuminate Education,
ad15a63baa164f23290131b5113c0d7697019c620c6bf3c07265173ae0e62d55,634440,San Jacinto Unified,CA,"9,10,11,12",Language of Composition: Reading Writing Rhetoric AP Eng Lang/Comp,"Bedford, Freeman and Worth",,ELA,Core Curriculum,9,5b493e062bb1e34d87a1e65e0c3f734943d9c332b442cca5bcb51621fc5ec475,ELA,Core Curriculum,The Language of Composition,BFW Lit & Comp,"Bedford, Freeman & Worth",2018-2023,9-12,"BFW Lit & Comp - The Language of Composition (Bedford, Freeman & Worth) - 2018-2023 - (9-12)",,,5b493e062bb1e34d87a1e65e0c3f734943d9c332b442cca5bcb51621fc5ec475,5b493e062bb1e34d87a1e65e0c3f734943d9c332b442cca5bcb51621fc5ec475,5b493e062bb1e34d87a1e65e0c3f734943d9c332b442cca5bcb51621fc5ec475,1,True,True,0.7096,medium,False,False,primary,0.7096,0.7096,"{""primary"": {""prediction_count"": 2, ""top1_id"": ""5b493e062bb1e34d87a1e65e0c3f734943d9c332b442cca5bcb51621fc5ec475"", ""top1_score"": 0.7096}}",5b493e062bb1e34d87a1e65e0c3f734943d9c332b442cca5bcb51621fc5ec475,0.7096,8201336199e5a34cdc750bb537d77c079902f129335a2a9ef24a3362de3c75ad,0.5044,,,correct_human_match,expected_match,expected_match,gold_positive,has_adopted_url,The Language of Composition,BFW Lit & Comp,"Bedford, Freeman & Worth",9-12
ad15a63baa164f23290131b5113c0d7697019c620c6bf3c07265173ae0e62d55,634440,San Jacinto Unified,CA,"9,10,11,12",Language of Composition: Reading Writing Rhetoric AP Eng Lang/Comp,"Bedford, Freeman and Worth",,ELA,Core Curriculum,9,8201336199e5a34cdc750bb537d77c079902f129335a2a9ef24a3362de3c75ad,ELA,Core Curriculum,The Language of Composition,BFW Lit & Comp,"Bedford, Freeman & Worth",2018-2023,9-12,"BFW Lit & Comp - The Language of Composition (Bedford, Freeman & Worth) - 2018-2023 - (9-12)",,,5b493e062bb1e34d87a1e65e0c3f734943d9c332b442cca5bcb51621fc5ec475,5b493e062bb1e34d87a1e65e0c3f734943d9c332b442cca5bcb51621fc5ec475,5b493e062bb1e34d87a1e65e0c3f734943d9c332b442cca5bcb51621fc5ec475,1,True,True,0.7096,medium,False,False,primary,0.7096,0.7096,"{""primary"": {""prediction_count"": 2, ""top1_id"": ""5b493e062bb1e34d87a1e65e0c3f734943d9c332b442cca5bcb51621fc5ec475"", ""top1_score"": 0.7096}}",5b493e062bb1e34d87a1e65e0c3f734943d9c332b442cca5bcb51621fc5ec475,0.7096,8201336199e5a34cdc750bb537d77c079902f129335a2a9ef24a3362de3c75ad,0.5044,,,incorrect_human_match,pred_rank_2,pred_rank_2_incorrect,silver_negative,has_adopted_url,Writing America: Language and Composition in Context,Writing America: Language and Composition in Context,Pearson Education,9-12
add00e5516973c5fc8bbcdb5573fa1decfd95c3dc89e6eec5b00975a152b1be1,623160,Lynwood Unified,CA,"9,10,11,12",Holt Literature and Language Arts,,,ELA,Core Curriculum,9,e55c9f19cf9c3a8bb095a9b448fffd53e20791d3e4baa0f6804048aa09921ba6,ELA,Core Curriculum,Holt McDougal Literature,Holt McDougal Literature,Houghton Mifflin Harcourt,2012,6-12,Holt McDougal Literature - Holt McDougal Literature (Houghton Mifflin Harcourt) - 2012 - (6-12),,,e55c9f19cf9c3a8bb095a9b448fffd53e20791d3e4baa0f6804048aa09921ba6,e55c9f19cf9c3a8bb095a9b448fffd53e20791d3e4baa0f6804048aa09921ba6,5896f72377bdb6e5761f437451c8eb6235ee46b74a6348e6b163b9c00a0af98b,0,False,False,0.539,medium,True,True,title_plus_publisher,0.4677,0.539,"{""primary"": {""prediction_count"": 3, ""top1_id"": ""aae967d9ae0863e410a9bbb523c3183a852ca02c6b2ec461c00bc0c8be9e60e2"", ""top1_score"": 0.4677}, ""publisher_as_title"": {""prediction_count"": 0, ""top1_id"": """", ""top1_score"": 0.0}, ""title_plus_publisher"": {""prediction_count"": 3, ""top1_id"": ""5896f72377bdb6e5761f437451c8eb6235ee46b74a6348e6b163b9c00a0af98b"", ""top1_score"": 0.539}, ""title_publisher_swapped"": {""prediction_count"": 0, ""top1_id"": """", ""top1_score"": 0.0}}",5896f72377bdb6e5761f437451c8eb6235ee46b74a6348e6b163b9c00a0af98b,0.539,d03d00203f9e24e65e0870a44e42a1bf8ed62ff466858888bd59a6a10d187929,0.4428,aae967d9ae0863e410a9bbb523c3183a852ca02c6b2ec461c00bc0c8be9e60e2,0.4272,correct_human_match,expected_match,expected_match,gold_positive,fallback_selected,Holt McDougal Literature,Holt McDougal Literature,Houghton Mifflin Harcourt,6-12
add00e5516973c5fc8bbcdb5573fa1decfd95c3dc89e6eec5b00975a152b1be1,623160,Lynwood Unified,CA,"9,10,11,12",Holt Literature and Language Arts,,,ELA,Core Curriculum,9,5896f72377bdb6e5761f437451c8eb6235ee46b74a6348e6b163b9c00a0af98b,ELA,Core Curriculum,Holt McDougal Literature,Holt McDougal Literature,Houghton Mifflin Harcourt,2012,6-12,Holt McDougal Literature - Holt McDougal Literature (Houghton Mifflin Harcourt) - 2012 - (6-12),,,e55c9f19cf9c3a8bb095a9b448fffd53e20791d3e4baa0f6804048aa09921ba6,e55c9f19cf9c3a8bb095a9b448fffd53e20791d3e4baa0f6804048aa09921ba6,5896f72377bdb6e5761f437451c8eb6235ee46b74a6348e6b163b9c00a0af98b,0,False,False,0.539,medium,True,True,title_plus_publisher,0.4677,0.539,"{""primary"": {""prediction_count"": 3, ""top1_id"": ""aae967d9ae0863e410a9bbb523c3183a852ca02c6b2ec461c00bc0c8be9e60e2"", ""top1_score"": 0.4677}, ""publisher_as_title"": {""prediction_count"": 0, ""top1_id"": """", ""top1_score"": 0.0}, ""title_plus_publisher"": {""prediction_count"": 3, ""top1_id"": ""5896f72377bdb6e5761f437451c8eb6235ee46b74a6348e6b163b9c00a0af98b"", ""top1_score"": 0.539}, ""title_publisher_swapped"": {""prediction_count"": 0, ""top1_id"": """", ""top1_score"": 0.0}}",5896f72377bdb6e5761f437451c8eb6235ee46b74a6348e6b163b9c00a0af98b,0.539,d03d00203f9e24e65e0870a44e42a1bf8ed62ff466858888bd59a6a10d187929,0.4428,aae967d9ae0863e410a9bbb523c3183a852ca02c6b2ec461c00bc0c8be9e60e2,0.4272,incorrect_human_match,pred_rank_1,pred_rank_1_incorrect,silver_strong_negative,fallback_selected,Connections: Literature,Connections ELA,Perfection Learning,9-12
add00e5516973c5fc8bbcdb5573fa1decfd95c3dc89e6eec5b00975a152b1be1,623160,Lynwood Unified,CA,"9,10,11,12",Holt Literature and Language Arts,,,ELA,Core Curriculum,9,d03d00203f9e24e65e0870a44e42a1bf8ed62ff466858888bd59a6a10d187929,ELA,Core Curriculum,Holt McDougal Literature,Holt McDougal Literature,Houghton Mifflin Harcourt,2012,6-12,Holt McDougal Literature - Holt McDougal Literature (Houghton Mifflin Harcourt) - 2012 - (6-12),,,e55c9f19cf9c3a8bb095a9b448fffd53e20791d3e4baa0f6804048aa09921ba6,e55c9f19cf9c3a8bb095a9b448fffd53e20791d3e4baa0f6804048aa09921ba6,5896f72377bdb6e5761f437451c8eb6235ee46b74a6348e6b163b9c00a0af98b,0,False,False,0.539,medium,True,True,title_plus_publisher,0.4677,0.539,"{""primary"": {""prediction_count"": 3, ""top1_id"": ""aae967d9ae0863e410a9bbb523c3183a852ca02c6b2ec461c00bc0c8be9e60e2"", ""top1_score"": 0.4677}, ""publisher_as_title"": {""prediction_count"": 0, ""top1_id"": """", ""top1_score"": 0.0}, ""title_plus_publisher"": {""prediction_count"": 3, ""top1_id"": ""5896f72377bdb6e5761f437451c8eb6235ee46b74a6348e6b163b9c00a0af98b"", ""top1_score"": 0.539}, ""title_publisher_swapped"": {""prediction_count"": 0, ""top1_id"": """", ""top1_score"": 0.0}}",5896f72377bdb6e5761f437451c8eb6235ee46b74a6348e6b163b9c00a0af98b,0.539,d03d00203f9e24e65e0870a44e42a1bf8ed62ff466858888bd59a6a10d187929,0.4428,aae967d9ae0863e410a9bbb523c3183a852ca02c6b2ec461c00bc0c8be9e60e2,0.4272,incorrect_human_match,pred_rank_2,pred_rank_2_incorrect,silver_negative,fallback_selected,Literature and the Language Arts: Exploring Literature,EMC Masterpiece,EMC Publishing,9-12
ade65c89dcc161590e03fcb5396a5cb8d575c64eb5c97e756413ccf947c9f077,622710,Los Angeles Unified,CA,"6,7,8",Reading A-Z,,,ELA,Supplemental,8,1e5baf53e09e52220510d90e40c7469104ea63281b5465359bdb1f0c57508cc2,ELA,Supplemental,Reading A-Z,Learning A-Z,Cambium Learning Group,,K-5,Learning A-Z - Reading A-Z (Cambium Learning Group) -  - (K-5),,,1e5baf53e09e52220510d90e40c7469104ea63281b5465359bdb1f0c57508cc2,1e5baf53e09e52220510d90e40c7469104ea63281b5465359bdb1f0c57508cc2,464c448834290df2b1bf12904bf2facff6b72e621495f94c2b4f66d7905fd98e,0,False,False,0.5148,medium,True,True,title_plus_publisher,0.4004,0.5148,"{""primary"": {""prediction_count"": 3, ""top1_id"": ""1e5baf53e09e52220510d90e40c7469104ea63281b5465359bdb1f0c57508cc2"", ""top1_score"": 0.4004}, ""publisher_as_title"": {""prediction_count"": 0, ""top1_id"": """", ""top1_score"": 0.0}, ""title_plus_publisher"": {""prediction_count"": 3, ""top1_id"": ""464c448834290df2b1bf12904bf2facff6b72e621495f94c2b4f66d7905fd98e"", ""top1_score"": 0.5148}, ""title_publisher_swapped"": {""prediction_count"": 0, ""top1_id"": """", ""top1_score"": 0.0}}",464c448834290df2b1bf12904bf2facff6b72e621495f94c2b4f66d7905fd98e,0.5148,83b67210bf47d7a6170b540bd06c2f7abe957203c0affc36b2c5f1d5de54f0c7,0.4977,294c264bf5e28a0ee151d3999d2c4485e5ae5af93c6e5fb54602c9cec21d47cf,0.4855,correct_human_match,expected_match,expected_match,gold_positive,fallback_selected,Reading A-Z,Learning A-Z,Cambium Learning Group,K-5
ade65c89dcc161590e03fcb5396a5cb8d575c64eb5c97e756413ccf947c9f077,622710,Los Angeles Unified,CA,"6,7,8",Reading A-Z,,,ELA,Supplemental,8,464c448834290df2b1bf12904bf2facff6b72e621495f94c2b4f66d7905fd98e,ELA,Supplemental,Reading A-Z,Learning A-Z,Cambium Learning Group,,K-5,Learning A-Z - Reading A-Z (Cambium Learning Group) -  - (K-5),,,1e5baf53e09e52220510d90e40c7469104ea63281b5465359bdb1f0c57508cc2,1e5baf53e09e52220510d90e40c7469104ea63281b5465359bdb1f0c57508cc2,464c448834290df2b1bf12904bf2facff6b72e621495f94c2b4f66d7905fd98e,0,False,False,0.5148,medium,True,True,title_plus_publisher,0.4004,0.5148,"{""primary"": {""prediction_count"": 3, ""top1_id"": ""1e5baf53e09e52220510d90e40c7469104ea63281b5465359bdb1f0c57508cc2"", ""top1_score"": 0.4004}, ""publisher_as_title"": {""prediction_count"": 0, ""top1_id"": """", ""top1_score"": 0.0}, ""title_plus_publisher"": {""prediction_count"": 3, ""top1_id"": ""464c448834290df2b1bf12904bf2facff6b72e621495f94c2b4f66d7905fd98e"", ""top1_score"": 0.5148}, ""title_publisher_swapped"": {""prediction_count"": 0, ""top1_id"": """", ""top1_score"": 0.0}}",464c448834290df2b1bf12904bf2facff6b72e621495f94c2b4f66d7905fd98e,0.5148,83b67210bf47d7a6170b540bd06c2f7abe957203c0affc36b2c5f1d5de54f0c7,0.4977,294c264bf5e28a0ee151d3999d2c4485e5ae5af93c6e5fb54602c9cec21d47cf,0.4855,incorrect_human_match,pred_rank_1,pred_rank_1_incorrect,silver_strong_negative,fallback_selected,Reading Plus,Reading Plus,DreamBox Learning,3-12
ade65c89dcc161590e03fcb5396a5cb8d575c64eb5c97e756413ccf947c9f077,622710,Los Angeles Unified,CA,"6,7,8",Reading A-Z,,,ELA,Supplemental,8,83b67210bf47d7a6170b540bd06c2f7abe957203c0affc36b2c5f1d5de54f0c7,ELA,Supplemental,Reading A-Z,Learning A-Z,Cambium Learning Group,,K-5,Learning A-Z - Reading A-Z (Cambium Learning Group) -  - (K-5),,,1e5baf53e09e52220510d90e40c7469104ea63281b5465359bdb1f0c57508cc2,1e5baf53e09e52220510d90e40c7469104ea63281b5465359bdb1f0c57508cc2,464c448834290df2b1bf12904bf2facff6b72e621495f94c2b4f66d7905fd98e,0,False,False,0.5148,medium,True,True,title_plus_publisher,0.4004,0.5148,"{""primary"": {""prediction_count"": 3, ""top1_id"": ""1e5baf53e09e52220510d90e40c7469104ea63281b5465359bdb1f0c57508cc2"", ""top1_score"": 0.4004}, ""publisher_as_title"": {""prediction_count"": 0, ""top1_id"": """", ""top1_score"": 0.0}, ""title_plus_publisher"": {""prediction_count"": 3, ""top1_id"": ""464c448834290df2b1bf12904bf2facff6b72e621495f94c2b4f66d7905fd98e"", ""top1_score"": 0.5148}, ""title_publisher_swapped"": {""prediction_count"": 0, ""top1_id"": """", ""top1_score"": 0.0}}",464c448834290df2b1bf12904bf2facff6b72e621495f94c2b4f66d7905fd98e,0.5148,83b67210bf47d7a6170b540bd06c2f7abe957203c0affc36b2c5f1d5de54f0c7,0.4977,294c264bf5e28a0ee151d3999d2c4485e5ae5af93c6e5fb54602c9cec21d47cf,0.4855,incorrect_human_match,pred_rank_2,pred_rank_2_incorrect,silver_negative,fallback_selected,Phonics for Reading,Phonics for Reading,Curriculum Associates,3-12
b10c059a78a6f1f85ff898da467e7d4b8fd9ebf64cefa25ed4ef4f1b313dbe3f,631230,Point Arena Joint Union High,CA,"K,1,2,3,4,5,6",Wonders,,,ELA,Core Curriculum,5,bd94b3f4065c150f81fe00ee938858fdd39d6d61798f05b28371642870e64d4a,ELA,Core Curriculum,Wonders,Wonders,McGraw Hill Education,2017,K-6,Wonders - Wonders (McGraw Hill Education) - 2017 - (K-6),,,bd94b3f4065c150f81fe00ee938858fdd39d6d61798f05b28371642870e64d4a,bd94b3f4065c150f81fe00ee938858fdd39d6d61798f05b28371642870e64d4a,24e853362df539c970399d60a8d2a72b635e2ed8b7e66660f237336ba623b493,3,False,True,0.5508,medium,True,True,title_plus_publisher,0.5092,0.5508,"{""primary"": {""prediction_count"": 3, ""top1_id"": ""bd94b3f4065c150f81fe00ee938858fdd39d6d61798f05b28371642870e64d4a"", ""top1_score"": 0.5092}, ""publisher_as_title"": {""prediction_count"": 0, ""top1_id"": """", ""top1_score"": 0.0}, ""title_plus_publisher"": {""prediction_count"": 3, ""top1_id"": ""24e853362df539c970399d60a8d2a72b635e2ed8b7e66660f237336ba623b493"", ""top1_score"": 0.5508}, ""title_publisher_swapped"": {""prediction_count"": 0, ""top1_id"": """", ""top1_score"": 0.0}}",24e853362df539c970399d60a8d2a72b635e2ed8b7e66660f237336ba623b493,0.5508,61242b26f68c8173b240ebb35db63e81234e335bb489298f0b77e4959fb082ab,0.4954,bd94b3f4065c150f81fe00ee938858fdd39d6d61798f05b28371642870e64d4a,0.4509,correct_human_match,expected_match,expected_match,gold_positive,fallback_selected,Wonders,Wonders,McGraw Hill Education,K-6
b10c059a78a6f1f85ff898da467e7d4b8fd9ebf64cefa25ed4ef4f1b313dbe3f,631230,Point Arena Joint Union High,CA,"K,1,2,3,4,5,6",Wonders,,,ELA,Core Curriculum,5,24e853362df539c970399d60a8d2a72b635e2ed8b7e66660f237336ba623b493,ELA,Core Curriculum,Wonders,Wonders,McGraw Hill Education,2017,K-6,Wonders - Wonders (McGraw Hill Education) - 2017 - (K-6),,,bd94b3f4065c150f81fe00ee938858fdd39d6d61798f05b28371642870e64d4a,bd94b3f4065c150f81fe00ee938858fdd39d6d61798f05b28371642870e64d4a,24e853362df539c970399d60a8d2a72b635e2ed8b7e66660f237336ba623b493,3,False,True,0.5508,medium,True,True,title_plus_publisher,0.5092,0.5508,"{""primary"": {""prediction_count"": 3, ""top1_id"": ""bd94b3f4065c150f81fe00ee938858fdd39d6d61798f05b28371642870e64d4a"", ""top1_score"": 0.5092}, ""publisher_as_title"": {""prediction_count"": 0, ""top1_id"": """", ""top1_score"": 0.0}, ""title_plus_publisher"": {""prediction_count"": 3, ""top1_id"": ""24e853362df539c970399d60a8d2a72b635e2ed8b7e66660f237336ba623b493"", ""top1_score"": 0.5508}, ""title_publisher_swapped"": {""prediction_count"": 0, ""top1_id"": """", ""top1_score"": 0.0}}",24e853362df539c970399d60a8d2a72b635e2ed8b7e66660f237336ba623b493,0.5508,61242b26f68c8173b240ebb35db63e81234e335bb489298f0b77e4959fb082ab,0.4954,bd94b3f4065c150f81fe00ee938858fdd39d6d61798f05b28371642870e64d4a,0.4509,incorrect_human_match,pred_rank_1,pred_rank_1_incorrect,silver_strong_negative,fallback_selected,Wonders: Unspecified,Wonders,McGraw Hill Education,K-6
b10c059a78a6f1f85ff898da467e7d4b8fd9ebf64cefa25ed4ef4f1b313dbe3f,631230,Point Arena Joint Union High,CA,"K,1,2,3,4,5,6",Wonders,,,ELA,Core Curriculum,5,61242b26f68c8173b240ebb35db63e81234e335bb489298f0b77e4959fb082ab,ELA,Core Curriculum,Wonders,Wonders,McGraw Hill Education,2017,K-6,Wonders - Wonders (McGraw Hill Education) - 2017 - (K-6),,,bd94b3f4065c150f81fe00ee938858fdd39d6d61798f05b28371642870e64d4a,bd94b3f4065c150f81fe00ee938858fdd39d6d61798f05b28371642870e64d4a,24e853362df539c970399d60a8d2a72b635e2ed8b7e66660f237336ba623b493,3,False,True,0.5508,medium,True,True,title_plus_publisher,0.5092,0.5508,"{""primary"": {""prediction_count"": 3, ""top1_id"": ""bd94b3f4065c150f81fe00ee938858fdd39d6d61798f05b28371642870e64d4a"", ""top1_score"": 0.5092}, ""publisher_as_title"": {""prediction_count"": 0, ""top1_id"": """", ""top1_score"": 0.0}, ""title_plus_publisher"": {""prediction_count"": 3, ""top1_id"": ""24e853362df539c970399d60a8d2a72b635e2ed8b7e66660f237336ba623b493"", ""top1_score"": 0.5508}, ""title_publisher_swapped"": {""prediction_count"": 0, ""top1_id"": """", ""top1_score"": 0.0}}",24e853362df539c970399d60a8d2a72b635e2ed8b7e66660f237336ba623b493,0.5508,61242b26f68c8173b240ebb35db63e81234e335bb489298f0b77e4959fb082ab,0.4954,bd94b3f4065c150f81fe00ee938858fdd39d6d61798f05b28371642870e64d4a,0.4509,incorrect_human_match,pred_rank_2,pred_rank_2_incorrect,silver_negative,fallback_selected,WonderWorks,WonderWorks,McGraw Hill Education,K-6
b132c223e01ae2cc94792bfa67289962a256d11a705dd006eaaf37c9c4dd62c5,638010,Stockton Unified,CA,"9,10,11,12",myPerspectives,savvas,,ELA,Core Curriculum,12,d73bc7365397232d9379118e659c5586f637c8e9e842e774de8b108106c96b9b,ELA,Core Curriculum,myPerspectives,myPerspectives,Savvas Learning Company,2017,6-12,myPerspectives - myPerspectives (Savvas Learning Company) - 2017 - (6-12),,,d73bc7365397232d9379118e659c5586f637c8e9e842e774de8b108106c96b9b,d73bc7365397232d9379118e659c5586f637c8e9e842e774de8b108106c96b9b,d73bc7365397232d9379118e659c5586f637c8e9e842e774de8b108106c96b9b,1,True,True,0.8266,high,False,False,primary,0.8266,0.8266,"{""primary"": {""prediction_count"": 3, ""top1_id"": ""d73bc7365397232d9379118e659c5586f637c8e9e842e774de8b108106c96b9b"", ""top1_score"": 0.8266}}",d73bc7365397232d9379118e659c5586f637c8e9e842e774de8b108106c96b9b,0.8266,a40f119903e10716f4b71a2e94335b7395d1b843e743973ab1bb84b30aceb98c,0.8069,c8ca7267924f9af587c0fd8f547bb8f10628f85e1c3335e2d6b7d0c9e0d4fea2,0.7695,correct_human_match,expected_match,expected_match,gold_positive,has_adopted_url,myPerspectives,myPerspectives,Savvas Learning Company,6-12
b132c223e01ae2cc94792bfa67289962a256d11a705dd006eaaf37c9c4dd62c5,638010,Stockton Unified,CA,"9,10,11,12",myPerspectives,savvas,,ELA,Core Curriculum,12,a40f119903e10716f4b71a2e94335b7395d1b843e743973ab1bb84b30aceb98c,ELA,Core Curriculum,myPerspectives,myPerspectives,Savvas Learning Company,2017,6-12,myPerspectives - myPerspectives (Savvas Learning Company) - 2017 - (6-12),,,d73bc7365397232d9379118e659c5586f637c8e9e842e774de8b108106c96b9b,d73bc7365397232d9379118e659c5586f637c8e9e842e774de8b108106c96b9b,d73bc7365397232d9379118e659c5586f637c8e9e842e774de8b108106c96b9b,1,True,True,0.8266,high,False,False,primary,0.8266,0.8266,"{""primary"": {""prediction_count"": 3, ""top1_id"": ""d73bc7365397232d9379118e659c5586f637c8e9e842e774de8b108106c96b9b"", ""top1_score"": 0.8266}}",d73bc7365397232d9379118e659c5586f637c8e9e842e774de8b108106c96b9b,0.8266,a40f119903e10716f4b71a2e94335b7395d1b843e743973ab1bb84b30aceb98c,0.8069,c8ca7267924f9af587c0fd8f547bb8f10628f85e1c3335e2d6b7d0c9e0d4fea2,0.7695,incorrect_human_match,pred_rank_2,pred_rank_2_incorrect,silver_negative,has_adopted_url,myPerspectives,myPerspectives,Savvas Learning Company,6-12
b132c223e01ae2cc94792bfa67289962a256d11a705dd006eaaf37c9c4dd62c5,638010,Stockton Unified,CA,"9,10,11,12",myPerspectives,savvas,,ELA,Core Curriculum,12,c8ca7267924f9af587c0fd8f547bb8f10628f85e1c3335e2d6b7d0c9e0d4fea2,ELA,Core Curriculum,myPerspectives,myPerspectives,Savvas Learning Company,2017,6-12,myPerspectives - myPerspectives (Savvas Learning Company) - 2017 - (6-12),,,d73bc7365397232d9379118e659c5586f637c8e9e842e774de8b108106c96b9b,d73bc7365397232d9379118e659c5586f637c8e9e842e774de8b108106c96b9b,d73bc7365397232d9379118e659c5586f637c8e9e842e774de8b108106c96b9b,1,True,True,0.8266,high,False,False,primary,0.8266,0.8266,"{""primary"": {""prediction_count"": 3, ""top1_id"": ""d73bc7365397232d9379118e659c5586f637c8e9e842e774de8b108106c96b9b"", ""top1_score"": 0.8266}}",d73bc7365397232d9379118e659c5586f637c8e9e842e774de8b108106c96b9b,0.8266,a40f119903e10716f4b71a2e94335b7395d1b843e743973ab1bb84b30aceb98c,0.8069,c8ca7267924f9af587c0fd8f547bb8f10628f85e1c3335e2d6b7d0c9e0d4fea2,0.7695,incorrect_human_match,pred_rank_3,pred_rank_3_incorrect,silver_negative,has_adopted_url,myPerspectives,myPerspectives,Savvas Learning Company,6-12
b46f45d0630a9a17c55114a7bfc5ca4e35aa6ecbd0b20316a429b8559274fef0,634440,San Jacinto Unified,CA,"6,7,8",Eng 3D,Houghton Mifflin,,ELA,Core Curriculum,7,ddd8d8466f7056c9cffc3082e4a9bcbfc71cbb65dd8e7aae30f8d1c3890e375b,All,Supplemental,English 3D,English 3D,Houghton Mifflin Harcourt,,4-12,English 3D - English 3D (Houghton Mifflin Harcourt) -  - (4-12),,,ddd8d8466f7056c9cffc3082e4a9bcbfc71cbb65dd8e7aae30f8d1c3890e375b,ddd8d8466f7056c9cffc3082e4a9bcbfc71cbb65dd8e7aae30f8d1c3890e375b,484aab7f22237bc8bd856e1fac7fd0eef8dc4e7b1537cbf9de716ce60a0ab88e,0,False,False,0.5338,medium,True,True,publisher_as_title,0.0,0.5338,"{""primary"": {""prediction_count"": 0, ""top1_id"": """", ""top1_score"": 0.0}, ""publisher_as_title"": {""prediction_count"": 2, ""top1_id"": ""484aab7f22237bc8bd856e1fac7fd0eef8dc4e7b1537cbf9de716ce60a0ab88e"", ""top1_score"": 0.5338}, ""title_plus_publisher"": {""prediction_count"": 0, ""top1_id"": """", ""top1_score"": 0.0}, ""title_publisher_swapped"": {""prediction_count"": 2, ""top1_id"": ""484aab7f22237bc8bd856e1fac7fd0eef8dc4e7b1537cbf9de716ce60a0ab88e"", ""top1_score"": 0.4213}}",484aab7f22237bc8bd856e1fac7fd0eef8dc4e7b1537cbf9de716ce60a0ab88e,0.5338,759fa6c49e6c35b9a57ffdb5b5ce95fdebcfc4f33d6e6f8d3998ffd3392a3d4b,0.5262,,,correct_human_match,expected_match,expected_match,gold_positive,fallback_selected,English 3D,English 3D,Houghton Mifflin Harcourt,4-12
b46f45d0630a9a17c55114a7bfc5ca4e35aa6ecbd0b20316a429b8559274fef0,634440,San Jacinto Unified,CA,"6,7,8",Eng 3D,Houghton Mifflin,,ELA,Core Curriculum,7,484aab7f22237bc8bd856e1fac7fd0eef8dc4e7b1537cbf9de716ce60a0ab88e,All,Supplemental,English 3D,English 3D,Houghton Mifflin Harcourt,,4-12,English 3D - English 3D (Houghton Mifflin Harcourt) -  - (4-12),,,ddd8d8466f7056c9cffc3082e4a9bcbfc71cbb65dd8e7aae30f8d1c3890e375b,ddd8d8466f7056c9cffc3082e4a9bcbfc71cbb65dd8e7aae30f8d1c3890e375b,484aab7f22237bc8bd856e1fac7fd0eef8dc4e7b1537cbf9de716ce60a0ab88e,0,False,False,0.5338,medium,True,True,publisher_as_title,0.0,0.5338,"{""primary"": {""prediction_count"": 0, ""top1_id"": """", ""top1_score"": 0.0}, ""publisher_as_title"": {""prediction_count"": 2, ""top1_id"": ""484aab7f22237bc8bd856e1fac7fd0eef8dc4e7b1537cbf9de716ce60a0ab88e"", ""top1_score"": 0.5338}, ""title_plus_publisher"": {""prediction_count"": 0, ""top1_id"": """", ""top1_score"": 0.0}, ""title_publisher_swapped"": {""prediction_count"": 2, ""top1_id"": ""484aab7f22237bc8bd856e1fac7fd0eef8dc4e7b1537cbf9de716ce60a0ab88e"", ""top1_score"": 0.4213}}",484aab7f22237bc8bd856e1fac7fd0eef8dc4e7b1537cbf9de716ce60a0ab88e,0.5338,759fa6c49e6c35b9a57ffdb5b5ce95fdebcfc4f33d6e6f8d3998ffd3392a3d4b,0.5262,,,incorrect_human_match,pred_rank_1,pred_rank_1_incorrect,silver_strong_negative,fallback_selected,Houghton Mifflin Reading: A Legacy of Literature,Houghton Mifflin Reading,Houghton Mifflin Harcourt,K-5
b46f45d0630a9a17c55114a7bfc5ca4e35aa6ecbd0b20316a429b8559274fef0,634440,San Jacinto Unified,CA,"6,7,8",Eng 3D,Houghton Mifflin,,ELA,Core Curriculum,7,759fa6c49e6c35b9a57ffdb5b5ce95fdebcfc4f33d6e6f8d3998ffd3392a3d4b,All,Supplemental,English 3D,English 3D,Houghton Mifflin Harcourt,,4-12,English 3D - English 3D (Houghton Mifflin Harcourt) -  - (4-12),,,ddd8d8466f7056c9cffc3082e4a9bcbfc71cbb65dd8e7aae30f8d1c3890e375b,ddd8d8466f7056c9cffc3082e4a9bcbfc71cbb65dd8e7aae30f8d1c3890e375b,484aab7f22237bc8bd856e1fac7fd0eef8dc4e7b1537cbf9de716ce60a0ab88e,0,False,False,0.5338,medium,True,True,publisher_as_title,0.0,0.5338,"{""primary"": {""prediction_count"": 0, ""top1_id"": """", ""top1_score"": 0.0}, ""publisher_as_title"": {""prediction_count"": 2, ""top1_id"": ""484aab7f22237bc8bd856e1fac7fd0eef8dc4e7b1537cbf9de716ce60a0ab88e"", ""top1_score"": 0.5338}, ""title_plus_publisher"": {""prediction_count"": 0, ""top1_id"": """", ""top1_score"": 0.0}, ""title_publisher_swapped"": {""prediction_count"": 2, ""top1_id"": ""484aab7f22237bc8bd856e1fac7fd0eef8dc4e7b1537cbf9de716ce60a0ab88e"", ""top1_score"": 0.4213}}",484aab7f22237bc8bd856e1fac7fd0eef8dc4e7b1537cbf9de716ce60a0ab88e,0.5338,759fa6c49e6c35b9a57ffdb5b5ce95fdebcfc4f33d6e6f8d3998ffd3392a3d4b,0.5262,,,incorrect_human_match,pred_rank_2,pred_rank_2_incorrect,silver_negative,fallback_selected,"Houghton Mifflin Reading, California",Houghton Mifflin Reading: A Legacy of Literature,Houghton Mifflin Harcourt,K-5
b6186c9b1ec64ca15282567bebc40c275c87660a5a32da38d97f60c93e1d04c3,629940,Pasadena Unified,CA,"6,7,8",Inside Level A,,,ELA,Core Curriculum,6,dcb6ced4527a67e92524eeb43bf5a06829bd70a460b3e90c00ccab32f02a47eb,ELA,Core Curriculum,Inside Level A-C,Inside,National Geographic Learning/Cengage,2014,6-8,Inside - Inside Level A-C (National Geographic Learning/Cengage) - 2014 - (6-8),,,dcb6ced4527a67e92524eeb43bf5a06829bd70a460b3e90c00ccab32f02a47eb,dcb6ced4527a67e92524eeb43bf5a06829bd70a460b3e90c00ccab32f02a47eb,dcb6ced4527a67e92524eeb43bf5a06829bd70a460b3e90c00ccab32f02a47eb,1,True,True,0.525,medium,True,False,primary,0.525,0.525,"{""primary"": {""prediction_count"": 1, ""top1_id"": ""dcb6ced4527a67e92524eeb43bf5a06829bd70a460b3e90c00ccab32f02a47eb"", ""top1_score"": 0.525}, ""publisher_as_title"": {""prediction_count"": 0, ""top1_id"": """", ""top1_score"": 0.0}, ""title_plus_publisher"": {""prediction_count"": 2, ""top1_id"": ""dcb6ced4527a67e92524eeb43bf5a06829bd70a460b3e90c00ccab32f02a47eb"", ""top1_score"": 0.4372}, ""title_publisher_swapped"": {""prediction_count"": 0, ""top1_id"": """", ""top1_score"": 0.0}}",dcb6ced4527a67e92524eeb43bf5a06829bd70a460b3e90c00ccab32f02a47eb,0.525,,,,,correct_human_match,expected_match,expected_match,gold_positive,has_adopted_url,Inside Level A-C,Inside,National Geographic Learning/Cengage,6-8
b6e51a3f82c4374ecce1f302f7832e00259559ebc98d10fc62d97a948f553768,623160,Lynwood Unified,CA,"9,10,11,12",Edge,,,ELA,Core Curriculum,12,e01c7cb2337f9278524f750d7baba054d0ae07ace187557fca3492787703a59c,ELA,Core Curriculum,Edge,Edge,National Geographic Learning/Cengage,2014,9-12,Edge - Edge (National Geographic Learning/Cengage) - 2014 - (9-12),,,e01c7cb2337f9278524f750d7baba054d0ae07ace187557fca3492787703a59c,e01c7cb2337f9278524f750d7baba054d0ae07ace187557fca3492787703a59c,e01c7cb2337f9278524f750d7baba054d0ae07ace187557fca3492787703a59c,1,True,True,0.5384,medium,True,False,primary,0.5384,0.5384,"{""primary"": {""prediction_count"": 1, ""top1_id"": ""e01c7cb2337f9278524f750d7baba054d0ae07ace187557fca3492787703a59c"", ""top1_score"": 0.5384}, ""publisher_as_title"": {""prediction_count"": 0, ""top1_id"": """", ""top1_score"": 0.0}, ""title_plus_publisher"": {""prediction_count"": 3, ""top1_id"": ""6ed485b64a2ae7e880d9ca7c99ae2236465566d2168180e39aa9ca9af83be3f1"", ""top1_score"": 0.4758}, ""title_publisher_swapped"": {""prediction_count"": 0, ""top1_id"": """", ""top1_score"": 0.0}}",e01c7cb2337f9278524f750d7baba054d0ae07ace187557fca3492787703a59c,0.5384,,,,,correct_human_match,expected_match,expected_match,gold_positive,has_adopted_url,Edge,Edge,National Geographic Learning/Cengage,9-12
b917316755665a0e65f9f3b1246617c7a70abdbabf06bc5cb3919665667ae423,616740,Hayward Unified,CA,"9,10,11,12",EverythingÃ¢ÂÂs an Argument/ with Readings,Bedford St. Martin,2010.0,ELA,Core Curriculum,11,6e292278b1f031c235e4b89dafc94d785d722ca434bf17d93de9e516c44c5f9a,ELA,Core Curriculum,Everything's an Argument,Everything's an Argument,Macmillan Learning,2018,9-12,Everything's an Argument - Everything's an Argument (Macmillan Learning) - 2018 - (9-12),https://www.husd.us/schools/sarc,,6e292278b1f031c235e4b89dafc94d785d722ca434bf17d93de9e516c44c5f9a,6e292278b1f031c235e4b89dafc94d785d722ca434bf17d93de9e516c44c5f9a,6e292278b1f031c235e4b89dafc94d785d722ca434bf17d93de9e516c44c5f9a,1,True,True,0.5838,medium,False,False,primary,0.5838,0.5838,"{""primary"": {""prediction_count"": 1, ""top1_id"": ""6e292278b1f031c235e4b89dafc94d785d722ca434bf17d93de9e516c44c5f9a"", ""top1_score"": 0.5838}}",6e292278b1f031c235e4b89dafc94d785d722ca434bf17d93de9e516c44c5f9a,0.5838,,,,,correct_human_match,expected_match,expected_match,gold_positive,has_adopted_url,Everything's an Argument,Everything's an Argument,Macmillan Learning,9-12
b9f925cfffb0c3ecd592377867b71efbaf21bde38d7c24d8f5f2b933074b5ca3,633860,Saddleback Valley Unified,CA,"K,1,2,3,4,5,6",Benchmark Advance,,,ELA,Core Curriculum,4,b1d700e1c9cf02fac7bc2c17cd1483ba74f7dd594afc0637ab88ea19ae3cc9ca,ELA,Core Curriculum,Benchmark Advance,Benchmark Advance,Benchmark Education Company,2018,K-6,Benchmark Advance - Benchmark Advance (Benchmark Education Company) - 2018 - (K-6),,,b1d700e1c9cf02fac7bc2c17cd1483ba74f7dd594afc0637ab88ea19ae3cc9ca,b1d700e1c9cf02fac7bc2c17cd1483ba74f7dd594afc0637ab88ea19ae3cc9ca,562cbfc624110c36f3724d669db2a508d7d34edd1544db64fc7e5861b72739a3,0,False,False,0.5911,medium,True,True,title_plus_publisher,0.5151,0.5911,"{""primary"": {""prediction_count"": 3, ""top1_id"": ""479e53f9b447aa4fd0ecf60ab8ec1ada8491423ba770bef02c944e60d793acc0"", ""top1_score"": 0.5151}, ""publisher_as_title"": {""prediction_count"": 0, ""top1_id"": """", ""top1_score"": 0.0}, ""title_plus_publisher"": {""prediction_count"": 3, ""top1_id"": ""562cbfc624110c36f3724d669db2a508d7d34edd1544db64fc7e5861b72739a3"", ""top1_score"": 0.5911}, ""title_publisher_swapped"": {""prediction_count"": 0, ""top1_id"": """", ""top1_score"": 0.0}}",562cbfc624110c36f3724d669db2a508d7d34edd1544db64fc7e5861b72739a3,0.5911,ebcee6cfbe44921aec51ffb2b76ebe16aeae706cd2a90d0889970d5338db8cf4,0.571,40c7f8334c7c32e9db795584a096749f14b43457c8a6cbe9fd46073fccf2d109,0.5267,correct_human_match,expected_match,expected_match,gold_positive,fallback_selected,Benchmark Advance,Benchmark Advance,Benchmark Education Company,K-6
b9f925cfffb0c3ecd592377867b71efbaf21bde38d7c24d8f5f2b933074b5ca3,633860,Saddleback Valley Unified,CA,"K,1,2,3,4,5,6",Benchmark Advance,,,ELA,Core Curriculum,4,562cbfc624110c36f3724d669db2a508d7d34edd1544db64fc7e5861b72739a3,ELA,Core Curriculum,Benchmark Advance,Benchmark Advance,Benchmark Education Company,2018,K-6,Benchmark Advance - Benchmark Advance (Benchmark Education Company) - 2018 - (K-6),,,b1d700e1c9cf02fac7bc2c17cd1483ba74f7dd594afc0637ab88ea19ae3cc9ca,b1d700e1c9cf02fac7bc2c17cd1483ba74f7dd594afc0637ab88ea19ae3cc9ca,562cbfc624110c36f3724d669db2a508d7d34edd1544db64fc7e5861b72739a3,0,False,False,0.5911,medium,True,True,title_plus_publisher,0.5151,0.5911,"{""primary"": {""prediction_count"": 3, ""top1_id"": ""479e53f9b447aa4fd0ecf60ab8ec1ada8491423ba770bef02c944e60d793acc0"", ""top1_score"": 0.5151}, ""publisher_as_title"": {""prediction_count"": 0, ""top1_id"": """", ""top1_score"": 0.0}, ""title_plus_publisher"": {""prediction_count"": 3, ""top1_id"": ""562cbfc624110c36f3724d669db2a508d7d34edd1544db64fc7e5861b72739a3"", ""top1_score"": 0.5911}, ""title_publisher_swapped"": {""prediction_count"": 0, ""top1_id"": """", ""top1_score"": 0.0}}",562cbfc624110c36f3724d669db2a508d7d34edd1544db64fc7e5861b72739a3,0.5911,ebcee6cfbe44921aec51ffb2b76ebe16aeae706cd2a90d0889970d5338db8cf4,0.571,40c7f8334c7c32e9db795584a096749f14b43457c8a6cbe9fd46073fccf2d109,0.5267,incorrect_human_match,pred_rank_1,pred_rank_1_incorrect,silver_strong_negative,fallback_selected,Benchmark Hello!,Benchmark Supplemental,Benchmark Education Company,3-5
b9f925cfffb0c3ecd592377867b71efbaf21bde38d7c24d8f5f2b933074b5ca3,633860,Saddleback Valley Unified,CA,"K,1,2,3,4,5,6",Benchmark Advance,,,ELA,Core Curriculum,4,ebcee6cfbe44921aec51ffb2b76ebe16aeae706cd2a90d0889970d5338db8cf4,ELA,Core Curriculum,Benchmark Advance,Benchmark Advance,Benchmark Education Company,2018,K-6,Benchmark Advance - Benchmark Advance (Benchmark Education Company) - 2018 - (K-6),,,b1d700e1c9cf02fac7bc2c17cd1483ba74f7dd594afc0637ab88ea19ae3cc9ca,b1d700e1c9cf02fac7bc2c17cd1483ba74f7dd594afc0637ab88ea19ae3cc9ca,562cbfc624110c36f3724d669db2a508d7d34edd1544db64fc7e5861b72739a3,0,False,False,0.5911,medium,True,True,title_plus_publisher,0.5151,0.5911,"{""primary"": {""prediction_count"": 3, ""top1_id"": ""479e53f9b447aa4fd0ecf60ab8ec1ada8491423ba770bef02c944e60d793acc0"", ""top1_score"": 0.5151}, ""publisher_as_title"": {""prediction_count"": 0, ""top1_id"": """", ""top1_score"": 0.0}, ""title_plus_publisher"": {""prediction_count"": 3, ""top1_id"": ""562cbfc624110c36f3724d669db2a508d7d34edd1544db64fc7e5861b72739a3"", ""top1_score"": 0.5911}, ""title_publisher_swapped"": {""prediction_count"": 0, ""top1_id"": """", ""top1_score"": 0.0}}",562cbfc624110c36f3724d669db2a508d7d34edd1544db64fc7e5861b72739a3,0.5911,ebcee6cfbe44921aec51ffb2b76ebe16aeae706cd2a90d0889970d5338db8cf4,0.571,40c7f8334c7c32e9db795584a096749f14b43457c8a6cbe9fd46073fccf2d109,0.5267,incorrect_human_match,pred_rank_2,pred_rank_2_incorrect,silver_negative,fallback_selected,Benchmark RIGOR,Benchmark Supplemental,Benchmark Education Company,4-12
be4b30ecfbf732bc842f22f2a4d1b936431e1288dfad0780ad6afb1f6cd74740,638010,Stockton Unified,CA,"9,10,11,12",myPerspectives,savvas,,ELA,Core Curriculum,11,d73bc7365397232d9379118e659c5586f637c8e9e842e774de8b108106c96b9b,ELA,Core Curriculum,myPerspectives,myPerspectives,Savvas Learning Company,2017,6-12,myPerspectives - myPerspectives (Savvas Learning Company) - 2017 - (6-12),,,d73bc7365397232d9379118e659c5586f637c8e9e842e774de8b108106c96b9b,d73bc7365397232d9379118e659c5586f637c8e9e842e774de8b108106c96b9b,d73bc7365397232d9379118e659c5586f637c8e9e842e774de8b108106c96b9b,1,True,True,0.8266,high,False,False,primary,0.8266,0.8266,"{""primary"": {""prediction_count"": 3, ""top1_id"": ""d73bc7365397232d9379118e659c5586f637c8e9e842e774de8b108106c96b9b"", ""top1_score"": 0.8266}}",d73bc7365397232d9379118e659c5586f637c8e9e842e774de8b108106c96b9b,0.8266,a40f119903e10716f4b71a2e94335b7395d1b843e743973ab1bb84b30aceb98c,0.8069,c8ca7267924f9af587c0fd8f547bb8f10628f85e1c3335e2d6b7d0c9e0d4fea2,0.7695,correct_human_match,expected_match,expected_match,gold_positive,has_adopted_url,myPerspectives,myPerspectives,Savvas Learning Company,6-12
be4b30ecfbf732bc842f22f2a4d1b936431e1288dfad0780ad6afb1f6cd74740,638010,Stockton Unified,CA,"9,10,11,12",myPerspectives,savvas,,ELA,Core Curriculum,11,a40f119903e10716f4b71a2e94335b7395d1b843e743973ab1bb84b30aceb98c,ELA,Core Curriculum,myPerspectives,myPerspectives,Savvas Learning Company,2017,6-12,myPerspectives - myPerspectives (Savvas Learning Company) - 2017 - (6-12),,,d73bc7365397232d9379118e659c5586f637c8e9e842e774de8b108106c96b9b,d73bc7365397232d9379118e659c5586f637c8e9e842e774de8b108106c96b9b,d73bc7365397232d9379118e659c5586f637c8e9e842e774de8b108106c96b9b,1,True,True,0.8266,high,False,False,primary,0.8266,0.8266,"{""primary"": {""prediction_count"": 3, ""top1_id"": ""d73bc7365397232d9379118e659c5586f637c8e9e842e774de8b108106c96b9b"", ""top1_score"": 0.8266}}",d73bc7365397232d9379118e659c5586f637c8e9e842e774de8b108106c96b9b,0.8266,a40f119903e10716f4b71a2e94335b7395d1b843e743973ab1bb84b30aceb98c,0.8069,c8ca7267924f9af587c0fd8f547bb8f10628f85e1c3335e2d6b7d0c9e0d4fea2,0.7695,incorrect_human_match,pred_rank_2,pred_rank_2_incorrect,silver_negative,has_adopted_url,myPerspectives,myPerspectives,Savvas Learning Company,6-12
be4b30ecfbf732bc842f22f2a4d1b936431e1288dfad0780ad6afb1f6cd74740,638010,Stockton Unified,CA,"9,10,11,12",myPerspectives,savvas,,ELA,Core Curriculum,11,c8ca7267924f9af587c0fd8f547bb8f10628f85e1c3335e2d6b7d0c9e0d4fea2,ELA,Core Curriculum,myPerspectives,myPerspectives,Savvas Learning Company,2017,6-12,myPerspectives - myPerspectives (Savvas Learning Company) - 2017 - (6-12),,,d73bc7365397232d9379118e659c5586f637c8e9e842e774de8b108106c96b9b,d73bc7365397232d9379118e659c5586f637c8e9e842e774de8b108106c96b9b,d73bc7365397232d9379118e659c5586f637c8e9e842e774de8b108106c96b9b,1,True,True,0.8266,high,False,False,primary,0.8266,0.8266,"{""primary"": {""prediction_count"": 3, ""top1_id"": ""d73bc7365397232d9379118e659c5586f637c8e9e842e774de8b108106c96b9b"", ""top1_score"": 0.8266}}",d73bc7365397232d9379118e659c5586f637c8e9e842e774de8b108106c96b9b,0.8266,a40f119903e10716f4b71a2e94335b7395d1b843e743973ab1bb84b30aceb98c,0.8069,c8ca7267924f9af587c0fd8f547bb8f10628f85e1c3335e2d6b7d0c9e0d4fea2,0.7695,incorrect_human_match,pred_rank_3,pred_rank_3_incorrect,silver_negative,has_adopted_url,myPerspectives,myPerspectives,Savvas Learning Company,6-12
c0fc3c517b5ab92e2fb7a4c942e910a1e886f5f159ddce4539aaecf81d911996,635130,San Ramon Valley Unified,CA,"6,7,8",Units of Study,,,ELA,Core Curriculum,8,c1cd93aa276ef1fba2eb43d6b3cfdbda9825c9000a50b82c9c5017acf35b2247,ELA,Core Curriculum,Lucy Calkins: Units of Study (TCRWP),Lucy Calkins: Units of Study,Heinemann,2018,K-8,Lucy Calkins: Units of Study - Lucy Calkins: Units of Study (TCRWP) (Heinemann) - 2018 - (K-8),,,c1cd93aa276ef1fba2eb43d6b3cfdbda9825c9000a50b82c9c5017acf35b2247,c1cd93aa276ef1fba2eb43d6b3cfdbda9825c9000a50b82c9c5017acf35b2247,0b0e76c0a0e75a0957a48337a1ea08ae11276101b8cf51f801600dd4d139bc7a,0,False,False,0.4384,low,True,True,title_plus_publisher,0.0,0.4384,"{""primary"": {""prediction_count"": 0, ""top1_id"": """", ""top1_score"": 0.0}, ""publisher_as_title"": {""prediction_count"": 0, ""top1_id"": """", ""top1_score"": 0.0}, ""title_plus_publisher"": {""prediction_count"": 2, ""top1_id"": ""0b0e76c0a0e75a0957a48337a1ea08ae11276101b8cf51f801600dd4d139bc7a"", ""top1_score"": 0.4384}, ""title_publisher_swapped"": {""prediction_count"": 0, ""top1_id"": """", ""top1_score"": 0.0}}",0b0e76c0a0e75a0957a48337a1ea08ae11276101b8cf51f801600dd4d139bc7a,0.4384,5f537379b969f8a0e07073e1c6be8bee2845840d1211554a60bf761646a76649,0.3008,,,correct_human_match,expected_match,expected_match,gold_positive,fallback_selected,Lucy Calkins: Units of Study (TCRWP),Lucy Calkins: Units of Study,Heinemann,K-8
c0fc3c517b5ab92e2fb7a4c942e910a1e886f5f159ddce4539aaecf81d911996,635130,San Ramon Valley Unified,CA,"6,7,8",Units of Study,,,ELA,Core Curriculum,8,0b0e76c0a0e75a0957a48337a1ea08ae11276101b8cf51f801600dd4d139bc7a,ELA,Core Curriculum,Lucy Calkins: Units of Study (TCRWP),Lucy Calkins: Units of Study,Heinemann,2018,K-8,Lucy Calkins: Units of Study - Lucy Calkins: Units of Study (TCRWP) (Heinemann) - 2018 - (K-8),,,c1cd93aa276ef1fba2eb43d6b3cfdbda9825c9000a50b82c9c5017acf35b2247,c1cd93aa276ef1fba2eb43d6b3cfdbda9825c9000a50b82c9c5017acf35b2247,0b0e76c0a0e75a0957a48337a1ea08ae11276101b8cf51f801600dd4d139bc7a,0,False,False,0.4384,low,True,True,title_plus_publisher,0.0,0.4384,"{""primary"": {""prediction_count"": 0, ""top1_id"": """", ""top1_score"": 0.0}, ""publisher_as_title"": {""prediction_count"": 0, ""top1_id"": """", ""top1_score"": 0.0}, ""title_plus_publisher"": {""prediction_count"": 2, ""top1_id"": ""0b0e76c0a0e75a0957a48337a1ea08ae11276101b8cf51f801600dd4d139bc7a"", ""top1_score"": 0.4384}, ""title_publisher_swapped"": {""prediction_count"": 0, ""top1_id"": """", ""top1_score"": 0.0}}",0b0e76c0a0e75a0957a48337a1ea08ae11276101b8cf51f801600dd4d139bc7a,0.4384,5f537379b969f8a0e07073e1c6be8bee2845840d1211554a60bf761646a76649,0.3008,,,incorrect_human_match,pred_rank_1,pred_rank_1_incorrect,silver_strong_negative,fallback_selected,Study Jams,Study Jams,Scholastic,1-12
c0fc3c517b5ab92e2fb7a4c942e910a1e886f5f159ddce4539aaecf81d911996,635130,San Ramon Valley Unified,CA,"6,7,8",Units of Study,,,ELA,Core Curriculum,8,5f537379b969f8a0e07073e1c6be8bee2845840d1211554a60bf761646a76649,ELA,Core Curriculum,Lucy Calkins: Units of Study (TCRWP),Lucy Calkins: Units of Study,Heinemann,2018,K-8,Lucy Calkins: Units of Study - Lucy Calkins: Units of Study (TCRWP) (Heinemann) - 2018 - (K-8),,,c1cd93aa276ef1fba2eb43d6b3cfdbda9825c9000a50b82c9c5017acf35b2247,c1cd93aa276ef1fba2eb43d6b3cfdbda9825c9000a50b82c9c5017acf35b2247,0b0e76c0a0e75a0957a48337a1ea08ae11276101b8cf51f801600dd4d139bc7a,0,False,False,0.4384,low,True,True,title_plus_publisher,0.0,0.4384,"{""primary"": {""prediction_count"": 0, ""top1_id"": """", ""top1_score"": 0.0}, ""publisher_as_title"": {""prediction_count"": 0, ""top1_id"": """", ""top1_score"": 0.0}, ""title_plus_publisher"": {""prediction_count"": 2, ""top1_id"": ""0b0e76c0a0e75a0957a48337a1ea08ae11276101b8cf51f801600dd4d139bc7a"", ""top1_score"": 0.4384}, ""title_publisher_swapped"": {""prediction_count"": 0, ""top1_id"": """", ""top1_score"": 0.0}}",0b0e76c0a0e75a0957a48337a1ea08ae11276101b8cf51f801600dd4d139bc7a,0.4384,5f537379b969f8a0e07073e1c6be8bee2845840d1211554a60bf761646a76649,0.3008,,,incorrect_human_match,pred_rank_2,pred_rank_2_incorrect,silver_negative,fallback_selected,Study Island,Study Island,Edmentum,K-12
c2ad8a75bdb29ddf86caeb68db451143908fe3fa4b937d2aed44313f6d5a4cbe,600016,Upland Unified School District,CA,"9,10,11,12",StudySync,McGraw Hill,2015.0,ELA,Core Curriculum,12,f39444dba552a2270b86a21762571a11411ef44cc1bc43786153e9ae88864c39,ELA,Core Curriculum,StudySync ELA,StudySync,McGraw Hill Education,2017,6-12,StudySync - StudySync ELA (McGraw Hill Education) - 2017 - (6-12),https://www.upland.k12.ca.us/resources/sarc,,f39444dba552a2270b86a21762571a11411ef44cc1bc43786153e9ae88864c39,f39444dba552a2270b86a21762571a11411ef44cc1bc43786153e9ae88864c39,fc8488d545c694fb31572e380470a971a9c5ada6d312f4a6627955476b0da906,0,False,False,0.6234,medium,True,True,publisher_as_title,0.0,0.6234,"{""primary"": {""prediction_count"": 0, ""top1_id"": """", ""top1_score"": 0.0}, ""publisher_as_title"": {""prediction_count"": 3, ""top1_id"": ""fc8488d545c694fb31572e380470a971a9c5ada6d312f4a6627955476b0da906"", ""top1_score"": 0.6234}, ""title_plus_publisher"": {""prediction_count"": 0, ""top1_id"": """", ""top1_score"": 0.0}, ""title_publisher_swapped"": {""prediction_count"": 3, ""top1_id"": ""fc8488d545c694fb31572e380470a971a9c5ada6d312f4a6627955476b0da906"", ""top1_score"": 0.3984}}",fc8488d545c694fb31572e380470a971a9c5ada6d312f4a6627955476b0da906,0.6234,a2106d01f72fd8cce0576840f4c10b2cdcbd65e61215c670a5a7a2af9217d445,0.6201,db03cfc3ae2d54fe801dcbe5e1bc5a11140b971807a4422830d55897593d3d65,0.6101,correct_human_match,expected_match,expected_match,gold_positive,fallback_selected,StudySync ELA,StudySync,McGraw Hill Education,6-12
c2ad8a75bdb29ddf86caeb68db451143908fe3fa4b937d2aed44313f6d5a4cbe,600016,Upland Unified School District,CA,"9,10,11,12",StudySync,McGraw Hill,2015.0,ELA,Core Curriculum,12,fc8488d545c694fb31572e380470a971a9c5ada6d312f4a6627955476b0da906,ELA,Core Curriculum,StudySync ELA,StudySync,McGraw Hill Education,2017,6-12,StudySync - StudySync ELA (McGraw Hill Education) - 2017 - (6-12),https://www.upland.k12.ca.us/resources/sarc,,f39444dba552a2270b86a21762571a11411ef44cc1bc43786153e9ae88864c39,f39444dba552a2270b86a21762571a11411ef44cc1bc43786153e9ae88864c39,fc8488d545c694fb31572e380470a971a9c5ada6d312f4a6627955476b0da906,0,False,False,0.6234,medium,True,True,publisher_as_title,0.0,0.6234,"{""primary"": {""prediction_count"": 0, ""top1_id"": """", ""top1_score"": 0.0}, ""publisher_as_title"": {""prediction_count"": 3, ""top1_id"": ""fc8488d545c694fb31572e380470a971a9c5ada6d312f4a6627955476b0da906"", ""top1_score"": 0.6234}, ""title_plus_publisher"": {""prediction_count"": 0, ""top1_id"": """", ""top1_score"": 0.0}, ""title_publisher_swapped"": {""prediction_count"": 3, ""top1_id"": ""fc8488d545c694fb31572e380470a971a9c5ada6d312f4a6627955476b0da906"", ""top1_score"": 0.3984}}",fc8488d545c694fb31572e380470a971a9c5ada6d312f4a6627955476b0da906,0.6234,a2106d01f72fd8cce0576840f4c10b2cdcbd65e61215c670a5a7a2af9217d445,0.6201,db03cfc3ae2d54fe801dcbe5e1bc5a11140b971807a4422830d55897593d3d65,0.6101,incorrect_human_match,pred_rank_1,pred_rank_1_incorrect,silver_strong_negative,fallback_selected,McGraw-Hill My Math,McGraw-Hill My Math,McGraw Hill Education,PK-5
c2ad8a75bdb29ddf86caeb68db451143908fe3fa4b937d2aed44313f6d5a4cbe,600016,Upland Unified School District,CA,"9,10,11,12",StudySync,McGraw Hill,2015.0,ELA,Core Curriculum,12,a2106d01f72fd8cce0576840f4c10b2cdcbd65e61215c670a5a7a2af9217d445,ELA,Core Curriculum,StudySync ELA,StudySync,McGraw Hill Education,2017,6-12,StudySync - StudySync ELA (McGraw Hill Education) - 2017 - (6-12),https://www.upland.k12.ca.us/resources/sarc,,f39444dba552a2270b86a21762571a11411ef44cc1bc43786153e9ae88864c39,f39444dba552a2270b86a21762571a11411ef44cc1bc43786153e9ae88864c39,fc8488d545c694fb31572e380470a971a9c5ada6d312f4a6627955476b0da906,0,False,False,0.6234,medium,True,True,publisher_as_title,0.0,0.6234,"{""primary"": {""prediction_count"": 0, ""top1_id"": """", ""top1_score"": 0.0}, ""publisher_as_title"": {""prediction_count"": 3, ""top1_id"": ""fc8488d545c694fb31572e380470a971a9c5ada6d312f4a6627955476b0da906"", ""top1_score"": 0.6234}, ""title_plus_publisher"": {""prediction_count"": 0, ""top1_id"": """", ""top1_score"": 0.0}, ""title_publisher_swapped"": {""prediction_count"": 3, ""top1_id"": ""fc8488d545c694fb31572e380470a971a9c5ada6d312f4a6627955476b0da906"", ""top1_score"": 0.3984}}",fc8488d545c694fb31572e380470a971a9c5ada6d312f4a6627955476b0da906,0.6234,a2106d01f72fd8cce0576840f4c10b2cdcbd65e61215c670a5a7a2af9217d445,0.6201,db03cfc3ae2d54fe801dcbe5e1bc5a11140b971807a4422830d55897593d3d65,0.6101,incorrect_human_match,pred_rank_2,pred_rank_2_incorrect,silver_negative,fallback_selected,McGraw-Hill My Math,McGraw-Hill My Math,McGraw Hill Education,PK-5
c302e56679838574e97f1b8cf9d314744e660c6f0950a1d8009fac25a8780825,622710,Los Angeles Unified,CA,"6,7,8",English 3D/ English 3D for English Learners,Houghton Mifflin Harcourt,,ELA,Core Curriculum,7,ddd8d8466f7056c9cffc3082e4a9bcbfc71cbb65dd8e7aae30f8d1c3890e375b,All,Supplemental,English 3D,English 3D,Houghton Mifflin Harcourt,,4-12,English 3D - English 3D (Houghton Mifflin Harcourt) -  - (4-12),,,ddd8d8466f7056c9cffc3082e4a9bcbfc71cbb65dd8e7aae30f8d1c3890e375b,ddd8d8466f7056c9cffc3082e4a9bcbfc71cbb65dd8e7aae30f8d1c3890e375b,ddd8d8466f7056c9cffc3082e4a9bcbfc71cbb65dd8e7aae30f8d1c3890e375b,1,True,True,0.7725,medium,False,False,primary,0.7725,0.7725,"{""primary"": {""prediction_count"": 3, ""top1_id"": ""ddd8d8466f7056c9cffc3082e4a9bcbfc71cbb65dd8e7aae30f8d1c3890e375b"", ""top1_score"": 0.7725}}",ddd8d8466f7056c9cffc3082e4a9bcbfc71cbb65dd8e7aae30f8d1c3890e375b,0.7725,2498dcb1743cf7134d2e5d6e448f4496dae115f1a406a7d642b7bdae235e768f,0.7255,1ce49003365ff38eb118e230a85ddc4f2e429a84d10ad1c9336190ab74682373,0.3544,correct_human_match,expected_match,expected_match,gold_positive,has_adopted_url,English 3D,English 3D,Houghton Mifflin Harcourt,4-12
c302e56679838574e97f1b8cf9d314744e660c6f0950a1d8009fac25a8780825,622710,Los Angeles Unified,CA,"6,7,8",English 3D/ English 3D for English Learners,Houghton Mifflin Harcourt,,ELA,Core Curriculum,7,2498dcb1743cf7134d2e5d6e448f4496dae115f1a406a7d642b7bdae235e768f,All,Supplemental,English 3D,English 3D,Houghton Mifflin Harcourt,,4-12,English 3D - English 3D (Houghton Mifflin Harcourt) -  - (4-12),,,ddd8d8466f7056c9cffc3082e4a9bcbfc71cbb65dd8e7aae30f8d1c3890e375b,ddd8d8466f7056c9cffc3082e4a9bcbfc71cbb65dd8e7aae30f8d1c3890e375b,ddd8d8466f7056c9cffc3082e4a9bcbfc71cbb65dd8e7aae30f8d1c3890e375b,1,True,True,0.7725,medium,False,False,primary,0.7725,0.7725,"{""primary"": {""prediction_count"": 3, ""top1_id"": ""ddd8d8466f7056c9cffc3082e4a9bcbfc71cbb65dd8e7aae30f8d1c3890e375b"", ""top1_score"": 0.7725}}",ddd8d8466f7056c9cffc3082e4a9bcbfc71cbb65dd8e7aae30f8d1c3890e375b,0.7725,2498dcb1743cf7134d2e5d6e448f4496dae115f1a406a7d642b7bdae235e768f,0.7255,1ce49003365ff38eb118e230a85ddc4f2e429a84d10ad1c9336190ab74682373,0.3544,incorrect_human_match,pred_rank_2,pred_rank_2_incorrect,silver_negative,has_adopted_url,"English 3D, California Edition",English 3D,Houghton Mifflin Harcourt,4-12
c302e56679838574e97f1b8cf9d314744e660c6f0950a1d8009fac25a8780825,622710,Los Angeles Unified,CA,"6,7,8",English 3D/ English 3D for English Learners,Houghton Mifflin Harcourt,,ELA,Core Curriculum,7,1ce49003365ff38eb118e230a85ddc4f2e429a84d10ad1c9336190ab74682373,All,Supplemental,English 3D,English 3D,Houghton Mifflin Harcourt,,4-12,English 3D - English 3D (Houghton Mifflin Harcourt) -  - (4-12),,,ddd8d8466f7056c9cffc3082e4a9bcbfc71cbb65dd8e7aae30f8d1c3890e375b,ddd8d8466f7056c9cffc3082e4a9bcbfc71cbb65dd8e7aae30f8d1c3890e375b,ddd8d8466f7056c9cffc3082e4a9bcbfc71cbb65dd8e7aae30f8d1c3890e375b,1,True,True,0.7725,medium,False,False,primary,0.7725,0.7725,"{""primary"": {""prediction_count"": 3, ""top1_id"": ""ddd8d8466f7056c9cffc3082e4a9bcbfc71cbb65dd8e7aae30f8d1c3890e375b"", ""top1_score"": 0.7725}}",ddd8d8466f7056c9cffc3082e4a9bcbfc71cbb65dd8e7aae30f8d1c3890e375b,0.7725,2498dcb1743cf7134d2e5d6e448f4496dae115f1a406a7d642b7bdae235e768f,0.7255,1ce49003365ff38eb118e230a85ddc4f2e429a84d10ad1c9336190ab74682373,0.3544,incorrect_human_match,pred_rank_3,pred_rank_3_incorrect,silver_negative,has_adopted_url,Shurley English,Shurley English,Shurley Instructional Materials,K-8
ca31fca7dbdd20b98222532cb4451af8472b3735844b6f0f820ecc50b02e4444,625800,Moreno Valley Unified,CA,"K,1,2,3,4,5",Read 180,,,ELA,Supplemental,1,5895064eb747df3b238600e72d418a2eed6395219bbde59421e99fa54109ee7a,ELA,Supplemental,Read 180,Read 180,Houghton Mifflin Harcourt,2023,4-12,Read 180 - Read 180 (Houghton Mifflin Harcourt) - 2023 - (4-12),,,5895064eb747df3b238600e72d418a2eed6395219bbde59421e99fa54109ee7a,5895064eb747df3b238600e72d418a2eed6395219bbde59421e99fa54109ee7a,5895064eb747df3b238600e72d418a2eed6395219bbde59421e99fa54109ee7a,1,True,True,0.4418,low,True,False,primary,0.4418,0.4418,"{""primary"": {""prediction_count"": 2, ""top1_id"": ""5895064eb747df3b238600e72d418a2eed6395219bbde59421e99fa54109ee7a"", ""top1_score"": 0.4418}, ""publisher_as_title"": {""prediction_count"": 0, ""top1_id"": """", ""top1_score"": 0.0}, ""title_plus_publisher"": {""prediction_count"": 3, ""top1_id"": ""464c448834290df2b1bf12904bf2facff6b72e621495f94c2b4f66d7905fd98e"", ""top1_score"": 0.4025}, ""title_publisher_swapped"": {""prediction_count"": 0, ""top1_id"": """", ""top1_score"": 0.0}}",5895064eb747df3b238600e72d418a2eed6395219bbde59421e99fa54109ee7a,0.4418,e42ff45342e0b96283255ddee6d5b40818e624e1de2c594355471f32e6cc7f6e,0.4043,,,correct_human_match,expected_match,expected_match,gold_positive,has_adopted_url,Read 180,Read 180,Houghton Mifflin Harcourt,4-12
ca31fca7dbdd20b98222532cb4451af8472b3735844b6f0f820ecc50b02e4444,625800,Moreno Valley Unified,CA,"K,1,2,3,4,5",Read 180,,,ELA,Supplemental,1,e42ff45342e0b96283255ddee6d5b40818e624e1de2c594355471f32e6cc7f6e,ELA,Supplemental,Read 180,Read 180,Houghton Mifflin Harcourt,2023,4-12,Read 180 - Read 180 (Houghton Mifflin Harcourt) - 2023 - (4-12),,,5895064eb747df3b238600e72d418a2eed6395219bbde59421e99fa54109ee7a,5895064eb747df3b238600e72d418a2eed6395219bbde59421e99fa54109ee7a,5895064eb747df3b238600e72d418a2eed6395219bbde59421e99fa54109ee7a,1,True,True,0.4418,low,True,False,primary,0.4418,0.4418,"{""primary"": {""prediction_count"": 2, ""top1_id"": ""5895064eb747df3b238600e72d418a2eed6395219bbde59421e99fa54109ee7a"", ""top1_score"": 0.4418}, ""publisher_as_title"": {""prediction_count"": 0, ""top1_id"": """", ""top1_score"": 0.0}, ""title_plus_publisher"": {""prediction_count"": 3, ""top1_id"": ""464c448834290df2b1bf12904bf2facff6b72e621495f94c2b4f66d7905fd98e"", ""top1_score"": 0.4025}, ""title_publisher_swapped"": {""prediction_count"": 0, ""top1_id"": """", ""top1_score"": 0.0}}",5895064eb747df3b238600e72d418a2eed6395219bbde59421e99fa54109ee7a,0.4418,e42ff45342e0b96283255ddee6d5b40818e624e1de2c594355471f32e6cc7f6e,0.4043,,,incorrect_human_match,pred_rank_2,pred_rank_2_incorrect,silver_negative,has_adopted_url,"Read 180, California Edition",Read 180,Houghton Mifflin Harcourt,3-12
cf1fa14bf4aca65a31f25bb76f33b90763ed111565cb698b77ebb7a5dbe1e180,622710,Los Angeles Unified,CA,"9,10,11,12",Lexia Learning online literacy program,,,ELA,Core Curriculum,11,5fb10758249670e6952d5f6ce2be127c3d9e0ce34c4fa86b96769758cbf60b33,ELA,Supplemental,Lexia PowerUp Literacy,Lexia,Cambium Learning Group,,6-12,Lexia - Lexia PowerUp Literacy (Cambium Learning Group) -  - (6-12),,,5fb10758249670e6952d5f6ce2be127c3d9e0ce34c4fa86b96769758cbf60b33,5fb10758249670e6952d5f6ce2be127c3d9e0ce34c4fa86b96769758cbf60b33,5fb10758249670e6952d5f6ce2be127c3d9e0ce34c4fa86b96769758cbf60b33,1,True,True,0.5554,medium,True,True,title_plus_publisher,0.0,0.5554,"{""primary"": {""prediction_count"": 0, ""top1_id"": """", ""top1_score"": 0.0}, ""publisher_as_title"": {""prediction_count"": 0, ""top1_id"": """", ""top1_score"": 0.0}, ""title_plus_publisher"": {""prediction_count"": 3, ""top1_id"": ""5fb10758249670e6952d5f6ce2be127c3d9e0ce34c4fa86b96769758cbf60b33"", ""top1_score"": 0.5554}, ""title_publisher_swapped"": {""prediction_count"": 0, ""top1_id"": """", ""top1_score"": 0.0}}",5fb10758249670e6952d5f6ce2be127c3d9e0ce34c4fa86b96769758cbf60b33,0.5554,16f101358a26f8f9d4c17b933ac94de8fab448dd047d4506696f75318104946e,0.4023,1ecd5f28439bc395e4a9fd7f2afc923ebf4d1d937668e33c8639f85f497c16ca,0.377,correct_human_match,expected_match,expected_match,gold_positive,fallback_selected,Lexia PowerUp Literacy,Lexia,Cambium Learning Group,6-12
cf1fa14bf4aca65a31f25bb76f33b90763ed111565cb698b77ebb7a5dbe1e180,622710,Los Angeles Unified,CA,"9,10,11,12",Lexia Learning online literacy program,,,ELA,Core Curriculum,11,16f101358a26f8f9d4c17b933ac94de8fab448dd047d4506696f75318104946e,ELA,Supplemental,Lexia PowerUp Literacy,Lexia,Cambium Learning Group,,6-12,Lexia - Lexia PowerUp Literacy (Cambium Learning Group) -  - (6-12),,,5fb10758249670e6952d5f6ce2be127c3d9e0ce34c4fa86b96769758cbf60b33,5fb10758249670e6952d5f6ce2be127c3d9e0ce34c4fa86b96769758cbf60b33,5fb10758249670e6952d5f6ce2be127c3d9e0ce34c4fa86b96769758cbf60b33,1,True,True,0.5554,medium,True,True,title_plus_publisher,0.0,0.5554,"{""primary"": {""prediction_count"": 0, ""top1_id"": """", ""top1_score"": 0.0}, ""publisher_as_title"": {""prediction_count"": 0, ""top1_id"": """", ""top1_score"": 0.0}, ""title_plus_publisher"": {""prediction_count"": 3, ""top1_id"": ""5fb10758249670e6952d5f6ce2be127c3d9e0ce34c4fa86b96769758cbf60b33"", ""top1_score"": 0.5554}, ""title_publisher_swapped"": {""prediction_count"": 0, ""top1_id"": """", ""top1_score"": 0.0}}",5fb10758249670e6952d5f6ce2be127c3d9e0ce34c4fa86b96769758cbf60b33,0.5554,16f101358a26f8f9d4c17b933ac94de8fab448dd047d4506696f75318104946e,0.4023,1ecd5f28439bc395e4a9fd7f2afc923ebf4d1d937668e33c8639f85f497c16ca,0.377,incorrect_human_match,pred_rank_2,pred_rank_2_incorrect,silver_negative,fallback_selected,Enchanted Learning,Enchanted Learning,Enchanted Learning,K-12
cf1fa14bf4aca65a31f25bb76f33b90763ed111565cb698b77ebb7a5dbe1e180,622710,Los Angeles Unified,CA,"9,10,11,12",Lexia Learning online literacy program,,,ELA,Core Curriculum,11,1ecd5f28439bc395e4a9fd7f2afc923ebf4d1d937668e33c8639f85f497c16ca,ELA,Supplemental,Lexia PowerUp Literacy,Lexia,Cambium Learning Group,,6-12,Lexia - Lexia PowerUp Literacy (Cambium Learning Group) -  - (6-12),,,5fb10758249670e6952d5f6ce2be127c3d9e0ce34c4fa86b96769758cbf60b33,5fb10758249670e6952d5f6ce2be127c3d9e0ce34c4fa86b96769758cbf60b33,5fb10758249670e6952d5f6ce2be127c3d9e0ce34c4fa86b96769758cbf60b33,1,True,True,0.5554,medium,True,True,title_plus_publisher,0.0,0.5554,"{""primary"": {""prediction_count"": 0, ""top1_id"": """", ""top1_score"": 0.0}, ""publisher_as_title"": {""prediction_count"": 0, ""top1_id"": """", ""top1_score"": 0.0}, ""title_plus_publisher"": {""prediction_count"": 3, ""top1_id"": ""5fb10758249670e6952d5f6ce2be127c3d9e0ce34c4fa86b96769758cbf60b33"", ""top1_score"": 0.5554}, ""title_publisher_swapped"": {""prediction_count"": 0, ""top1_id"": """", ""top1_score"": 0.0}}",5fb10758249670e6952d5f6ce2be127c3d9e0ce34c4fa86b96769758cbf60b33,0.5554,16f101358a26f8f9d4c17b933ac94de8fab448dd047d4506696f75318104946e,0.4023,1ecd5f28439bc395e4a9fd7f2afc923ebf4d1d937668e33c8639f85f497c16ca,0.377,incorrect_human_match,pred_rank_3,pred_rank_3_incorrect,silver_negative,fallback_selected,Literacy Pro,Literacy Pro,Scholastic,K-8
cf61043341780a01e81c97df279f545211fadf98362328934f8583b819521ef6,633860,Saddleback Valley Unified,CA,"9,10,11,12",Read 180,,,ELA,Supplemental,10,5895064eb747df3b238600e72d418a2eed6395219bbde59421e99fa54109ee7a,ELA,Supplemental,Read 180,Read 180,Houghton Mifflin Harcourt,2023,4-12,Read 180 - Read 180 (Houghton Mifflin Harcourt) - 2023 - (4-12),,,5895064eb747df3b238600e72d418a2eed6395219bbde59421e99fa54109ee7a,5895064eb747df3b238600e72d418a2eed6395219bbde59421e99fa54109ee7a,5895064eb747df3b238600e72d418a2eed6395219bbde59421e99fa54109ee7a,1,True,True,0.5918,medium,False,False,primary,0.5918,0.5918,"{""primary"": {""prediction_count"": 2, ""top1_id"": ""5895064eb747df3b238600e72d418a2eed6395219bbde59421e99fa54109ee7a"", ""top1_score"": 0.5918}}",5895064eb747df3b238600e72d418a2eed6395219bbde59421e99fa54109ee7a,0.5918,e42ff45342e0b96283255ddee6d5b40818e624e1de2c594355471f32e6cc7f6e,0.4943,,,correct_human_match,expected_match,expected_match,gold_positive,has_adopted_url,Read 180,Read 180,Houghton Mifflin Harcourt,4-12
cf61043341780a01e81c97df279f545211fadf98362328934f8583b819521ef6,633860,Saddleback Valley Unified,CA,"9,10,11,12",Read 180,,,ELA,Supplemental,10,e42ff45342e0b96283255ddee6d5b40818e624e1de2c594355471f32e6cc7f6e,ELA,Supplemental,Read 180,Read 180,Houghton Mifflin Harcourt,2023,4-12,Read 180 - Read 180 (Houghton Mifflin Harcourt) - 2023 - (4-12),,,5895064eb747df3b238600e72d418a2eed6395219bbde59421e99fa54109ee7a,5895064eb747df3b238600e72d418a2eed6395219bbde59421e99fa54109ee7a,5895064eb747df3b238600e72d418a2eed6395219bbde59421e99fa54109ee7a,1,True,True,0.5918,medium,False,False,primary,0.5918,0.5918,"{""primary"": {""prediction_count"": 2, ""top1_id"": ""5895064eb747df3b238600e72d418a2eed6395219bbde59421e99fa54109ee7a"", ""top1_score"": 0.5918}}",5895064eb747df3b238600e72d418a2eed6395219bbde59421e99fa54109ee7a,0.5918,e42ff45342e0b96283255ddee6d5b40818e624e1de2c594355471f32e6cc7f6e,0.4943,,,incorrect_human_match,pred_rank_2,pred_rank_2_incorrect,silver_negative,has_adopted_url,"Read 180, California Edition",Read 180,Houghton Mifflin Harcourt,3-12
d28f645a866991dcde04efc2a74c260fe595508f308e85effd55d25d91a9e630,618730,Jamul-Dulzura Union Elementary,CA,"K,1,2,3,4,5",Accelerate Education,,,ELA,Core Curriculum,2,9d486d8cbb2b831595a72ab2851d14ca386788f9d0be7ece639f716c2510840e,ELA,Core Curriculum,Accelerate Online: ELA,Accelerate Online Courses,Accelerate Education,2022,K-12,Accelerate Online Courses - Accelerate Online: ELA (Accelerate Education) - 2022 - (K-12),https://drive.google.com/drive/folders/1qUZZlby1Q8wq842tYnXif9m_hNmDLKgn,,9d486d8cbb2b831595a72ab2851d14ca386788f9d0be7ece639f716c2510840e,9d486d8cbb2b831595a72ab2851d14ca386788f9d0be7ece639f716c2510840e,ac87fb5528ed0ae58c9331d8ec2e3978ecd622c9e58f9e4f8b020c86a75b2142,0,False,False,0.3728,low,True,True,title_plus_publisher,0.0,0.3728,"{""primary"": {""prediction_count"": 0, ""top1_id"": """", ""top1_score"": 0.0}, ""publisher_as_title"": {""prediction_count"": 0, ""top1_id"": """", ""top1_score"": 0.0}, ""title_plus_publisher"": {""prediction_count"": 3, ""top1_id"": ""ac87fb5528ed0ae58c9331d8ec2e3978ecd622c9e58f9e4f8b020c86a75b2142"", ""top1_score"": 0.3728}, ""title_publisher_swapped"": {""prediction_count"": 0, ""top1_id"": """", ""top1_score"": 0.0}}",ac87fb5528ed0ae58c9331d8ec2e3978ecd622c9e58f9e4f8b020c86a75b2142,0.3728,b1b4f12d9a773599c454363748523f35f201e0492ff19ef717a2e03f02727e51,0.2962,1d2420c6594ac4d6dca0a2ca68d3c514e839386af9b9904a0bbce84f829c7e5c,0.2391,correct_human_match,expected_match,expected_match,gold_positive,fallback_selected,Accelerate Online: ELA,Accelerate Online Courses,Accelerate Education,K-12
d28f645a866991dcde04efc2a74c260fe595508f308e85effd55d25d91a9e630,618730,Jamul-Dulzura Union Elementary,CA,"K,1,2,3,4,5",Accelerate Education,,,ELA,Core Curriculum,2,ac87fb5528ed0ae58c9331d8ec2e3978ecd622c9e58f9e4f8b020c86a75b2142,ELA,Core Curriculum,Accelerate Online: ELA,Accelerate Online Courses,Accelerate Education,2022,K-12,Accelerate Online Courses - Accelerate Online: ELA (Accelerate Education) - 2022 - (K-12),https://drive.google.com/drive/folders/1qUZZlby1Q8wq842tYnXif9m_hNmDLKgn,,9d486d8cbb2b831595a72ab2851d14ca386788f9d0be7ece639f716c2510840e,9d486d8cbb2b831595a72ab2851d14ca386788f9d0be7ece639f716c2510840e,ac87fb5528ed0ae58c9331d8ec2e3978ecd622c9e58f9e4f8b020c86a75b2142,0,False,False,0.3728,low,True,True,title_plus_publisher,0.0,0.3728,"{""primary"": {""prediction_count"": 0, ""top1_id"": """", ""top1_score"": 0.0}, ""publisher_as_title"": {""prediction_count"": 0, ""top1_id"": """", ""top1_score"": 0.0}, ""title_plus_publisher"": {""prediction_count"": 3, ""top1_id"": ""ac87fb5528ed0ae58c9331d8ec2e3978ecd622c9e58f9e4f8b020c86a75b2142"", ""top1_score"": 0.3728}, ""title_publisher_swapped"": {""prediction_count"": 0, ""top1_id"": """", ""top1_score"": 0.0}}",ac87fb5528ed0ae58c9331d8ec2e3978ecd622c9e58f9e4f8b020c86a75b2142,0.3728,b1b4f12d9a773599c454363748523f35f201e0492ff19ef717a2e03f02727e51,0.2962,1d2420c6594ac4d6dca0a2ca68d3c514e839386af9b9904a0bbce84f829c7e5c,0.2391,incorrect_human_match,pred_rank_1,pred_rank_1_incorrect,silver_strong_negative,fallback_selected,Education.com,Education.com,Education.com,K-8
d28f645a866991dcde04efc2a74c260fe595508f308e85effd55d25d91a9e630,618730,Jamul-Dulzura Union Elementary,CA,"K,1,2,3,4,5",Accelerate Education,,,ELA,Core Curriculum,2,b1b4f12d9a773599c454363748523f35f201e0492ff19ef717a2e03f02727e51,ELA,Core Curriculum,Accelerate Online: ELA,Accelerate Online Courses,Accelerate Education,2022,K-12,Accelerate Online Courses - Accelerate Online: ELA (Accelerate Education) - 2022 - (K-12),https://drive.google.com/drive/folders/1qUZZlby1Q8wq842tYnXif9m_hNmDLKgn,,9d486d8cbb2b831595a72ab2851d14ca386788f9d0be7ece639f716c2510840e,9d486d8cbb2b831595a72ab2851d14ca386788f9d0be7ece639f716c2510840e,ac87fb5528ed0ae58c9331d8ec2e3978ecd622c9e58f9e4f8b020c86a75b2142,0,False,False,0.3728,low,True,True,title_plus_publisher,0.0,0.3728,"{""primary"": {""prediction_count"": 0, ""top1_id"": """", ""top1_score"": 0.0}, ""publisher_as_title"": {""prediction_count"": 0, ""top1_id"": """", ""top1_score"": 0.0}, ""title_plus_publisher"": {""prediction_count"": 3, ""top1_id"": ""ac87fb5528ed0ae58c9331d8ec2e3978ecd622c9e58f9e4f8b020c86a75b2142"", ""top1_score"": 0.3728}, ""title_publisher_swapped"": {""prediction_count"": 0, ""top1_id"": """", ""top1_score"": 0.0}}",ac87fb5528ed0ae58c9331d8ec2e3978ecd622c9e58f9e4f8b020c86a75b2142,0.3728,b1b4f12d9a773599c454363748523f35f201e0492ff19ef717a2e03f02727e51,0.2962,1d2420c6594ac4d6dca0a2ca68d3c514e839386af9b9904a0bbce84f829c7e5c,0.2391,incorrect_human_match,pred_rank_2,pred_rank_2_incorrect,silver_negative,fallback_selected,Kurzweil 3000,Kurzweil Education,Kurzweil Education (Cambium),K-12
dc17b041b8fde7ec55a0035b9648d0c1ecbb3918814cf942c7e6975cc968ca59,619700,Kings Canyon Joint Unified,CA,"9,10,11,12",EngageNY,,,ELA,Core Curriculum,9,8db70b88b5a6b20912256288b0cdcbd47734f827b44c6b31f89a17be9500e307,ELA,Core Curriculum,EngageNY English Language Arts,EngageNY,New York State Education Department,2011-2019,PK-8,EngageNY - EngageNY English Language Arts (New York State Education Department) - 2011-2019 - (PK-8),,,8db70b88b5a6b20912256288b0cdcbd47734f827b44c6b31f89a17be9500e307,8db70b88b5a6b20912256288b0cdcbd47734f827b44c6b31f89a17be9500e307,d4b4b25e951dd472c1b6aae02bab6ad67d68e22b6f4b26dfac6a551593f9f18d,3,False,True,0.5246,medium,True,False,primary,0.5246,0.5246,"{""primary"": {""prediction_count"": 3, ""top1_id"": ""d4b4b25e951dd472c1b6aae02bab6ad67d68e22b6f4b26dfac6a551593f9f18d"", ""top1_score"": 0.5246}, ""publisher_as_title"": {""prediction_count"": 0, ""top1_id"": """", ""top1_score"": 0.0}, ""title_plus_publisher"": {""prediction_count"": 2, ""top1_id"": ""d4b4b25e951dd472c1b6aae02bab6ad67d68e22b6f4b26dfac6a551593f9f18d"", ""top1_score"": 0.4527}, ""title_publisher_swapped"": {""prediction_count"": 0, ""top1_id"": """", ""top1_score"": 0.0}}",d4b4b25e951dd472c1b6aae02bab6ad67d68e22b6f4b26dfac6a551593f9f18d,0.5246,b1157740b1583d72719bcbfe75f105821d510f4ba9ba40ca5b06d309e1d4f048,0.4699,8db70b88b5a6b20912256288b0cdcbd47734f827b44c6b31f89a17be9500e307,0.4474,correct_human_match,expected_match,expected_match,gold_positive,has_adopted_url,EngageNY English Language Arts,EngageNY,New York State Education Department,PK-8
dc17b041b8fde7ec55a0035b9648d0c1ecbb3918814cf942c7e6975cc968ca59,619700,Kings Canyon Joint Unified,CA,"9,10,11,12",EngageNY,,,ELA,Core Curriculum,9,d4b4b25e951dd472c1b6aae02bab6ad67d68e22b6f4b26dfac6a551593f9f18d,ELA,Core Curriculum,EngageNY English Language Arts,EngageNY,New York State Education Department,2011-2019,PK-8,EngageNY - EngageNY English Language Arts (New York State Education Department) - 2011-2019 - (PK-8),,,8db70b88b5a6b20912256288b0cdcbd47734f827b44c6b31f89a17be9500e307,8db70b88b5a6b20912256288b0cdcbd47734f827b44c6b31f89a17be9500e307,d4b4b25e951dd472c1b6aae02bab6ad67d68e22b6f4b26dfac6a551593f9f18d,3,False,True,0.5246,medium,True,False,primary,0.5246,0.5246,"{""primary"": {""prediction_count"": 3, ""top1_id"": ""d4b4b25e951dd472c1b6aae02bab6ad67d68e22b6f4b26dfac6a551593f9f18d"", ""top1_score"": 0.5246}, ""publisher_as_title"": {""prediction_count"": 0, ""top1_id"": """", ""top1_score"": 0.0}, ""title_plus_publisher"": {""prediction_count"": 2, ""top1_id"": ""d4b4b25e951dd472c1b6aae02bab6ad67d68e22b6f4b26dfac6a551593f9f18d"", ""top1_score"": 0.4527}, ""title_publisher_swapped"": {""prediction_count"": 0, ""top1_id"": """", ""top1_score"": 0.0}}",d4b4b25e951dd472c1b6aae02bab6ad67d68e22b6f4b26dfac6a551593f9f18d,0.5246,b1157740b1583d72719bcbfe75f105821d510f4ba9ba40ca5b06d309e1d4f048,0.4699,8db70b88b5a6b20912256288b0cdcbd47734f827b44c6b31f89a17be9500e307,0.4474,incorrect_human_match,pred_rank_1,pred_rank_1_incorrect,silver_strong_negative,has_adopted_url,EngageNY: A|G|A,EngageNY,New York State Education Department,9-12
dc17b041b8fde7ec55a0035b9648d0c1ecbb3918814cf942c7e6975cc968ca59,619700,Kings Canyon Joint Unified,CA,"9,10,11,12",EngageNY,,,ELA,Core Curriculum,9,b1157740b1583d72719bcbfe75f105821d510f4ba9ba40ca5b06d309e1d4f048,ELA,Core Curriculum,EngageNY English Language Arts,EngageNY,New York State Education Department,2011-2019,PK-8,EngageNY - EngageNY English Language Arts (New York State Education Department) - 2011-2019 - (PK-8),,,8db70b88b5a6b20912256288b0cdcbd47734f827b44c6b31f89a17be9500e307,8db70b88b5a6b20912256288b0cdcbd47734f827b44c6b31f89a17be9500e307,d4b4b25e951dd472c1b6aae02bab6ad67d68e22b6f4b26dfac6a551593f9f18d,3,False,True,0.5246,medium,True,False,primary,0.5246,0.5246,"{""primary"": {""prediction_count"": 3, ""top1_id"": ""d4b4b25e951dd472c1b6aae02bab6ad67d68e22b6f4b26dfac6a551593f9f18d"", ""top1_score"": 0.5246}, ""publisher_as_title"": {""prediction_count"": 0, ""top1_id"": """", ""top1_score"": 0.0}, ""title_plus_publisher"": {""prediction_count"": 2, ""top1_id"": ""d4b4b25e951dd472c1b6aae02bab6ad67d68e22b6f4b26dfac6a551593f9f18d"", ""top1_score"": 0.4527}, ""title_publisher_swapped"": {""prediction_count"": 0, ""top1_id"": """", ""top1_score"": 0.0}}",d4b4b25e951dd472c1b6aae02bab6ad67d68e22b6f4b26dfac6a551593f9f18d,0.5246,b1157740b1583d72719bcbfe75f105821d510f4ba9ba40ca5b06d309e1d4f048,0.4699,8db70b88b5a6b20912256288b0cdcbd47734f827b44c6b31f89a17be9500e307,0.4474,incorrect_human_match,pred_rank_2,pred_rank_2_incorrect,silver_negative,has_adopted_url,Engage,Engage,Vista Higher Learning,9-12
de52c6284c99965baed96593eca8b2b5ba1241ca95e5381e2287cfdbd91a3083,625800,Moreno Valley Unified,CA,"9,10,11,12",Read 180,,,ELA,Supplemental,11,5895064eb747df3b238600e72d418a2eed6395219bbde59421e99fa54109ee7a,ELA,Supplemental,Read 180,Read 180,Houghton Mifflin Harcourt,2023,4-12,Read 180 - Read 180 (Houghton Mifflin Harcourt) - 2023 - (4-12),,,5895064eb747df3b238600e72d418a2eed6395219bbde59421e99fa54109ee7a,5895064eb747df3b238600e72d418a2eed6395219bbde59421e99fa54109ee7a,5895064eb747df3b238600e72d418a2eed6395219bbde59421e99fa54109ee7a,1,True,True,0.5918,medium,False,False,primary,0.5918,0.5918,"{""primary"": {""prediction_count"": 2, ""top1_id"": ""5895064eb747df3b238600e72d418a2eed6395219bbde59421e99fa54109ee7a"", ""top1_score"": 0.5918}}",5895064eb747df3b238600e72d418a2eed6395219bbde59421e99fa54109ee7a,0.5918,e42ff45342e0b96283255ddee6d5b40818e624e1de2c594355471f32e6cc7f6e,0.4943,,,correct_human_match,expected_match,expected_match,gold_positive,has_adopted_url,Read 180,Read 180,Houghton Mifflin Harcourt,4-12
de52c6284c99965baed96593eca8b2b5ba1241ca95e5381e2287cfdbd91a3083,625800,Moreno Valley Unified,CA,"9,10,11,12",Read 180,,,ELA,Supplemental,11,e42ff45342e0b96283255ddee6d5b40818e624e1de2c594355471f32e6cc7f6e,ELA,Supplemental,Read 180,Read 180,Houghton Mifflin Harcourt,2023,4-12,Read 180 - Read 180 (Houghton Mifflin Harcourt) - 2023 - (4-12),,,5895064eb747df3b238600e72d418a2eed6395219bbde59421e99fa54109ee7a,5895064eb747df3b238600e72d418a2eed6395219bbde59421e99fa54109ee7a,5895064eb747df3b238600e72d418a2eed6395219bbde59421e99fa54109ee7a,1,True,True,0.5918,medium,False,False,primary,0.5918,0.5918,"{""primary"": {""prediction_count"": 2, ""top1_id"": ""5895064eb747df3b238600e72d418a2eed6395219bbde59421e99fa54109ee7a"", ""top1_score"": 0.5918}}",5895064eb747df3b238600e72d418a2eed6395219bbde59421e99fa54109ee7a,0.5918,e42ff45342e0b96283255ddee6d5b40818e624e1de2c594355471f32e6cc7f6e,0.4943,,,incorrect_human_match,pred_rank_2,pred_rank_2_incorrect,silver_negative,has_adopted_url,"Read 180, California Edition",Read 180,Houghton Mifflin Harcourt,3-12
eeb22532294cab6b368292e9340ec55f2d7c82a8fedd1db875a2ac9398051ac9,600039,Delhi Unified,CA,"9,10,11,12",StudySync,McGraw Hill,2020.0,ELA,Core Curriculum,11,64a18e07f5bb7d14e0319fd872093963e98138f92c86f706882aaee51fe15029,ELA,Core Curriculum,StudySync ELA,StudySync,McGraw Hill Education,2021,6-12,StudySync - StudySync ELA (McGraw Hill Education) - 2021 - (6-12),https://core-docs.s3.us-east-1.amazonaws.com/documents/asset/uploaded_file/790/Delhi_USD/3947058/2023_School_Accountability_Report_Card_Delhi_High_School_20240126.pdf,,64a18e07f5bb7d14e0319fd872093963e98138f92c86f706882aaee51fe15029,64a18e07f5bb7d14e0319fd872093963e98138f92c86f706882aaee51fe15029,fc8488d545c694fb31572e380470a971a9c5ada6d312f4a6627955476b0da906,0,False,False,0.6234,medium,True,True,publisher_as_title,0.0,0.6234,"{""primary"": {""prediction_count"": 0, ""top1_id"": """", ""top1_score"": 0.0}, ""publisher_as_title"": {""prediction_count"": 3, ""top1_id"": ""fc8488d545c694fb31572e380470a971a9c5ada6d312f4a6627955476b0da906"", ""top1_score"": 0.6234}, ""title_plus_publisher"": {""prediction_count"": 0, ""top1_id"": """", ""top1_score"": 0.0}, ""title_publisher_swapped"": {""prediction_count"": 3, ""top1_id"": ""fc8488d545c694fb31572e380470a971a9c5ada6d312f4a6627955476b0da906"", ""top1_score"": 0.3984}}",fc8488d545c694fb31572e380470a971a9c5ada6d312f4a6627955476b0da906,0.6234,a2106d01f72fd8cce0576840f4c10b2cdcbd65e61215c670a5a7a2af9217d445,0.6201,db03cfc3ae2d54fe801dcbe5e1bc5a11140b971807a4422830d55897593d3d65,0.6101,correct_human_match,expected_match,expected_match,gold_positive,fallback_selected,StudySync ELA,StudySync,McGraw Hill Education,6-12
eeb22532294cab6b368292e9340ec55f2d7c82a8fedd1db875a2ac9398051ac9,600039,Delhi Unified,CA,"9,10,11,12",StudySync,McGraw Hill,2020.0,ELA,Core Curriculum,11,fc8488d545c694fb31572e380470a971a9c5ada6d312f4a6627955476b0da906,ELA,Core Curriculum,StudySync ELA,StudySync,McGraw Hill Education,2021,6-12,StudySync - StudySync ELA (McGraw Hill Education) - 2021 - (6-12),https://core-docs.s3.us-east-1.amazonaws.com/documents/asset/uploaded_file/790/Delhi_USD/3947058/2023_School_Accountability_Report_Card_Delhi_High_School_20240126.pdf,,64a18e07f5bb7d14e0319fd872093963e98138f92c86f706882aaee51fe15029,64a18e07f5bb7d14e0319fd872093963e98138f92c86f706882aaee51fe15029,fc8488d545c694fb31572e380470a971a9c5ada6d312f4a6627955476b0da906,0,False,False,0.6234,medium,True,True,publisher_as_title,0.0,0.6234,"{""primary"": {""prediction_count"": 0, ""top1_id"": """", ""top1_score"": 0.0}, ""publisher_as_title"": {""prediction_count"": 3, ""top1_id"": ""fc8488d545c694fb31572e380470a971a9c5ada6d312f4a6627955476b0da906"", ""top1_score"": 0.6234}, ""title_plus_publisher"": {""prediction_count"": 0, ""top1_id"": """", ""top1_score"": 0.0}, ""title_publisher_swapped"": {""prediction_count"": 3, ""top1_id"": ""fc8488d545c694fb31572e380470a971a9c5ada6d312f4a6627955476b0da906"", ""top1_score"": 0.3984}}",fc8488d545c694fb31572e380470a971a9c5ada6d312f4a6627955476b0da906,0.6234,a2106d01f72fd8cce0576840f4c10b2cdcbd65e61215c670a5a7a2af9217d445,0.6201,db03cfc3ae2d54fe801dcbe5e1bc5a11140b971807a4422830d55897593d3d65,0.6101,incorrect_human_match,pred_rank_1,pred_rank_1_incorrect,silver_strong_negative,fallback_selected,McGraw-Hill My Math,McGraw-Hill My Math,McGraw Hill Education,PK-5
eeb22532294cab6b368292e9340ec55f2d7c82a8fedd1db875a2ac9398051ac9,600039,Delhi Unified,CA,"9,10,11,12",StudySync,McGraw Hill,2020.0,ELA,Core Curriculum,11,a2106d01f72fd8cce0576840f4c10b2cdcbd65e61215c670a5a7a2af9217d445,ELA,Core Curriculum,StudySync ELA,StudySync,McGraw Hill Education,2021,6-12,StudySync - StudySync ELA (McGraw Hill Education) - 2021 - (6-12),https://core-docs.s3.us-east-1.amazonaws.com/documents/asset/uploaded_file/790/Delhi_USD/3947058/2023_School_Accountability_Report_Card_Delhi_High_School_20240126.pdf,,64a18e07f5bb7d14e0319fd872093963e98138f92c86f706882aaee51fe15029,64a18e07f5bb7d14e0319fd872093963e98138f92c86f706882aaee51fe15029,fc8488d545c694fb31572e380470a971a9c5ada6d312f4a6627955476b0da906,0,False,False,0.6234,medium,True,True,publisher_as_title,0.0,0.6234,"{""primary"": {""prediction_count"": 0, ""top1_id"": """", ""top1_score"": 0.0}, ""publisher_as_title"": {""prediction_count"": 3, ""top1_id"": ""fc8488d545c694fb31572e380470a971a9c5ada6d312f4a6627955476b0da906"", ""top1_score"": 0.6234}, ""title_plus_publisher"": {""prediction_count"": 0, ""top1_id"": """", ""top1_score"": 0.0}, ""title_publisher_swapped"": {""prediction_count"": 3, ""top1_id"": ""fc8488d545c694fb31572e380470a971a9c5ada6d312f4a6627955476b0da906"", ""top1_score"": 0.3984}}",fc8488d545c694fb31572e380470a971a9c5ada6d312f4a6627955476b0da906,0.6234,a2106d01f72fd8cce0576840f4c10b2cdcbd65e61215c670a5a7a2af9217d445,0.6201,db03cfc3ae2d54fe801dcbe5e1bc5a11140b971807a4422830d55897593d3d65,0.6101,incorrect_human_match,pred_rank_2,pred_rank_2_incorrect,silver_negative,fallback_selected,McGraw-Hill My Math,McGraw-Hill My Math,McGraw Hill Education,PK-5
f11ce6e1f68f68cf690b4df2b21f289917833e14993fd1cca01d35e7bd5a588d,636972,Victor Valley Union High,CA,"10,11,12","Prentice Hall - Literature Common Core Edition Grade 10,Grade11,Grade 12 (2012)",,,ELA,Core Curriculum,10,ca1b652b7e728d8e062a6ba3b128e9bcf8b8f9f0f5e14f7f16dfb63b1fd4a469,ELA,Core Curriculum,Prentice Hall Literature: Common Core Edition,Prentice Hall Literature,Savvas Learning Company,2012,6-12,Prentice Hall Literature - Prentice Hall Literature: Common Core Edition (Savvas Learning Company) - 2012 - (6-12),,,ca1b652b7e728d8e062a6ba3b128e9bcf8b8f9f0f5e14f7f16dfb63b1fd4a469,ca1b652b7e728d8e062a6ba3b128e9bcf8b8f9f0f5e14f7f16dfb63b1fd4a469,ca1b652b7e728d8e062a6ba3b128e9bcf8b8f9f0f5e14f7f16dfb63b1fd4a469,1,True,True,0.662,medium,False,False,primary,0.662,0.662,"{""primary"": {""prediction_count"": 3, ""top1_id"": ""ca1b652b7e728d8e062a6ba3b128e9bcf8b8f9f0f5e14f7f16dfb63b1fd4a469"", ""top1_score"": 0.662}}",ca1b652b7e728d8e062a6ba3b128e9bcf8b8f9f0f5e14f7f16dfb63b1fd4a469,0.662,aed6f41a2d4fbc843740a712fca3f166ef0ab736cf04731bdf4f89e983e9493b,0.5736,4194dfc267c25bfb37f1f3eeeb5fc0aa3fb4039bef0fdeab8fcecd0109435838,0.5355,correct_human_match,expected_match,expected_match,gold_positive,has_adopted_url,Prentice Hall Literature: Common Core Edition,Prentice Hall Literature,Savvas Learning Company,6-12
f11ce6e1f68f68cf690b4df2b21f289917833e14993fd1cca01d35e7bd5a588d,636972,Victor Valley Union High,CA,"10,11,12","Prentice Hall - Literature Common Core Edition Grade 10,Grade11,Grade 12 (2012)",,,ELA,Core Curriculum,10,aed6f41a2d4fbc843740a712fca3f166ef0ab736cf04731bdf4f89e983e9493b,ELA,Core Curriculum,Prentice Hall Literature: Common Core Edition,Prentice Hall Literature,Savvas Learning Company,2012,6-12,Prentice Hall Literature - Prentice Hall Literature: Common Core Edition (Savvas Learning Company) - 2012 - (6-12),,,ca1b652b7e728d8e062a6ba3b128e9bcf8b8f9f0f5e14f7f16dfb63b1fd4a469,ca1b652b7e728d8e062a6ba3b128e9bcf8b8f9f0f5e14f7f16dfb63b1fd4a469,ca1b652b7e728d8e062a6ba3b128e9bcf8b8f9f0f5e14f7f16dfb63b1fd4a469,1,True,True,0.662,medium,False,False,primary,0.662,0.662,"{""primary"": {""prediction_count"": 3, ""top1_id"": ""ca1b652b7e728d8e062a6ba3b128e9bcf8b8f9f0f5e14f7f16dfb63b1fd4a469"", ""top1_score"": 0.662}}",ca1b652b7e728d8e062a6ba3b128e9bcf8b8f9f0f5e14f7f16dfb63b1fd4a469,0.662,aed6f41a2d4fbc843740a712fca3f166ef0ab736cf04731bdf4f89e983e9493b,0.5736,4194dfc267c25bfb37f1f3eeeb5fc0aa3fb4039bef0fdeab8fcecd0109435838,0.5355,incorrect_human_match,pred_rank_2,pred_rank_2_incorrect,silver_negative,has_adopted_url,Prentice Hall Literature,Prentice Hall Literature,Savvas Learning Company,6-12
f11ce6e1f68f68cf690b4df2b21f289917833e14993fd1cca01d35e7bd5a588d,636972,Victor Valley Union High,CA,"10,11,12","Prentice Hall - Literature Common Core Edition Grade 10,Grade11,Grade 12 (2012)",,,ELA,Core Curriculum,10,4194dfc267c25bfb37f1f3eeeb5fc0aa3fb4039bef0fdeab8fcecd0109435838,ELA,Core Curriculum,Prentice Hall Literature: Common Core Edition,Prentice Hall Literature,Savvas Learning Company,2012,6-12,Prentice Hall Literature - Prentice Hall Literature: Common Core Edition (Savvas Learning Company) - 2012 - (6-12),,,ca1b652b7e728d8e062a6ba3b128e9bcf8b8f9f0f5e14f7f16dfb63b1fd4a469,ca1b652b7e728d8e062a6ba3b128e9bcf8b8f9f0f5e14f7f16dfb63b1fd4a469,ca1b652b7e728d8e062a6ba3b128e9bcf8b8f9f0f5e14f7f16dfb63b1fd4a469,1,True,True,0.662,medium,False,False,primary,0.662,0.662,"{""primary"": {""prediction_count"": 3, ""top1_id"": ""ca1b652b7e728d8e062a6ba3b128e9bcf8b8f9f0f5e14f7f16dfb63b1fd4a469"", ""top1_score"": 0.662}}",ca1b652b7e728d8e062a6ba3b128e9bcf8b8f9f0f5e14f7f16dfb63b1fd4a469,0.662,aed6f41a2d4fbc843740a712fca3f166ef0ab736cf04731bdf4f89e983e9493b,0.5736,4194dfc267c25bfb37f1f3eeeb5fc0aa3fb4039bef0fdeab8fcecd0109435838,0.5355,incorrect_human_match,pred_rank_3,pred_rank_3_incorrect,silver_negative,has_adopted_url,"The Prentice Hall Reader, Texas Edition",The Prentice Hall Reader,Pearson Education,9-12
f9add7f11262f73d0a2f4b06370f0754112b5b056f83ae93d29b7d9deb16be2e,633720,Round Valley Unified,CA,"6,7,8",Collections,HMH,,ELA,Core Curriculum,8,0c5a8491a4d22731934c4fb36b8b227558e268c053454f69bddae80937b47c40,ELA,Core Curriculum,Collections,Collections,Houghton Mifflin Harcourt,2015,6-12,Collections - Collections (Houghton Mifflin Harcourt) - 2015 - (6-12),https://sarconline.org/public/print/23656072330272/2022-2023,,0c5a8491a4d22731934c4fb36b8b227558e268c053454f69bddae80937b47c40,0c5a8491a4d22731934c4fb36b8b227558e268c053454f69bddae80937b47c40,0c5a8491a4d22731934c4fb36b8b227558e268c053454f69bddae80937b47c40,1,True,True,0.846,high,False,False,primary,0.846,0.846,"{""primary"": {""prediction_count"": 3, ""top1_id"": ""0c5a8491a4d22731934c4fb36b8b227558e268c053454f69bddae80937b47c40"", ""top1_score"": 0.846}}",0c5a8491a4d22731934c4fb36b8b227558e268c053454f69bddae80937b47c40,0.846,b2e1a670013c98bd3739d0f6a8a1530e11413b5ffc821c33b0d555d30a7a5c14,0.8444,8ca43c4f9d4a63e850c0b25188d0caea02549d8163b886ad2e5f966f8002bfd6,0.7511,correct_human_match,expected_match,expected_match,gold_positive,has_adopted_url,Collections,Collections,Houghton Mifflin Harcourt,6-12
f9add7f11262f73d0a2f4b06370f0754112b5b056f83ae93d29b7d9deb16be2e,633720,Round Valley Unified,CA,"6,7,8",Collections,HMH,,ELA,Core Curriculum,8,b2e1a670013c98bd3739d0f6a8a1530e11413b5ffc821c33b0d555d30a7a5c14,ELA,Core Curriculum,Collections,Collections,Houghton Mifflin Harcourt,2015,6-12,Collections - Collections (Houghton Mifflin Harcourt) - 2015 - (6-12),https://sarconline.org/public/print/23656072330272/2022-2023,,0c5a8491a4d22731934c4fb36b8b227558e268c053454f69bddae80937b47c40,0c5a8491a4d22731934c4fb36b8b227558e268c053454f69bddae80937b47c40,0c5a8491a4d22731934c4fb36b8b227558e268c053454f69bddae80937b47c40,1,True,True,0.846,high,False,False,primary,0.846,0.846,"{""primary"": {""prediction_count"": 3, ""top1_id"": ""0c5a8491a4d22731934c4fb36b8b227558e268c053454f69bddae80937b47c40"", ""top1_score"": 0.846}}",0c5a8491a4d22731934c4fb36b8b227558e268c053454f69bddae80937b47c40,0.846,b2e1a670013c98bd3739d0f6a8a1530e11413b5ffc821c33b0d555d30a7a5c14,0.8444,8ca43c4f9d4a63e850c0b25188d0caea02549d8163b886ad2e5f966f8002bfd6,0.7511,incorrect_human_match,pred_rank_2,pred_rank_2_incorrect,silver_negative,has_adopted_url,Collections,Collections,Houghton Mifflin Harcourt,6-12
f9add7f11262f73d0a2f4b06370f0754112b5b056f83ae93d29b7d9deb16be2e,633720,Round Valley Unified,CA,"6,7,8",Collections,HMH,,ELA,Core Curriculum,8,8ca43c4f9d4a63e850c0b25188d0caea02549d8163b886ad2e5f966f8002bfd6,ELA,Core Curriculum,Collections,Collections,Houghton Mifflin Harcourt,2015,6-12,Collections - Collections (Houghton Mifflin Harcourt) - 2015 - (6-12),https://sarconline.org/public/print/23656072330272/2022-2023,,0c5a8491a4d22731934c4fb36b8b227558e268c053454f69bddae80937b47c40,0c5a8491a4d22731934c4fb36b8b227558e268c053454f69bddae80937b47c40,0c5a8491a4d22731934c4fb36b8b227558e268c053454f69bddae80937b47c40,1,True,True,0.846,high,False,False,primary,0.846,0.846,"{""primary"": {""prediction_count"": 3, ""top1_id"": ""0c5a8491a4d22731934c4fb36b8b227558e268c053454f69bddae80937b47c40"", ""top1_score"": 0.846}}",0c5a8491a4d22731934c4fb36b8b227558e268c053454f69bddae80937b47c40,0.846,b2e1a670013c98bd3739d0f6a8a1530e11413b5ffc821c33b0d555d30a7a5c14,0.8444,8ca43c4f9d4a63e850c0b25188d0caea02549d8163b886ad2e5f966f8002bfd6,0.7511,incorrect_human_match,pred_rank_3,pred_rank_3_incorrect,silver_negative,has_adopted_url,Collections: Unspecified,Collections,Houghton Mifflin Harcourt,6-12
fe2c576117e1256030f35db837a8244ed024a104043d564bd4c17c4eb9a07d43,622710,Los Angeles Unified,CA,"9,10,11,12",English 3D/ English 3D for English Learners,Houghton Mifflin Harcourt,,ELA,Core Curriculum,9,ddd8d8466f7056c9cffc3082e4a9bcbfc71cbb65dd8e7aae30f8d1c3890e375b,All,Supplemental,English 3D,English 3D,Houghton Mifflin Harcourt,,4-12,English 3D - English 3D (Houghton Mifflin Harcourt) -  - (4-12),,,ddd8d8466f7056c9cffc3082e4a9bcbfc71cbb65dd8e7aae30f8d1c3890e375b,ddd8d8466f7056c9cffc3082e4a9bcbfc71cbb65dd8e7aae30f8d1c3890e375b,ddd8d8466f7056c9cffc3082e4a9bcbfc71cbb65dd8e7aae30f8d1c3890e375b,1,True,True,0.7725,medium,False,False,primary,0.7725,0.7725,"{""primary"": {""prediction_count"": 3, ""top1_id"": ""ddd8d8466f7056c9cffc3082e4a9bcbfc71cbb65dd8e7aae30f8d1c3890e375b"", ""top1_score"": 0.7725}}",ddd8d8466f7056c9cffc3082e4a9bcbfc71cbb65dd8e7aae30f8d1c3890e375b,0.7725,2498dcb1743cf7134d2e5d6e448f4496dae115f1a406a7d642b7bdae235e768f,0.7255,905097a379548c5cd6037144789c0a56e54ad71a5c1ff3b39ea079046b436eb5,0.4374,correct_human_match,expected_match,expected_match,gold_positive,has_adopted_url,English 3D,English 3D,Houghton Mifflin Harcourt,4-12
fe2c576117e1256030f35db837a8244ed024a104043d564bd4c17c4eb9a07d43,622710,Los Angeles Unified,CA,"9,10,11,12",English 3D/ English 3D for English Learners,Houghton Mifflin Harcourt,,ELA,Core Curriculum,9,2498dcb1743cf7134d2e5d6e448f4496dae115f1a406a7d642b7bdae235e768f,All,Supplemental,English 3D,English 3D,Houghton Mifflin Harcourt,,4-12,English 3D - English 3D (Houghton Mifflin Harcourt) -  - (4-12),,,ddd8d8466f7056c9cffc3082e4a9bcbfc71cbb65dd8e7aae30f8d1c3890e375b,ddd8d8466f7056c9cffc3082e4a9bcbfc71cbb65dd8e7aae30f8d1c3890e375b,ddd8d8466f7056c9cffc3082e4a9bcbfc71cbb65dd8e7aae30f8d1c3890e375b,1,True,True,0.7725,medium,False,False,primary,0.7725,0.7725,"{""primary"": {""prediction_count"": 3, ""top1_id"": ""ddd8d8466f7056c9cffc3082e4a9bcbfc71cbb65dd8e7aae30f8d1c3890e375b"", ""top1_score"": 0.7725}}",ddd8d8466f7056c9cffc3082e4a9bcbfc71cbb65dd8e7aae30f8d1c3890e375b,0.7725,2498dcb1743cf7134d2e5d6e448f4496dae115f1a406a7d642b7bdae235e768f,0.7255,905097a379548c5cd6037144789c0a56e54ad71a5c1ff3b39ea079046b436eb5,0.4374,incorrect_human_match,pred_rank_2,pred_rank_2_incorrect,silver_negative,has_adopted_url,"English 3D, California Edition",English 3D,Houghton Mifflin Harcourt,4-12
fe2c576117e1256030f35db837a8244ed024a104043d564bd4c17c4eb9a07d43,622710,Los Angeles Unified,CA,"9,10,11,12",English 3D/ English 3D for English Learners,Houghton Mifflin Harcourt,,ELA,Core Curriculum,9,905097a379548c5cd6037144789c0a56e54ad71a5c1ff3b39ea079046b436eb5,All,Supplemental,English 3D,English 3D,Houghton Mifflin Harcourt,,4-12,English 3D - English 3D (Houghton Mifflin Harcourt) -  - (4-12),,,ddd8d8466f7056c9cffc3082e4a9bcbfc71cbb65dd8e7aae30f8d1c3890e375b,ddd8d8466f7056c9cffc3082e4a9bcbfc71cbb65dd8e7aae30f8d1c3890e375b,ddd8d8466f7056c9cffc3082e4a9bcbfc71cbb65dd8e7aae30f8d1c3890e375b,1,True,True,0.7725,medium,False,False,primary,0.7725,0.7725,"{""primary"": {""prediction_count"": 3, ""top1_id"": ""ddd8d8466f7056c9cffc3082e4a9bcbfc71cbb65dd8e7aae30f8d1c3890e375b"", ""top1_score"": 0.7725}}",ddd8d8466f7056c9cffc3082e4a9bcbfc71cbb65dd8e7aae30f8d1c3890e375b,0.7725,2498dcb1743cf7134d2e5d6e448f4496dae115f1a406a7d642b7bdae235e768f,0.7255,905097a379548c5cd6037144789c0a56e54ad71a5c1ff3b39ea079046b436eb5,0.4374,incorrect_human_match,pred_rank_3,pred_rank_3_incorrect,silver_negative,has_adopted_url,AGS Basic English,AGS ELA,AGS Publishing,9-12
0f6286171968cfeaa5ba38f7205cec19d03d9e62b0b2388cdeebfa0f36c3a9f2,619230,Junction Elementary,CA,"K,1,2,3,4,5",Accelerated Reader,,,ELA,Supplemental,5,6f509317ee90b6b109be3e328fe82c5ea40951498304c1639547c4945eaa4b07,ELA,Supplemental,Accelerated Reader,Accelerated Reader,Renaissance,2022,PK-12,Accelerated Reader - Accelerated Reader (Renaissance) - 2022 - (PK-12),312cd9efc7ed2ec978553360823b5ecdfad5f652d8fd68990ca6d3460e87b7f7.pdf,,6f509317ee90b6b109be3e328fe82c5ea40951498304c1639547c4945eaa4b07,6f509317ee90b6b109be3e328fe82c5ea40951498304c1639547c4945eaa4b07,54770a4a5f7b16ab43953c7ed1d3bccfed66b38ede109bc07ddb6243ecc4cd16,0,False,False,0.5038,medium,True,True,title_plus_publisher,0.4628,0.5038,"{""primary"": {""prediction_count"": 1, ""top1_id"": ""6f509317ee90b6b109be3e328fe82c5ea40951498304c1639547c4945eaa4b07"", ""top1_score"": 0.4628}, ""publisher_as_title"": {""prediction_count"": 0, ""top1_id"": """", ""top1_score"": 0.0}, ""title_plus_publisher"": {""prediction_count"": 3, ""top1_id"": ""54770a4a5f7b16ab43953c7ed1d3bccfed66b38ede109bc07ddb6243ecc4cd16"", ""top1_score"": 0.5038}, ""title_publisher_swapped"": {""prediction_count"": 0, ""top1_id"": """", ""top1_score"": 0.0}}",54770a4a5f7b16ab43953c7ed1d3bccfed66b38ede109bc07ddb6243ecc4cd16,0.5038,900071bb7831c9db8a6916dd9288dc052cd8db6315c9b44d91d0ef833945c27e,0.483,3088245111224af5274fbf6b4636600552f409758c58b97fbfef320eacfb1557,0.4586,correct_human_match,expected_match,expected_match,gold_positive,fallback_selected,Accelerated Reader,Accelerated Reader,Renaissance,PK-12
0f6286171968cfeaa5ba38f7205cec19d03d9e62b0b2388cdeebfa0f36c3a9f2,619230,Junction Elementary,CA,"K,1,2,3,4,5",Accelerated Reader,,,ELA,Supplemental,5,54770a4a5f7b16ab43953c7ed1d3bccfed66b38ede109bc07ddb6243ecc4cd16,ELA,Supplemental,Accelerated Reader,Accelerated Reader,Renaissance,2022,PK-12,Accelerated Reader - Accelerated Reader (Renaissance) - 2022 - (PK-12),312cd9efc7ed2ec978553360823b5ecdfad5f652d8fd68990ca6d3460e87b7f7.pdf,,6f509317ee90b6b109be3e328fe82c5ea40951498304c1639547c4945eaa4b07,6f509317ee90b6b109be3e328fe82c5ea40951498304c1639547c4945eaa4b07,54770a4a5f7b16ab43953c7ed1d3bccfed66b38ede109bc07ddb6243ecc4cd16,0,False,False,0.5038,medium,True,True,title_plus_publisher,0.4628,0.5038,"{""primary"": {""prediction_count"": 1, ""top1_id"": ""6f509317ee90b6b109be3e328fe82c5ea40951498304c1639547c4945eaa4b07"", ""top1_score"": 0.4628}, ""publisher_as_title"": {""prediction_count"": 0, ""top1_id"": """", ""top1_score"": 0.0}, ""title_plus_publisher"": {""prediction_count"": 3, ""top1_id"": ""54770a4a5f7b16ab43953c7ed1d3bccfed66b38ede109bc07ddb6243ecc4cd16"", ""top1_score"": 0.5038}, ""title_publisher_swapped"": {""prediction_count"": 0, ""top1_id"": """", ""top1_score"": 0.0}}",54770a4a5f7b16ab43953c7ed1d3bccfed66b38ede109bc07ddb6243ecc4cd16,0.5038,900071bb7831c9db8a6916dd9288dc052cd8db6315c9b44d91d0ef833945c27e,0.483,3088245111224af5274fbf6b4636600552f409758c58b97fbfef320eacfb1557,0.4586,incorrect_human_match,pred_rank_1,pred_rank_1_incorrect,silver_strong_negative,fallback_selected,Benchmark Decodables and Readers,Benchmark Supplemental,Benchmark Education Company,K-5
0f6286171968cfeaa5ba38f7205cec19d03d9e62b0b2388cdeebfa0f36c3a9f2,619230,Junction Elementary,CA,"K,1,2,3,4,5",Accelerated Reader,,,ELA,Supplemental,5,900071bb7831c9db8a6916dd9288dc052cd8db6315c9b44d91d0ef833945c27e,ELA,Supplemental,Accelerated Reader,Accelerated Reader,Renaissance,2022,PK-12,Accelerated Reader - Accelerated Reader (Renaissance) - 2022 - (PK-12),312cd9efc7ed2ec978553360823b5ecdfad5f652d8fd68990ca6d3460e87b7f7.pdf,,6f509317ee90b6b109be3e328fe82c5ea40951498304c1639547c4945eaa4b07,6f509317ee90b6b109be3e328fe82c5ea40951498304c1639547c4945eaa4b07,54770a4a5f7b16ab43953c7ed1d3bccfed66b38ede109bc07ddb6243ecc4cd16,0,False,False,0.5038,medium,True,True,title_plus_publisher,0.4628,0.5038,"{""primary"": {""prediction_count"": 1, ""top1_id"": ""6f509317ee90b6b109be3e328fe82c5ea40951498304c1639547c4945eaa4b07"", ""top1_score"": 0.4628}, ""publisher_as_title"": {""prediction_count"": 0, ""top1_id"": """", ""top1_score"": 0.0}, ""title_plus_publisher"": {""prediction_count"": 3, ""top1_id"": ""54770a4a5f7b16ab43953c7ed1d3bccfed66b38ede109bc07ddb6243ecc4cd16"", ""top1_score"": 0.5038}, ""title_publisher_swapped"": {""prediction_count"": 0, ""top1_id"": """", ""top1_score"": 0.0}}",54770a4a5f7b16ab43953c7ed1d3bccfed66b38ede109bc07ddb6243ecc4cd16,0.5038,900071bb7831c9db8a6916dd9288dc052cd8db6315c9b44d91d0ef833945c27e,0.483,3088245111224af5274fbf6b4636600552f409758c58b97fbfef320eacfb1557,0.4586,incorrect_human_match,pred_rank_2,pred_rank_2_incorrect,silver_negative,fallback_selected,Being a Reader,Being a Reader,Collaborative Classroom,K-5
1b3df47cce50fd0c6223d1d50042d0dea504d38cb74e226dd47dbc331a221fb2,624720,Mesa Union Elementary,CA,"K,1,2,3,4,5",Journeys,Houghton Mifflin Harcourt,,ELA,Core Curriculum,1,19abec53f2a0665bc41e1aa85c708bf2b82e9025c115618e374655c12f032ff2,ELA,Core Curriculum,Journeys,Journeys,Houghton Mifflin Harcourt,2017,K-6,Journeys - Journeys (Houghton Mifflin Harcourt) - 2017 - (K-6),cad623d198431758fe0701f7901d314ead569b4fbf74696640f829f4937e9e48.pdf,,19abec53f2a0665bc41e1aa85c708bf2b82e9025c115618e374655c12f032ff2,19abec53f2a0665bc41e1aa85c708bf2b82e9025c115618e374655c12f032ff2,c3576ebde0797d0a5262622b6a01a5a77b8f9251168ab46ec12d36600b466207,2,False,True,0.6988,medium,False,False,primary,0.6988,0.6988,"{""primary"": {""prediction_count"": 3, ""top1_id"": ""c3576ebde0797d0a5262622b6a01a5a77b8f9251168ab46ec12d36600b466207"", ""top1_score"": 0.6988}}",c3576ebde0797d0a5262622b6a01a5a77b8f9251168ab46ec12d36600b466207,0.6988,19abec53f2a0665bc41e1aa85c708bf2b82e9025c115618e374655c12f032ff2,0.6955,49176140eceef4fe4ec673ac5347dd15633e1e30195fbfa0739c93c1ebaf7b40,0.6278,correct_human_match,expected_match,expected_match,gold_positive,has_adopted_url,Journeys,Journeys,Houghton Mifflin Harcourt,K-6
1b3df47cce50fd0c6223d1d50042d0dea504d38cb74e226dd47dbc331a221fb2,624720,Mesa Union Elementary,CA,"K,1,2,3,4,5",Journeys,Houghton Mifflin Harcourt,,ELA,Core Curriculum,1,c3576ebde0797d0a5262622b6a01a5a77b8f9251168ab46ec12d36600b466207,ELA,Core Curriculum,Journeys,Journeys,Houghton Mifflin Harcourt,2017,K-6,Journeys - Journeys (Houghton Mifflin Harcourt) - 2017 - (K-6),cad623d198431758fe0701f7901d314ead569b4fbf74696640f829f4937e9e48.pdf,,19abec53f2a0665bc41e1aa85c708bf2b82e9025c115618e374655c12f032ff2,19abec53f2a0665bc41e1aa85c708bf2b82e9025c115618e374655c12f032ff2,c3576ebde0797d0a5262622b6a01a5a77b8f9251168ab46ec12d36600b466207,2,False,True,0.6988,medium,False,False,primary,0.6988,0.6988,"{""primary"": {""prediction_count"": 3, ""top1_id"": ""c3576ebde0797d0a5262622b6a01a5a77b8f9251168ab46ec12d36600b466207"", ""top1_score"": 0.6988}}",c3576ebde0797d0a5262622b6a01a5a77b8f9251168ab46ec12d36600b466207,0.6988,19abec53f2a0665bc41e1aa85c708bf2b82e9025c115618e374655c12f032ff2,0.6955,49176140eceef4fe4ec673ac5347dd15633e1e30195fbfa0739c93c1ebaf7b40,0.6278,incorrect_human_match,pred_rank_1,pred_rank_1_incorrect,silver_strong_negative,has_adopted_url,Journeys,Journeys,Houghton Mifflin Harcourt,K-6
1b3df47cce50fd0c6223d1d50042d0dea504d38cb74e226dd47dbc331a221fb2,624720,Mesa Union Elementary,CA,"K,1,2,3,4,5",Journeys,Houghton Mifflin Harcourt,,ELA,Core Curriculum,1,49176140eceef4fe4ec673ac5347dd15633e1e30195fbfa0739c93c1ebaf7b40,ELA,Core Curriculum,Journeys,Journeys,Houghton Mifflin Harcourt,2017,K-6,Journeys - Journeys (Houghton Mifflin Harcourt) - 2017 - (K-6),cad623d198431758fe0701f7901d314ead569b4fbf74696640f829f4937e9e48.pdf,,19abec53f2a0665bc41e1aa85c708bf2b82e9025c115618e374655c12f032ff2,19abec53f2a0665bc41e1aa85c708bf2b82e9025c115618e374655c12f032ff2,c3576ebde0797d0a5262622b6a01a5a77b8f9251168ab46ec12d36600b466207,2,False,True,0.6988,medium,False,False,primary,0.6988,0.6988,"{""primary"": {""prediction_count"": 3, ""top1_id"": ""c3576ebde0797d0a5262622b6a01a5a77b8f9251168ab46ec12d36600b466207"", ""top1_score"": 0.6988}}",c3576ebde0797d0a5262622b6a01a5a77b8f9251168ab46ec12d36600b466207,0.6988,19abec53f2a0665bc41e1aa85c708bf2b82e9025c115618e374655c12f032ff2,0.6955,49176140eceef4fe4ec673ac5347dd15633e1e30195fbfa0739c93c1ebaf7b40,0.6278,incorrect_human_match,pred_rank_3,pred_rank_3_incorrect,silver_negative,has_adopted_url,Journeys: Unspecified,Journeys,Houghton Mifflin Harcourt,K-6
1b6833bb888d157e743c24429ff5494dbdebba3f8cad89c4280402f6c38c8445,637680,Spencer Valley Elementary,CA,"9,10,11,12",Literature,Summit,,ELA,Core Curriculum,9,306b0d688a5c561e64383546d22dea9475e453707fb39d8d06138c81c33b77be,ELA,Core Curriculum,Summit English 9-12,Summit English,K12,,9-12,Summit English - Summit English 9-12 (K12) -  - (9-12),http://www.sdcoe.k12.ca.us/districts/spencer,,306b0d688a5c561e64383546d22dea9475e453707fb39d8d06138c81c33b77be,306b0d688a5c561e64383546d22dea9475e453707fb39d8d06138c81c33b77be,043608b2002c12b10bd0b210537ae5072c5eb05235f1232d9ced87592356a809,0,False,False,0.292,very_low,True,False,primary,0.292,0.292,"{""primary"": {""prediction_count"": 1, ""top1_id"": ""043608b2002c12b10bd0b210537ae5072c5eb05235f1232d9ced87592356a809"", ""top1_score"": 0.292}, ""publisher_as_title"": {""prediction_count"": 0, ""top1_id"": """", ""top1_score"": 0.0}, ""title_plus_publisher"": {""prediction_count"": 0, ""top1_id"": """", ""top1_score"": 0.0}, ""title_publisher_swapped"": {""prediction_count"": 0, ""top1_id"": """", ""top1_score"": 0.0}}",043608b2002c12b10bd0b210537ae5072c5eb05235f1232d9ced87592356a809,0.292,,,,,correct_human_match,expected_match,expected_match,gold_positive,has_adopted_url,Summit English 9-12,Summit English,K12,9-12
1b6833bb888d157e743c24429ff5494dbdebba3f8cad89c4280402f6c38c8445,637680,Spencer Valley Elementary,CA,"9,10,11,12",Literature,Summit,,ELA,Core Curriculum,9,043608b2002c12b10bd0b210537ae5072c5eb05235f1232d9ced87592356a809,ELA,Core Curriculum,Summit English 9-12,Summit English,K12,,9-12,Summit English - Summit English 9-12 (K12) -  - (9-12),http://www.sdcoe.k12.ca.us/districts/spencer,,306b0d688a5c561e64383546d22dea9475e453707fb39d8d06138c81c33b77be,306b0d688a5c561e64383546d22dea9475e453707fb39d8d06138c81c33b77be,043608b2002c12b10bd0b210537ae5072c5eb05235f1232d9ced87592356a809,0,False,False,0.292,very_low,True,False,primary,0.292,0.292,"{""primary"": {""prediction_count"": 1, ""top1_id"": ""043608b2002c12b10bd0b210537ae5072c5eb05235f1232d9ced87592356a809"", ""top1_score"": 0.292}, ""publisher_as_title"": {""prediction_count"": 0, ""top1_id"": """", ""top1_score"": 0.0}, ""title_plus_publisher"": {""prediction_count"": 0, ""top1_id"": """", ""top1_score"": 0.0}, ""title_publisher_swapped"": {""prediction_count"": 0, ""top1_id"": """", ""top1_score"": 0.0}}",043608b2002c12b10bd0b210537ae5072c5eb05235f1232d9ced87592356a809,0.292,,,,,incorrect_human_match,pred_rank_1,pred_rank_1_incorrect,silver_strong_negative,has_adopted_url,Gale Literature,Gale,Cengage,K-12
218bd38f01b0344240668d5bc0424648c7dc48deaf8273cb750d5ce6b08b49a6,619620,Keyes Union,CA,"K,1,2,3,4,5,6",Benchmark Advance,Benchmark Education Company,,ELA,Core Curriculum,6,40c7f8334c7c32e9db795584a096749f14b43457c8a6cbe9fd46073fccf2d109,ELA,Core Curriculum,Benchmark Advance: Unspecified,Benchmark Advance,Benchmark Education Company,,K-6,Benchmark Advance - Benchmark Advance: Unspecified (Benchmark Education Company) -  - (K-6),http://www.keyes.k12.ca.us,,40c7f8334c7c32e9db795584a096749f14b43457c8a6cbe9fd46073fccf2d109,40c7f8334c7c32e9db795584a096749f14b43457c8a6cbe9fd46073fccf2d109,1a94657eac066f1b03064c9d86aba361fb104a1e33c05909142b1fb430dbafce,0,False,False,0.8534,high,False,False,primary,0.8534,0.8534,"{""primary"": {""prediction_count"": 3, ""top1_id"": ""1a94657eac066f1b03064c9d86aba361fb104a1e33c05909142b1fb430dbafce"", ""top1_score"": 0.8534}}",1a94657eac066f1b03064c9d86aba361fb104a1e33c05909142b1fb430dbafce,0.8534,a1ff2ddafb5c66abdfd4a4c905874774ddf0d526799c6564c5dea0a44bcecf1a,0.8475,b1d700e1c9cf02fac7bc2c17cd1483ba74f7dd594afc0637ab88ea19ae3cc9ca,0.8472,correct_human_match,expected_match,expected_match,gold_positive,has_adopted_url,Benchmark Advance: Unspecified,Benchmark Advance,Benchmark Education Company,K-6
218bd38f01b0344240668d5bc0424648c7dc48deaf8273cb750d5ce6b08b49a6,619620,Keyes Union,CA,"K,1,2,3,4,5,6",Benchmark Advance,Benchmark Education Company,,ELA,Core Curriculum,6,1a94657eac066f1b03064c9d86aba361fb104a1e33c05909142b1fb430dbafce,ELA,Core Curriculum,Benchmark Advance: Unspecified,Benchmark Advance,Benchmark Education Company,,K-6,Benchmark Advance - Benchmark Advance: Unspecified (Benchmark Education Company) -  - (K-6),http://www.keyes.k12.ca.us,,40c7f8334c7c32e9db795584a096749f14b43457c8a6cbe9fd46073fccf2d109,40c7f8334c7c32e9db795584a096749f14b43457c8a6cbe9fd46073fccf2d109,1a94657eac066f1b03064c9d86aba361fb104a1e33c05909142b1fb430dbafce,0,False,False,0.8534,high,False,False,primary,0.8534,0.8534,"{""primary"": {""prediction_count"": 3, ""top1_id"": ""1a94657eac066f1b03064c9d86aba361fb104a1e33c05909142b1fb430dbafce"", ""top1_score"": 0.8534}}",1a94657eac066f1b03064c9d86aba361fb104a1e33c05909142b1fb430dbafce,0.8534,a1ff2ddafb5c66abdfd4a4c905874774ddf0d526799c6564c5dea0a44bcecf1a,0.8475,b1d700e1c9cf02fac7bc2c17cd1483ba74f7dd594afc0637ab88ea19ae3cc9ca,0.8472,incorrect_human_match,pred_rank_1,pred_rank_1_incorrect,silver_strong_negative,has_adopted_url,Benchmark Advance,Benchmark Advance,Benchmark Education Company,K-6
218bd38f01b0344240668d5bc0424648c7dc48deaf8273cb750d5ce6b08b49a6,619620,Keyes Union,CA,"K,1,2,3,4,5,6",Benchmark Advance,Benchmark Education Company,,ELA,Core Curriculum,6,a1ff2ddafb5c66abdfd4a4c905874774ddf0d526799c6564c5dea0a44bcecf1a,ELA,Core Curriculum,Benchmark Advance: Unspecified,Benchmark Advance,Benchmark Education Company,,K-6,Benchmark Advance - Benchmark Advance: Unspecified (Benchmark Education Company) -  - (K-6),http://www.keyes.k12.ca.us,,40c7f8334c7c32e9db795584a096749f14b43457c8a6cbe9fd46073fccf2d109,40c7f8334c7c32e9db795584a096749f14b43457c8a6cbe9fd46073fccf2d109,1a94657eac066f1b03064c9d86aba361fb104a1e33c05909142b1fb430dbafce,0,False,False,0.8534,high,False,False,primary,0.8534,0.8534,"{""primary"": {""prediction_count"": 3, ""top1_id"": ""1a94657eac066f1b03064c9d86aba361fb104a1e33c05909142b1fb430dbafce"", ""top1_score"": 0.8534}}",1a94657eac066f1b03064c9d86aba361fb104a1e33c05909142b1fb430dbafce,0.8534,a1ff2ddafb5c66abdfd4a4c905874774ddf0d526799c6564c5dea0a44bcecf1a,0.8475,b1d700e1c9cf02fac7bc2c17cd1483ba74f7dd594afc0637ab88ea19ae3cc9ca,0.8472,incorrect_human_match,pred_rank_2,pred_rank_2_incorrect,silver_negative,has_adopted_url,Benchmark Advance,Benchmark Advance,Benchmark Education Company,K-6
24f0386c74c1fb79eb3bb36064fc6368700456494cb5c32960eca0a95b2ae4d0,619620,Keyes Union,CA,"K,1,2,TK",Zaner-Bloser Handwriting,Zaner-Bloser,,ELA,Core Curriculum,K,76227d46ba941cb902608b4c01acd2a777110ad764f6613f093c847034a29d72,ELA,Supplemental,Zaner-Bloser Handwriting,ZB Handwriting,Zaner-Bloser,2017-2025,K-6,ZB Handwriting - Zaner-Bloser Handwriting (Zaner-Bloser) - 2017-2025 - (K-6),http://www.keyes.k12.ca.us,,76227d46ba941cb902608b4c01acd2a777110ad764f6613f093c847034a29d72,76227d46ba941cb902608b4c01acd2a777110ad764f6613f093c847034a29d72,76227d46ba941cb902608b4c01acd2a777110ad764f6613f093c847034a29d72,1,True,True,0.7103,medium,False,False,primary,0.7103,0.7103,"{""primary"": {""prediction_count"": 3, ""top1_id"": ""76227d46ba941cb902608b4c01acd2a777110ad764f6613f093c847034a29d72"", ""top1_score"": 0.7103}}",76227d46ba941cb902608b4c01acd2a777110ad764f6613f093c847034a29d72,0.7103,b5ff4fcb6903e4ac71edd2b43714abf64a9034e0058238734e192d1e6389215f,0.6833,eabc121654edb097bb35d1d4703ef3807b5a56974e621480e176bd7268424198,0.6482,correct_human_match,expected_match,expected_match,gold_positive,has_adopted_url,Zaner-Bloser Handwriting,ZB Handwriting,Zaner-Bloser,K-6
24f0386c74c1fb79eb3bb36064fc6368700456494cb5c32960eca0a95b2ae4d0,619620,Keyes Union,CA,"K,1,2,TK",Zaner-Bloser Handwriting,Zaner-Bloser,,ELA,Core Curriculum,K,b5ff4fcb6903e4ac71edd2b43714abf64a9034e0058238734e192d1e6389215f,ELA,Supplemental,Zaner-Bloser Handwriting,ZB Handwriting,Zaner-Bloser,2017-2025,K-6,ZB Handwriting - Zaner-Bloser Handwriting (Zaner-Bloser) - 2017-2025 - (K-6),http://www.keyes.k12.ca.us,,76227d46ba941cb902608b4c01acd2a777110ad764f6613f093c847034a29d72,76227d46ba941cb902608b4c01acd2a777110ad764f6613f093c847034a29d72,76227d46ba941cb902608b4c01acd2a777110ad764f6613f093c847034a29d72,1,True,True,0.7103,medium,False,False,primary,0.7103,0.7103,"{""primary"": {""prediction_count"": 3, ""top1_id"": ""76227d46ba941cb902608b4c01acd2a777110ad764f6613f093c847034a29d72"", ""top1_score"": 0.7103}}",76227d46ba941cb902608b4c01acd2a777110ad764f6613f093c847034a29d72,0.7103,b5ff4fcb6903e4ac71edd2b43714abf64a9034e0058238734e192d1e6389215f,0.6833,eabc121654edb097bb35d1d4703ef3807b5a56974e621480e176bd7268424198,0.6482,incorrect_human_match,pred_rank_2,pred_rank_2_incorrect,silver_negative,has_adopted_url,"Zaner-Bloser Handwriting, Texas Edition",ZB Handwriting,Zaner-Bloser,K-5
24f0386c74c1fb79eb3bb36064fc6368700456494cb5c32960eca0a95b2ae4d0,619620,Keyes Union,CA,"K,1,2,TK",Zaner-Bloser Handwriting,Zaner-Bloser,,ELA,Core Curriculum,K,eabc121654edb097bb35d1d4703ef3807b5a56974e621480e176bd7268424198,ELA,Supplemental,Zaner-Bloser Handwriting,ZB Handwriting,Zaner-Bloser,2017-2025,K-6,ZB Handwriting - Zaner-Bloser Handwriting (Zaner-Bloser) - 2017-2025 - (K-6),http://www.keyes.k12.ca.us,,76227d46ba941cb902608b4c01acd2a777110ad764f6613f093c847034a29d72,76227d46ba941cb902608b4c01acd2a777110ad764f6613f093c847034a29d72,76227d46ba941cb902608b4c01acd2a777110ad764f6613f093c847034a29d72,1,True,True,0.7103,medium,False,False,primary,0.7103,0.7103,"{""primary"": {""prediction_count"": 3, ""top1_id"": ""76227d46ba941cb902608b4c01acd2a777110ad764f6613f093c847034a29d72"", ""top1_score"": 0.7103}}",76227d46ba941cb902608b4c01acd2a777110ad764f6613f093c847034a29d72,0.7103,b5ff4fcb6903e4ac71edd2b43714abf64a9034e0058238734e192d1e6389215f,0.6833,eabc121654edb097bb35d1d4703ef3807b5a56974e621480e176bd7268424198,0.6482,incorrect_human_match,pred_rank_3,pred_rank_3_incorrect,silver_negative,has_adopted_url,"Zaner-Bloser La escritura, Texas Edition",ZB Handwriting,Zaner-Bloser,K-5
2798d2e1bc8a725a909f3b9031769907a986838aa2383c5773dd5a07d1c2c4db,624720,Mesa Union Elementary,CA,"K,1,2,3,4,5",Journeys,Houghton Mifflin Harcourt,,ELA,Core Curriculum,2,19abec53f2a0665bc41e1aa85c708bf2b82e9025c115618e374655c12f032ff2,ELA,Core Curriculum,Journeys,Journeys,Houghton Mifflin Harcourt,2017,K-6,Journeys - Journeys (Houghton Mifflin Harcourt) - 2017 - (K-6),cad623d198431758fe0701f7901d314ead569b4fbf74696640f829f4937e9e48.pdf,,19abec53f2a0665bc41e1aa85c708bf2b82e9025c115618e374655c12f032ff2,19abec53f2a0665bc41e1aa85c708bf2b82e9025c115618e374655c12f032ff2,c3576ebde0797d0a5262622b6a01a5a77b8f9251168ab46ec12d36600b466207,2,False,True,0.6988,medium,False,False,primary,0.6988,0.6988,"{""primary"": {""prediction_count"": 3, ""top1_id"": ""c3576ebde0797d0a5262622b6a01a5a77b8f9251168ab46ec12d36600b466207"", ""top1_score"": 0.6988}}",c3576ebde0797d0a5262622b6a01a5a77b8f9251168ab46ec12d36600b466207,0.6988,19abec53f2a0665bc41e1aa85c708bf2b82e9025c115618e374655c12f032ff2,0.6955,49176140eceef4fe4ec673ac5347dd15633e1e30195fbfa0739c93c1ebaf7b40,0.6278,correct_human_match,expected_match,expected_match,gold_positive,has_adopted_url,Journeys,Journeys,Houghton Mifflin Harcourt,K-6
2798d2e1bc8a725a909f3b9031769907a986838aa2383c5773dd5a07d1c2c4db,624720,Mesa Union Elementary,CA,"K,1,2,3,4,5",Journeys,Houghton Mifflin Harcourt,,ELA,Core Curriculum,2,c3576ebde0797d0a5262622b6a01a5a77b8f9251168ab46ec12d36600b466207,ELA,Core Curriculum,Journeys,Journeys,Houghton Mifflin Harcourt,2017,K-6,Journeys - Journeys (Houghton Mifflin Harcourt) - 2017 - (K-6),cad623d198431758fe0701f7901d314ead569b4fbf74696640f829f4937e9e48.pdf,,19abec53f2a0665bc41e1aa85c708bf2b82e9025c115618e374655c12f032ff2,19abec53f2a0665bc41e1aa85c708bf2b82e9025c115618e374655c12f032ff2,c3576ebde0797d0a5262622b6a01a5a77b8f9251168ab46ec12d36600b466207,2,False,True,0.6988,medium,False,False,primary,0.6988,0.6988,"{""primary"": {""prediction_count"": 3, ""top1_id"": ""c3576ebde0797d0a5262622b6a01a5a77b8f9251168ab46ec12d36600b466207"", ""top1_score"": 0.6988}}",c3576ebde0797d0a5262622b6a01a5a77b8f9251168ab46ec12d36600b466207,0.6988,19abec53f2a0665bc41e1aa85c708bf2b82e9025c115618e374655c12f032ff2,0.6955,49176140eceef4fe4ec673ac5347dd15633e1e30195fbfa0739c93c1ebaf7b40,0.6278,incorrect_human_match,pred_rank_1,pred_rank_1_incorrect,silver_strong_negative,has_adopted_url,Journeys,Journeys,Houghton Mifflin Harcourt,K-6
2798d2e1bc8a725a909f3b9031769907a986838aa2383c5773dd5a07d1c2c4db,624720,Mesa Union Elementary,CA,"K,1,2,3,4,5",Journeys,Houghton Mifflin Harcourt,,ELA,Core Curriculum,2,49176140eceef4fe4ec673ac5347dd15633e1e30195fbfa0739c93c1ebaf7b40,ELA,Core Curriculum,Journeys,Journeys,Houghton Mifflin Harcourt,2017,K-6,Journeys - Journeys (Houghton Mifflin Harcourt) - 2017 - (K-6),cad623d198431758fe0701f7901d314ead569b4fbf74696640f829f4937e9e48.pdf,,19abec53f2a0665bc41e1aa85c708bf2b82e9025c115618e374655c12f032ff2,19abec53f2a0665bc41e1aa85c708bf2b82e9025c115618e374655c12f032ff2,c3576ebde0797d0a5262622b6a01a5a77b8f9251168ab46ec12d36600b466207,2,False,True,0.6988,medium,False,False,primary,0.6988,0.6988,"{""primary"": {""prediction_count"": 3, ""top1_id"": ""c3576ebde0797d0a5262622b6a01a5a77b8f9251168ab46ec12d36600b466207"", ""top1_score"": 0.6988}}",c3576ebde0797d0a5262622b6a01a5a77b8f9251168ab46ec12d36600b466207,0.6988,19abec53f2a0665bc41e1aa85c708bf2b82e9025c115618e374655c12f032ff2,0.6955,49176140eceef4fe4ec673ac5347dd15633e1e30195fbfa0739c93c1ebaf7b40,0.6278,incorrect_human_match,pred_rank_3,pred_rank_3_incorrect,silver_negative,has_adopted_url,Journeys: Unspecified,Journeys,Houghton Mifflin Harcourt,K-6
2898ee0306d72c45f72629b27c537a4e2cb626718c2d87718e31b5f476588df5,629160,Outside Creek Elementary,CA,"K,1,2,3,4,5",Standards Plus ELA Programs,Learning Plus Associates,,ELA,Core Curriculum,2,6679d91f6a831c18bc278ae42eceea1056dd48b0c96db0c1b3d762b7ae4b713d,ELA,Supplemental,Standards Plus ELA Programs,Standards Plus,Learning Plus Associates (LPA),,K-8,Standards Plus - Standards Plus ELA Programs (Learning Plus Associates (LPA)) -  - (K-8),http://www.tcoe.net/districts/outsidecreek.shtm,,6679d91f6a831c18bc278ae42eceea1056dd48b0c96db0c1b3d762b7ae4b713d,6679d91f6a831c18bc278ae42eceea1056dd48b0c96db0c1b3d762b7ae4b713d,6679d91f6a831c18bc278ae42eceea1056dd48b0c96db0c1b3d762b7ae4b713d,1,True,True,0.7035,medium,False,False,primary,0.7035,0.7035,"{""primary"": {""prediction_count"": 3, ""top1_id"": ""6679d91f6a831c18bc278ae42eceea1056dd48b0c96db0c1b3d762b7ae4b713d"", ""top1_score"": 0.7035}}",6679d91f6a831c18bc278ae42eceea1056dd48b0c96db0c1b3d762b7ae4b713d,0.7035,faea906f1e6647beea8e6734b36f9945296d626c367a2e6deba3616796e3f139,0.5774,b571d1304ffe5ba16251626b9a9e7de245d69c3710743958fd51b3073af9c381,0.5598,correct_human_match,expected_match,expected_match,gold_positive,has_adopted_url,Standards Plus ELA Programs,Standards Plus,Learning Plus Associates (LPA),K-8
2898ee0306d72c45f72629b27c537a4e2cb626718c2d87718e31b5f476588df5,629160,Outside Creek Elementary,CA,"K,1,2,3,4,5",Standards Plus ELA Programs,Learning Plus Associates,,ELA,Core Curriculum,2,faea906f1e6647beea8e6734b36f9945296d626c367a2e6deba3616796e3f139,ELA,Supplemental,Standards Plus ELA Programs,Standards Plus,Learning Plus Associates (LPA),,K-8,Standards Plus - Standards Plus ELA Programs (Learning Plus Associates (LPA)) -  - (K-8),http://www.tcoe.net/districts/outsidecreek.shtm,,6679d91f6a831c18bc278ae42eceea1056dd48b0c96db0c1b3d762b7ae4b713d,6679d91f6a831c18bc278ae42eceea1056dd48b0c96db0c1b3d762b7ae4b713d,6679d91f6a831c18bc278ae42eceea1056dd48b0c96db0c1b3d762b7ae4b713d,1,True,True,0.7035,medium,False,False,primary,0.7035,0.7035,"{""primary"": {""prediction_count"": 3, ""top1_id"": ""6679d91f6a831c18bc278ae42eceea1056dd48b0c96db0c1b3d762b7ae4b713d"", ""top1_score"": 0.7035}}",6679d91f6a831c18bc278ae42eceea1056dd48b0c96db0c1b3d762b7ae4b713d,0.7035,faea906f1e6647beea8e6734b36f9945296d626c367a2e6deba3616796e3f139,0.5774,b571d1304ffe5ba16251626b9a9e7de245d69c3710743958fd51b3073af9c381,0.5598,incorrect_human_match,pred_rank_2,pred_rank_2_incorrect,silver_negative,has_adopted_url,Read Well ELA Program,Read Well ELA Program,Voyager Sopris Learning,K-3
2898ee0306d72c45f72629b27c537a4e2cb626718c2d87718e31b5f476588df5,629160,Outside Creek Elementary,CA,"K,1,2,3,4,5",Standards Plus ELA Programs,Learning Plus Associates,,ELA,Core Curriculum,2,b571d1304ffe5ba16251626b9a9e7de245d69c3710743958fd51b3073af9c381,ELA,Supplemental,Standards Plus ELA Programs,Standards Plus,Learning Plus Associates (LPA),,K-8,Standards Plus - Standards Plus ELA Programs (Learning Plus Associates (LPA)) -  - (K-8),http://www.tcoe.net/districts/outsidecreek.shtm,,6679d91f6a831c18bc278ae42eceea1056dd48b0c96db0c1b3d762b7ae4b713d,6679d91f6a831c18bc278ae42eceea1056dd48b0c96db0c1b3d762b7ae4b713d,6679d91f6a831c18bc278ae42eceea1056dd48b0c96db0c1b3d762b7ae4b713d,1,True,True,0.7035,medium,False,False,primary,0.7035,0.7035,"{""primary"": {""prediction_count"": 3, ""top1_id"": ""6679d91f6a831c18bc278ae42eceea1056dd48b0c96db0c1b3d762b7ae4b713d"", ""top1_score"": 0.7035}}",6679d91f6a831c18bc278ae42eceea1056dd48b0c96db0c1b3d762b7ae4b713d,0.7035,faea906f1e6647beea8e6734b36f9945296d626c367a2e6deba3616796e3f139,0.5774,b571d1304ffe5ba16251626b9a9e7de245d69c3710743958fd51b3073af9c381,0.5598,incorrect_human_match,pred_rank_3,pred_rank_3_incorrect,silver_negative,has_adopted_url,Standards Plus Math Programs,Standards Plus,Learning Plus Associates (LPA),K-8
2e147b7e3d55fc6c7028a220e78b48d254922b31e070e6c6ee5035a4a84a3d23,629190,Owens Valley Unified,CA,"6,7,8",Journeys,,,ELA,Core Curriculum,6,19abec53f2a0665bc41e1aa85c708bf2b82e9025c115618e374655c12f032ff2,ELA,Core Curriculum,Journeys,Journeys,Houghton Mifflin Harcourt,2017,K-6,Journeys - Journeys (Houghton Mifflin Harcourt) - 2017 - (K-6),20ba5084004507e447e54fd442c2c5451fa69f87ba2a493b37286c916b2e2cae.pdf,,19abec53f2a0665bc41e1aa85c708bf2b82e9025c115618e374655c12f032ff2,19abec53f2a0665bc41e1aa85c708bf2b82e9025c115618e374655c12f032ff2,c3576ebde0797d0a5262622b6a01a5a77b8f9251168ab46ec12d36600b466207,2,False,True,0.5988,medium,False,False,primary,0.5988,0.5988,"{""primary"": {""prediction_count"": 3, ""top1_id"": ""c3576ebde0797d0a5262622b6a01a5a77b8f9251168ab46ec12d36600b466207"", ""top1_score"": 0.5988}}",c3576ebde0797d0a5262622b6a01a5a77b8f9251168ab46ec12d36600b466207,0.5988,19abec53f2a0665bc41e1aa85c708bf2b82e9025c115618e374655c12f032ff2,0.5955,49176140eceef4fe4ec673ac5347dd15633e1e30195fbfa0739c93c1ebaf7b40,0.5278,correct_human_match,expected_match,expected_match,gold_positive,has_adopted_url,Journeys,Journeys,Houghton Mifflin Harcourt,K-6
2e147b7e3d55fc6c7028a220e78b48d254922b31e070e6c6ee5035a4a84a3d23,629190,Owens Valley Unified,CA,"6,7,8",Journeys,,,ELA,Core Curriculum,6,c3576ebde0797d0a5262622b6a01a5a77b8f9251168ab46ec12d36600b466207,ELA,Core Curriculum,Journeys,Journeys,Houghton Mifflin Harcourt,2017,K-6,Journeys - Journeys (Houghton Mifflin Harcourt) - 2017 - (K-6),20ba5084004507e447e54fd442c2c5451fa69f87ba2a493b37286c916b2e2cae.pdf,,19abec53f2a0665bc41e1aa85c708bf2b82e9025c115618e374655c12f032ff2,19abec53f2a0665bc41e1aa85c708bf2b82e9025c115618e374655c12f032ff2,c3576ebde0797d0a5262622b6a01a5a77b8f9251168ab46ec12d36600b466207,2,False,True,0.5988,medium,False,False,primary,0.5988,0.5988,"{""primary"": {""prediction_count"": 3, ""top1_id"": ""c3576ebde0797d0a5262622b6a01a5a77b8f9251168ab46ec12d36600b466207"", ""top1_score"": 0.5988}}",c3576ebde0797d0a5262622b6a01a5a77b8f9251168ab46ec12d36600b466207,0.5988,19abec53f2a0665bc41e1aa85c708bf2b82e9025c115618e374655c12f032ff2,0.5955,49176140eceef4fe4ec673ac5347dd15633e1e30195fbfa0739c93c1ebaf7b40,0.5278,incorrect_human_match,pred_rank_1,pred_rank_1_incorrect,silver_strong_negative,has_adopted_url,Journeys,Journeys,Houghton Mifflin Harcourt,K-6
2e147b7e3d55fc6c7028a220e78b48d254922b31e070e6c6ee5035a4a84a3d23,629190,Owens Valley Unified,CA,"6,7,8",Journeys,,,ELA,Core Curriculum,6,49176140eceef4fe4ec673ac5347dd15633e1e30195fbfa0739c93c1ebaf7b40,ELA,Core Curriculum,Journeys,Journeys,Houghton Mifflin Harcourt,2017,K-6,Journeys - Journeys (Houghton Mifflin Harcourt) - 2017 - (K-6),20ba5084004507e447e54fd442c2c5451fa69f87ba2a493b37286c916b2e2cae.pdf,,19abec53f2a0665bc41e1aa85c708bf2b82e9025c115618e374655c12f032ff2,19abec53f2a0665bc41e1aa85c708bf2b82e9025c115618e374655c12f032ff2,c3576ebde0797d0a5262622b6a01a5a77b8f9251168ab46ec12d36600b466207,2,False,True,0.5988,medium,False,False,primary,0.5988,0.5988,"{""primary"": {""prediction_count"": 3, ""top1_id"": ""c3576ebde0797d0a5262622b6a01a5a77b8f9251168ab46ec12d36600b466207"", ""top1_score"": 0.5988}}",c3576ebde0797d0a5262622b6a01a5a77b8f9251168ab46ec12d36600b466207,0.5988,19abec53f2a0665bc41e1aa85c708bf2b82e9025c115618e374655c12f032ff2,0.5955,49176140eceef4fe4ec673ac5347dd15633e1e30195fbfa0739c93c1ebaf7b40,0.5278,incorrect_human_match,pred_rank_3,pred_rank_3_incorrect,silver_negative,has_adopted_url,Journeys: Unspecified,Journeys,Houghton Mifflin Harcourt,K-6
2ec1a9a27cfdc28c43903047bcc537fa6b3c3215547a53286936d50199bfb10c,637680,Spencer Valley Elementary,CA,"9,10,11,12",Literature,Summit,,ELA,Core Curriculum,12,306b0d688a5c561e64383546d22dea9475e453707fb39d8d06138c81c33b77be,ELA,Core Curriculum,Summit English 9-12,Summit English,K12,,9-12,Summit English - Summit English 9-12 (K12) -  - (9-12),http://www.sdcoe.k12.ca.us/districts/spencer,,306b0d688a5c561e64383546d22dea9475e453707fb39d8d06138c81c33b77be,306b0d688a5c561e64383546d22dea9475e453707fb39d8d06138c81c33b77be,043608b2002c12b10bd0b210537ae5072c5eb05235f1232d9ced87592356a809,0,False,False,0.442,low,True,False,primary,0.442,0.442,"{""primary"": {""prediction_count"": 1, ""top1_id"": ""043608b2002c12b10bd0b210537ae5072c5eb05235f1232d9ced87592356a809"", ""top1_score"": 0.442}, ""publisher_as_title"": {""prediction_count"": 0, ""top1_id"": """", ""top1_score"": 0.0}, ""title_plus_publisher"": {""prediction_count"": 0, ""top1_id"": """", ""top1_score"": 0.0}, ""title_publisher_swapped"": {""prediction_count"": 0, ""top1_id"": """", ""top1_score"": 0.0}}",043608b2002c12b10bd0b210537ae5072c5eb05235f1232d9ced87592356a809,0.442,,,,,correct_human_match,expected_match,expected_match,gold_positive,has_adopted_url,Summit English 9-12,Summit English,K12,9-12
2ec1a9a27cfdc28c43903047bcc537fa6b3c3215547a53286936d50199bfb10c,637680,Spencer Valley Elementary,CA,"9,10,11,12",Literature,Summit,,ELA,Core Curriculum,12,043608b2002c12b10bd0b210537ae5072c5eb05235f1232d9ced87592356a809,ELA,Core Curriculum,Summit English 9-12,Summit English,K12,,9-12,Summit English - Summit English 9-12 (K12) -  - (9-12),http://www.sdcoe.k12.ca.us/districts/spencer,,306b0d688a5c561e64383546d22dea9475e453707fb39d8d06138c81c33b77be,306b0d688a5c561e64383546d22dea9475e453707fb39d8d06138c81c33b77be,043608b2002c12b10bd0b210537ae5072c5eb05235f1232d9ced87592356a809,0,False,False,0.442,low,True,False,primary,0.442,0.442,"{""primary"": {""prediction_count"": 1, ""top1_id"": ""043608b2002c12b10bd0b210537ae5072c5eb05235f1232d9ced87592356a809"", ""top1_score"": 0.442}, ""publisher_as_title"": {""prediction_count"": 0, ""top1_id"": """", ""top1_score"": 0.0}, ""title_plus_publisher"": {""prediction_count"": 0, ""top1_id"": """", ""top1_score"": 0.0}, ""title_publisher_swapped"": {""prediction_count"": 0, ""top1_id"": """", ""top1_score"": 0.0}}",043608b2002c12b10bd0b210537ae5072c5eb05235f1232d9ced87592356a809,0.442,,,,,incorrect_human_match,pred_rank_1,pred_rank_1_incorrect,silver_strong_negative,has_adopted_url,Gale Literature,Gale,Cengage,K-12
2edf5a5c132d80d02faaee80df9884bcd90aea78e56031d46ecf7e32f87c58fc,639870,Tulare City,CA,"7,8",California Collections,Houghton Mifflin Harcourt,,ELA,Core Curriculum,8,8c58e0a19a30687cedccdd464e35f03c0f255803d212e036b2f771a1c2f34c8d,ELA,Core Curriculum,"Collections, California Edition",Collections,Houghton Mifflin Harcourt,2017,6-12,"Collections - Collections, California Edition (Houghton Mifflin Harcourt) - 2017 - (6-12)",2023_School_Accountability_Report_Card_Alpine_Vista_Elementary_School_20240127 (1).pdf,,8c58e0a19a30687cedccdd464e35f03c0f255803d212e036b2f771a1c2f34c8d,8c58e0a19a30687cedccdd464e35f03c0f255803d212e036b2f771a1c2f34c8d,8c58e0a19a30687cedccdd464e35f03c0f255803d212e036b2f771a1c2f34c8d,1,True,True,0.8677,high,False,False,primary,0.8677,0.8677,"{""primary"": {""prediction_count"": 3, ""top1_id"": ""8c58e0a19a30687cedccdd464e35f03c0f255803d212e036b2f771a1c2f34c8d"", ""top1_score"": 0.8677}}",8c58e0a19a30687cedccdd464e35f03c0f255803d212e036b2f771a1c2f34c8d,0.8677,2430e5b8bca15a08c0ee17f63144de16c4ca28cadcd106deb292541ba7968403,0.7854,0c5a8491a4d22731934c4fb36b8b227558e268c053454f69bddae80937b47c40,0.7771,correct_human_match,expected_match,expected_match,gold_positive,has_adopted_url,"Collections, California Edition",Collections,Houghton Mifflin Harcourt,6-12
2edf5a5c132d80d02faaee80df9884bcd90aea78e56031d46ecf7e32f87c58fc,639870,Tulare City,CA,"7,8",California Collections,Houghton Mifflin Harcourt,,ELA,Core Curriculum,8,2430e5b8bca15a08c0ee17f63144de16c4ca28cadcd106deb292541ba7968403,ELA,Core Curriculum,"Collections, California Edition",Collections,Houghton Mifflin Harcourt,2017,6-12,"Collections - Collections, California Edition (Houghton Mifflin Harcourt) - 2017 - (6-12)",2023_School_Accountability_Report_Card_Alpine_Vista_Elementary_School_20240127 (1).pdf,,8c58e0a19a30687cedccdd464e35f03c0f255803d212e036b2f771a1c2f34c8d,8c58e0a19a30687cedccdd464e35f03c0f255803d212e036b2f771a1c2f34c8d,8c58e0a19a30687cedccdd464e35f03c0f255803d212e036b2f771a1c2f34c8d,1,True,True,0.8677,high,False,False,primary,0.8677,0.8677,"{""primary"": {""prediction_count"": 3, ""top1_id"": ""8c58e0a19a30687cedccdd464e35f03c0f255803d212e036b2f771a1c2f34c8d"", ""top1_score"": 0.8677}}",8c58e0a19a30687cedccdd464e35f03c0f255803d212e036b2f771a1c2f34c8d,0.8677,2430e5b8bca15a08c0ee17f63144de16c4ca28cadcd106deb292541ba7968403,0.7854,0c5a8491a4d22731934c4fb36b8b227558e268c053454f69bddae80937b47c40,0.7771,incorrect_human_match,pred_rank_2,pred_rank_2_incorrect,silver_negative,has_adopted_url,"Collections, Florida Edition",Collections,Houghton Mifflin Harcourt,6-12
2edf5a5c132d80d02faaee80df9884bcd90aea78e56031d46ecf7e32f87c58fc,639870,Tulare City,CA,"7,8",California Collections,Houghton Mifflin Harcourt,,ELA,Core Curriculum,8,0c5a8491a4d22731934c4fb36b8b227558e268c053454f69bddae80937b47c40,ELA,Core Curriculum,"Collections, California Edition",Collections,Houghton Mifflin Harcourt,2017,6-12,"Collections - Collections, California Edition (Houghton Mifflin Harcourt) - 2017 - (6-12)",2023_School_Accountability_Report_Card_Alpine_Vista_Elementary_School_20240127 (1).pdf,,8c58e0a19a30687cedccdd464e35f03c0f255803d212e036b2f771a1c2f34c8d,8c58e0a19a30687cedccdd464e35f03c0f255803d212e036b2f771a1c2f34c8d,8c58e0a19a30687cedccdd464e35f03c0f255803d212e036b2f771a1c2f34c8d,1,True,True,0.8677,high,False,False,primary,0.8677,0.8677,"{""primary"": {""prediction_count"": 3, ""top1_id"": ""8c58e0a19a30687cedccdd464e35f03c0f255803d212e036b2f771a1c2f34c8d"", ""top1_score"": 0.8677}}",8c58e0a19a30687cedccdd464e35f03c0f255803d212e036b2f771a1c2f34c8d,0.8677,2430e5b8bca15a08c0ee17f63144de16c4ca28cadcd106deb292541ba7968403,0.7854,0c5a8491a4d22731934c4fb36b8b227558e268c053454f69bddae80937b47c40,0.7771,incorrect_human_match,pred_rank_3,pred_rank_3_incorrect,silver_negative,has_adopted_url,Collections,Collections,Houghton Mifflin Harcourt,6-12
34c43c38f07bfa822a7aed9e65f440d2872bdf8287a2b24fbcbeca0268565aea,639870,Tulare City,CA,"7,8",California Collections,Houghton Mifflin Harcourt,,ELA,Core Curriculum,8,8c58e0a19a30687cedccdd464e35f03c0f255803d212e036b2f771a1c2f34c8d,ELA,Core Curriculum,"Collections, California Edition",Collections,Houghton Mifflin Harcourt,2017,6-12,"Collections - Collections, California Edition (Houghton Mifflin Harcourt) - 2017 - (6-12)",2023_School_Accountability_Report_Card_Alpine_Vista_Elementary_School_20240127 (1).pdf,,8c58e0a19a30687cedccdd464e35f03c0f255803d212e036b2f771a1c2f34c8d,8c58e0a19a30687cedccdd464e35f03c0f255803d212e036b2f771a1c2f34c8d,8c58e0a19a30687cedccdd464e35f03c0f255803d212e036b2f771a1c2f34c8d,1,True,True,0.8677,high,False,False,primary,0.8677,0.8677,"{""primary"": {""prediction_count"": 3, ""top1_id"": ""8c58e0a19a30687cedccdd464e35f03c0f255803d212e036b2f771a1c2f34c8d"", ""top1_score"": 0.8677}}",8c58e0a19a30687cedccdd464e35f03c0f255803d212e036b2f771a1c2f34c8d,0.8677,2430e5b8bca15a08c0ee17f63144de16c4ca28cadcd106deb292541ba7968403,0.7854,0c5a8491a4d22731934c4fb36b8b227558e268c053454f69bddae80937b47c40,0.7771,correct_human_match,expected_match,expected_match,gold_positive,has_adopted_url,"Collections, California Edition",Collections,Houghton Mifflin Harcourt,6-12
34c43c38f07bfa822a7aed9e65f440d2872bdf8287a2b24fbcbeca0268565aea,639870,Tulare City,CA,"7,8",California Collections,Houghton Mifflin Harcourt,,ELA,Core Curriculum,8,2430e5b8bca15a08c0ee17f63144de16c4ca28cadcd106deb292541ba7968403,ELA,Core Curriculum,"Collections, California Edition",Collections,Houghton Mifflin Harcourt,2017,6-12,"Collections - Collections, California Edition (Houghton Mifflin Harcourt) - 2017 - (6-12)",2023_School_Accountability_Report_Card_Alpine_Vista_Elementary_School_20240127 (1).pdf,,8c58e0a19a30687cedccdd464e35f03c0f255803d212e036b2f771a1c2f34c8d,8c58e0a19a30687cedccdd464e35f03c0f255803d212e036b2f771a1c2f34c8d,8c58e0a19a30687cedccdd464e35f03c0f255803d212e036b2f771a1c2f34c8d,1,True,True,0.8677,high,False,False,primary,0.8677,0.8677,"{""primary"": {""prediction_count"": 3, ""top1_id"": ""8c58e0a19a30687cedccdd464e35f03c0f255803d212e036b2f771a1c2f34c8d"", ""top1_score"": 0.8677}}",8c58e0a19a30687cedccdd464e35f03c0f255803d212e036b2f771a1c2f34c8d,0.8677,2430e5b8bca15a08c0ee17f63144de16c4ca28cadcd106deb292541ba7968403,0.7854,0c5a8491a4d22731934c4fb36b8b227558e268c053454f69bddae80937b47c40,0.7771,incorrect_human_match,pred_rank_2,pred_rank_2_incorrect,silver_negative,has_adopted_url,"Collections, Florida Edition",Collections,Houghton Mifflin Harcourt,6-12
34c43c38f07bfa822a7aed9e65f440d2872bdf8287a2b24fbcbeca0268565aea,639870,Tulare City,CA,"7,8",California Collections,Houghton Mifflin Harcourt,,ELA,Core Curriculum,8,0c5a8491a4d22731934c4fb36b8b227558e268c053454f69bddae80937b47c40,ELA,Core Curriculum,"Collections, California Edition",Collections,Houghton Mifflin Harcourt,2017,6-12,"Collections - Collections, California Edition (Houghton Mifflin Harcourt) - 2017 - (6-12)",2023_School_Accountability_Report_Card_Alpine_Vista_Elementary_School_20240127 (1).pdf,,8c58e0a19a30687cedccdd464e35f03c0f255803d212e036b2f771a1c2f34c8d,8c58e0a19a30687cedccdd464e35f03c0f255803d212e036b2f771a1c2f34c8d,8c58e0a19a30687cedccdd464e35f03c0f255803d212e036b2f771a1c2f34c8d,1,True,True,0.8677,high,False,False,primary,0.8677,0.8677,"{""primary"": {""prediction_count"": 3, ""top1_id"": ""8c58e0a19a30687cedccdd464e35f03c0f255803d212e036b2f771a1c2f34c8d"", ""top1_score"": 0.8677}}",8c58e0a19a30687cedccdd464e35f03c0f255803d212e036b2f771a1c2f34c8d,0.8677,2430e5b8bca15a08c0ee17f63144de16c4ca28cadcd106deb292541ba7968403,0.7854,0c5a8491a4d22731934c4fb36b8b227558e268c053454f69bddae80937b47c40,0.7771,incorrect_human_match,pred_rank_3,pred_rank_3_incorrect,silver_negative,has_adopted_url,Collections,Collections,Houghton Mifflin Harcourt,6-12
36258d8cac6c42cd4917e333c45d4146ed31ff55e0c2efbe768ebd4a3c2b57a3,639690,Tres Pinos Union Elementary,CA,"K,1,2,3,4,5,6",Journeys,Houghton Mifflin,,ELA,Core Curriculum,2,19abec53f2a0665bc41e1aa85c708bf2b82e9025c115618e374655c12f032ff2,ELA,Core Curriculum,Journeys,Journeys,Houghton Mifflin Harcourt,2017,K-6,Journeys - Journeys (Houghton Mifflin Harcourt) - 2017 - (K-6),https://core-docs.s3.us-east-1.amazonaws.com/documents/asset/uploaded_file/1809/Tres_Pinos/3967960/2023_School_Accountability_Report_Card_Tres_Pinos_Union_Elementary_School_District_20240201.pdf,,19abec53f2a0665bc41e1aa85c708bf2b82e9025c115618e374655c12f032ff2,19abec53f2a0665bc41e1aa85c708bf2b82e9025c115618e374655c12f032ff2,c3576ebde0797d0a5262622b6a01a5a77b8f9251168ab46ec12d36600b466207,2,False,True,0.5613,medium,False,False,primary,0.5613,0.5613,"{""primary"": {""prediction_count"": 3, ""top1_id"": ""c3576ebde0797d0a5262622b6a01a5a77b8f9251168ab46ec12d36600b466207"", ""top1_score"": 0.5613}}",c3576ebde0797d0a5262622b6a01a5a77b8f9251168ab46ec12d36600b466207,0.5613,19abec53f2a0665bc41e1aa85c708bf2b82e9025c115618e374655c12f032ff2,0.558,49176140eceef4fe4ec673ac5347dd15633e1e30195fbfa0739c93c1ebaf7b40,0.4903,correct_human_match,expected_match,expected_match,gold_positive,has_adopted_url,Journeys,Journeys,Houghton Mifflin Harcourt,K-6
36258d8cac6c42cd4917e333c45d4146ed31ff55e0c2efbe768ebd4a3c2b57a3,639690,Tres Pinos Union Elementary,CA,"K,1,2,3,4,5,6",Journeys,Houghton Mifflin,,ELA,Core Curriculum,2,c3576ebde0797d0a5262622b6a01a5a77b8f9251168ab46ec12d36600b466207,ELA,Core Curriculum,Journeys,Journeys,Houghton Mifflin Harcourt,2017,K-6,Journeys - Journeys (Houghton Mifflin Harcourt) - 2017 - (K-6),https://core-docs.s3.us-east-1.amazonaws.com/documents/asset/uploaded_file/1809/Tres_Pinos/3967960/2023_School_Accountability_Report_Card_Tres_Pinos_Union_Elementary_School_District_20240201.pdf,,19abec53f2a0665bc41e1aa85c708bf2b82e9025c115618e374655c12f032ff2,19abec53f2a0665bc41e1aa85c708bf2b82e9025c115618e374655c12f032ff2,c3576ebde0797d0a5262622b6a01a5a77b8f9251168ab46ec12d36600b466207,2,False,True,0.5613,medium,False,False,primary,0.5613,0.5613,"{""primary"": {""prediction_count"": 3, ""top1_id"": ""c3576ebde0797d0a5262622b6a01a5a77b8f9251168ab46ec12d36600b466207"", ""top1_score"": 0.5613}}",c3576ebde0797d0a5262622b6a01a5a77b8f9251168ab46ec12d36600b466207,0.5613,19abec53f2a0665bc41e1aa85c708bf2b82e9025c115618e374655c12f032ff2,0.558,49176140eceef4fe4ec673ac5347dd15633e1e30195fbfa0739c93c1ebaf7b40,0.4903,incorrect_human_match,pred_rank_1,pred_rank_1_incorrect,silver_strong_negative,has_adopted_url,Journeys,Journeys,Houghton Mifflin Harcourt,K-6
36258d8cac6c42cd4917e333c45d4146ed31ff55e0c2efbe768ebd4a3c2b57a3,639690,Tres Pinos Union Elementary,CA,"K,1,2,3,4,5,6",Journeys,Houghton Mifflin,,ELA,Core Curriculum,2,49176140eceef4fe4ec673ac5347dd15633e1e30195fbfa0739c93c1ebaf7b40,ELA,Core Curriculum,Journeys,Journeys,Houghton Mifflin Harcourt,2017,K-6,Journeys - Journeys (Houghton Mifflin Harcourt) - 2017 - (K-6),https://core-docs.s3.us-east-1.amazonaws.com/documents/asset/uploaded_file/1809/Tres_Pinos/3967960/2023_School_Accountability_Report_Card_Tres_Pinos_Union_Elementary_School_District_20240201.pdf,,19abec53f2a0665bc41e1aa85c708bf2b82e9025c115618e374655c12f032ff2,19abec53f2a0665bc41e1aa85c708bf2b82e9025c115618e374655c12f032ff2,c3576ebde0797d0a5262622b6a01a5a77b8f9251168ab46ec12d36600b466207,2,False,True,0.5613,medium,False,False,primary,0.5613,0.5613,"{""primary"": {""prediction_count"": 3, ""top1_id"": ""c3576ebde0797d0a5262622b6a01a5a77b8f9251168ab46ec12d36600b466207"", ""top1_score"": 0.5613}}",c3576ebde0797d0a5262622b6a01a5a77b8f9251168ab46ec12d36600b466207,0.5613,19abec53f2a0665bc41e1aa85c708bf2b82e9025c115618e374655c12f032ff2,0.558,49176140eceef4fe4ec673ac5347dd15633e1e30195fbfa0739c93c1ebaf7b40,0.4903,incorrect_human_match,pred_rank_3,pred_rank_3_incorrect,silver_negative,has_adopted_url,Journeys: Unspecified,Journeys,Houghton Mifflin Harcourt,K-6
37f8f7846fabce25d5ecfd232d900bc32f77b1f459509c18626522ce0fe1064b,624030,Martinez Unified,CA,"9,10,11",Study Sync,,,ELA,Core Curriculum,11,5c6c10abee7965f3669e8676485bac210b075b2cfed448481d9fb35bbfb53536,ELA,Core Curriculum,StudySync ELA,StudySync,McGraw Hill Education,2015,6-8,StudySync - StudySync ELA (McGraw Hill Education) - 2015 - (6-8),bd250706669b62cd2ab28b3763bbd7d9b6699ffb13d5010607f513cba31c4b27.pdf,,5c6c10abee7965f3669e8676485bac210b075b2cfed448481d9fb35bbfb53536,5c6c10abee7965f3669e8676485bac210b075b2cfed448481d9fb35bbfb53536,9dd0c90108536065476ec1ae297cb6e1f96482c23a49dc06cd6cb9245359e25d,0,False,False,0.5325,medium,True,True,title_plus_publisher,0.0,0.5325,"{""primary"": {""prediction_count"": 0, ""top1_id"": """", ""top1_score"": 0.0}, ""publisher_as_title"": {""prediction_count"": 0, ""top1_id"": """", ""top1_score"": 0.0}, ""title_plus_publisher"": {""prediction_count"": 3, ""top1_id"": ""9dd0c90108536065476ec1ae297cb6e1f96482c23a49dc06cd6cb9245359e25d"", ""top1_score"": 0.5325}, ""title_publisher_swapped"": {""prediction_count"": 0, ""top1_id"": """", ""top1_score"": 0.0}}",9dd0c90108536065476ec1ae297cb6e1f96482c23a49dc06cd6cb9245359e25d,0.5325,f52cd7a14b40778e6ff295f236ed19ecf63ece3b0729906ab061972558070ecc,0.4608,0b0e76c0a0e75a0957a48337a1ea08ae11276101b8cf51f801600dd4d139bc7a,0.4386,correct_human_match,expected_match,expected_match,gold_positive,fallback_selected,StudySync ELA,StudySync,McGraw Hill Education,6-8
37f8f7846fabce25d5ecfd232d900bc32f77b1f459509c18626522ce0fe1064b,624030,Martinez Unified,CA,"9,10,11",Study Sync,,,ELA,Core Curriculum,11,9dd0c90108536065476ec1ae297cb6e1f96482c23a49dc06cd6cb9245359e25d,ELA,Core Curriculum,StudySync ELA,StudySync,McGraw Hill Education,2015,6-8,StudySync - StudySync ELA (McGraw Hill Education) - 2015 - (6-8),bd250706669b62cd2ab28b3763bbd7d9b6699ffb13d5010607f513cba31c4b27.pdf,,5c6c10abee7965f3669e8676485bac210b075b2cfed448481d9fb35bbfb53536,5c6c10abee7965f3669e8676485bac210b075b2cfed448481d9fb35bbfb53536,9dd0c90108536065476ec1ae297cb6e1f96482c23a49dc06cd6cb9245359e25d,0,False,False,0.5325,medium,True,True,title_plus_publisher,0.0,0.5325,"{""primary"": {""prediction_count"": 0, ""top1_id"": """", ""top1_score"": 0.0}, ""publisher_as_title"": {""prediction_count"": 0, ""top1_id"": """", ""top1_score"": 0.0}, ""title_plus_publisher"": {""prediction_count"": 3, ""top1_id"": ""9dd0c90108536065476ec1ae297cb6e1f96482c23a49dc06cd6cb9245359e25d"", ""top1_score"": 0.5325}, ""title_publisher_swapped"": {""prediction_count"": 0, ""top1_id"": """", ""top1_score"": 0.0}}",9dd0c90108536065476ec1ae297cb6e1f96482c23a49dc06cd6cb9245359e25d,0.5325,f52cd7a14b40778e6ff295f236ed19ecf63ece3b0729906ab061972558070ecc,0.4608,0b0e76c0a0e75a0957a48337a1ea08ae11276101b8cf51f801600dd4d139bc7a,0.4386,incorrect_human_match,pred_rank_1,pred_rank_1_incorrect,silver_strong_negative,fallback_selected,StudySync Assessments,StudySync,McGraw Hill Education,6-12
37f8f7846fabce25d5ecfd232d900bc32f77b1f459509c18626522ce0fe1064b,624030,Martinez Unified,CA,"9,10,11",Study Sync,,,ELA,Core Curriculum,11,f52cd7a14b40778e6ff295f236ed19ecf63ece3b0729906ab061972558070ecc,ELA,Core Curriculum,StudySync ELA,StudySync,McGraw Hill Education,2015,6-8,StudySync - StudySync ELA (McGraw Hill Education) - 2015 - (6-8),bd250706669b62cd2ab28b3763bbd7d9b6699ffb13d5010607f513cba31c4b27.pdf,,5c6c10abee7965f3669e8676485bac210b075b2cfed448481d9fb35bbfb53536,5c6c10abee7965f3669e8676485bac210b075b2cfed448481d9fb35bbfb53536,9dd0c90108536065476ec1ae297cb6e1f96482c23a49dc06cd6cb9245359e25d,0,False,False,0.5325,medium,True,True,title_plus_publisher,0.0,0.5325,"{""primary"": {""prediction_count"": 0, ""top1_id"": """", ""top1_score"": 0.0}, ""publisher_as_title"": {""prediction_count"": 0, ""top1_id"": """", ""top1_score"": 0.0}, ""title_plus_publisher"": {""prediction_count"": 3, ""top1_id"": ""9dd0c90108536065476ec1ae297cb6e1f96482c23a49dc06cd6cb9245359e25d"", ""top1_score"": 0.5325}, ""title_publisher_swapped"": {""prediction_count"": 0, ""top1_id"": """", ""top1_score"": 0.0}}",9dd0c90108536065476ec1ae297cb6e1f96482c23a49dc06cd6cb9245359e25d,0.5325,f52cd7a14b40778e6ff295f236ed19ecf63ece3b0729906ab061972558070ecc,0.4608,0b0e76c0a0e75a0957a48337a1ea08ae11276101b8cf51f801600dd4d139bc7a,0.4386,incorrect_human_match,pred_rank_2,pred_rank_2_incorrect,silver_negative,fallback_selected,StudyStack,StudyStack,StudyStack,K-12
38891e9da5a11e7225fbdfa70de749d26becc85ba67468f0940c53db48406daa,607920,Centinela Valley Union High,CA,"9,10,11,12",System 44 Next Generation; ELD Intensive 1 & English 1 Intensive,Houghton Mifflin Harcourt,2022.0,ELA,Core Curriculum,9,fbc8a90e9b22316c2b1ee1175410bf6e04e25b7e49d6559a6476b70a26f8e5e4,ELA,Supplemental,System 44,System 44,Houghton Mifflin Harcourt,,3-12,System 44 - System 44 (Houghton Mifflin Harcourt) -  - (3-12),http://www.cvuhsd.org,,fbc8a90e9b22316c2b1ee1175410bf6e04e25b7e49d6559a6476b70a26f8e5e4,fbc8a90e9b22316c2b1ee1175410bf6e04e25b7e49d6559a6476b70a26f8e5e4,,0,False,False,0.0,no_prediction,True,False,primary,0.0,0.0,"{""primary"": {""prediction_count"": 0, ""top1_id"": """", ""top1_score"": 0.0}, ""publisher_as_title"": {""prediction_count"": 0, ""top1_id"": """", ""top1_score"": 0.0}, ""title_plus_publisher"": {""prediction_count"": 0, ""top1_id"": """", ""top1_score"": 0.0}, ""title_publisher_swapped"": {""prediction_count"": 0, ""top1_id"": """", ""top1_score"": 0.0}}",,,,,,,correct_human_match,expected_match,expected_match,gold_positive,has_adopted_url,System 44,System 44,Houghton Mifflin Harcourt,3-12
39ba5a42098657a9a1f1e9a031b4029bfc66ea44fd81aded1652bafbafd62846,627060,Newark Unified,CA,"K,1,2,3,4,5",Reading Units of Study and Writing Units of Study,Heinemann,,ELA,Core Curriculum,K,c1cd93aa276ef1fba2eb43d6b3cfdbda9825c9000a50b82c9c5017acf35b2247,ELA,Core Curriculum,Lucy Calkins: Units of Study (TCRWP),Lucy Calkins: Units of Study,Heinemann,2018,K-8,Lucy Calkins: Units of Study - Lucy Calkins: Units of Study (TCRWP) (Heinemann) - 2018 - (K-8),http://www.newarkunified.org,,c1cd93aa276ef1fba2eb43d6b3cfdbda9825c9000a50b82c9c5017acf35b2247,c1cd93aa276ef1fba2eb43d6b3cfdbda9825c9000a50b82c9c5017acf35b2247,c1cd93aa276ef1fba2eb43d6b3cfdbda9825c9000a50b82c9c5017acf35b2247,1,True,True,0.5186,medium,True,False,primary,0.5186,0.5186,"{""primary"": {""prediction_count"": 1, ""top1_id"": ""c1cd93aa276ef1fba2eb43d6b3cfdbda9825c9000a50b82c9c5017acf35b2247"", ""top1_score"": 0.5186}, ""publisher_as_title"": {""prediction_count"": 0, ""top1_id"": """", ""top1_score"": 0.0}, ""title_plus_publisher"": {""prediction_count"": 1, ""top1_id"": ""c1cd93aa276ef1fba2eb43d6b3cfdbda9825c9000a50b82c9c5017acf35b2247"", ""top1_score"": 0.4984}, ""title_publisher_swapped"": {""prediction_count"": 0, ""top1_id"": """", ""top1_score"": 0.0}}",c1cd93aa276ef1fba2eb43d6b3cfdbda9825c9000a50b82c9c5017acf35b2247,0.5186,,,,,correct_human_match,expected_match,expected_match,gold_positive,has_adopted_url,Lucy Calkins: Units of Study (TCRWP),Lucy Calkins: Units of Study,Heinemann,K-8
4906c5c2e73e86eaa600558c2425beda1ce8acf6550f35e75c6917709f3eabef,639870,Tulare City,CA,"K,1,2,3,4,5,TK,6",Benchmark Advanced CA,Benchmark Education Company,,ELA,Core Curriculum,6,2394fd7710a85b73b45aa3e8109cf2faae3f69c41033949358e9105924b58230,ELA,Core Curriculum,"Benchmark Advance, California Edition",Benchmark Advance,Benchmark Education Company,2022,K-5,"Benchmark Advance - Benchmark Advance, California Edition (Benchmark Education Company) - 2022 - (K-5)",2023_School_Accountability_Report_Card_Alpine_Vista_Elementary_School_20240127 (1).pdf,,2394fd7710a85b73b45aa3e8109cf2faae3f69c41033949358e9105924b58230,2394fd7710a85b73b45aa3e8109cf2faae3f69c41033949358e9105924b58230,5e8258ec628d93cbc970a83e42d3d39af4c4e51d1c166add814a30cd1111b9d8,2,False,True,0.7863,medium,False,False,primary,0.7863,0.7863,"{""primary"": {""prediction_count"": 3, ""top1_id"": ""5e8258ec628d93cbc970a83e42d3d39af4c4e51d1c166add814a30cd1111b9d8"", ""top1_score"": 0.7863}}",5e8258ec628d93cbc970a83e42d3d39af4c4e51d1c166add814a30cd1111b9d8,0.7863,2394fd7710a85b73b45aa3e8109cf2faae3f69c41033949358e9105924b58230,0.7597,1a94657eac066f1b03064c9d86aba361fb104a1e33c05909142b1fb430dbafce,0.7423,correct_human_match,expected_match,expected_match,gold_positive,has_adopted_url,"Benchmark Advance, California Edition",Benchmark Advance,Benchmark Education Company,K-5
4906c5c2e73e86eaa600558c2425beda1ce8acf6550f35e75c6917709f3eabef,639870,Tulare City,CA,"K,1,2,3,4,5,TK,6",Benchmark Advanced CA,Benchmark Education Company,,ELA,Core Curriculum,6,5e8258ec628d93cbc970a83e42d3d39af4c4e51d1c166add814a30cd1111b9d8,ELA,Core Curriculum,"Benchmark Advance, California Edition",Benchmark Advance,Benchmark Education Company,2022,K-5,"Benchmark Advance - Benchmark Advance, California Edition (Benchmark Education Company) - 2022 - (K-5)",2023_School_Accountability_Report_Card_Alpine_Vista_Elementary_School_20240127 (1).pdf,,2394fd7710a85b73b45aa3e8109cf2faae3f69c41033949358e9105924b58230,2394fd7710a85b73b45aa3e8109cf2faae3f69c41033949358e9105924b58230,5e8258ec628d93cbc970a83e42d3d39af4c4e51d1c166add814a30cd1111b9d8,2,False,True,0.7863,medium,False,False,primary,0.7863,0.7863,"{""primary"": {""prediction_count"": 3, ""top1_id"": ""5e8258ec628d93cbc970a83e42d3d39af4c4e51d1c166add814a30cd1111b9d8"", ""top1_score"": 0.7863}}",5e8258ec628d93cbc970a83e42d3d39af4c4e51d1c166add814a30cd1111b9d8,0.7863,2394fd7710a85b73b45aa3e8109cf2faae3f69c41033949358e9105924b58230,0.7597,1a94657eac066f1b03064c9d86aba361fb104a1e33c05909142b1fb430dbafce,0.7423,incorrect_human_match,pred_rank_1,pred_rank_1_incorrect,silver_strong_negative,has_adopted_url,"Benchmark Advance, California Edition",Benchmark Advance,Benchmark Education Company,K-6
4906c5c2e73e86eaa600558c2425beda1ce8acf6550f35e75c6917709f3eabef,639870,Tulare City,CA,"K,1,2,3,4,5,TK,6",Benchmark Advanced CA,Benchmark Education Company,,ELA,Core Curriculum,6,1a94657eac066f1b03064c9d86aba361fb104a1e33c05909142b1fb430dbafce,ELA,Core Curriculum,"Benchmark Advance, California Edition",Benchmark Advance,Benchmark Education Company,2022,K-5,"Benchmark Advance - Benchmark Advance, California Edition (Benchmark Education Company) - 2022 - (K-5)",2023_School_Accountability_Report_Card_Alpine_Vista_Elementary_School_20240127 (1).pdf,,2394fd7710a85b73b45aa3e8109cf2faae3f69c41033949358e9105924b58230,2394fd7710a85b73b45aa3e8109cf2faae3f69c41033949358e9105924b58230,5e8258ec628d93cbc970a83e42d3d39af4c4e51d1c166add814a30cd1111b9d8,2,False,True,0.7863,medium,False,False,primary,0.7863,0.7863,"{""primary"": {""prediction_count"": 3, ""top1_id"": ""5e8258ec628d93cbc970a83e42d3d39af4c4e51d1c166add814a30cd1111b9d8"", ""top1_score"": 0.7863}}",5e8258ec628d93cbc970a83e42d3d39af4c4e51d1c166add814a30cd1111b9d8,0.7863,2394fd7710a85b73b45aa3e8109cf2faae3f69c41033949358e9105924b58230,0.7597,1a94657eac066f1b03064c9d86aba361fb104a1e33c05909142b1fb430dbafce,0.7423,incorrect_human_match,pred_rank_3,pred_rank_3_incorrect,silver_negative,has_adopted_url,Benchmark Advance,Benchmark Advance,Benchmark Education Company,K-6
6c8bf6305d8bbe02c14dd33dd6287a9798a509cf6bf865a6d08a43b580e9564e,629160,Outside Creek Elementary,CA,"K,1,2,3,4,5",Wonders,McGraw Hill Education,,ELA,Core Curriculum,2,24e853362df539c970399d60a8d2a72b635e2ed8b7e66660f237336ba623b493,ELA,Core Curriculum,Wonders: Unspecified,Wonders,McGraw Hill Education,,K-6,Wonders - Wonders: Unspecified (McGraw Hill Education) -  - (K-6),http://www.tcoe.net/districts/outsidecreek.shtm,,24e853362df539c970399d60a8d2a72b635e2ed8b7e66660f237336ba623b493,24e853362df539c970399d60a8d2a72b635e2ed8b7e66660f237336ba623b493,bd94b3f4065c150f81fe00ee938858fdd39d6d61798f05b28371642870e64d4a,0,False,False,0.6392,medium,False,False,primary,0.6392,0.6392,"{""primary"": {""prediction_count"": 3, ""top1_id"": ""bd94b3f4065c150f81fe00ee938858fdd39d6d61798f05b28371642870e64d4a"", ""top1_score"": 0.6392}}",bd94b3f4065c150f81fe00ee938858fdd39d6d61798f05b28371642870e64d4a,0.6392,cb63ace4b63f023f794c20783e82ee20e0e3fbbd4f901f6d3466fbd8cdc4e743,0.6364,371fb164889157519feb76adb751b9fc28b92e1965ad8b8471d4d0f7595da840,0.6059,correct_human_match,expected_match,expected_match,gold_positive,has_adopted_url,Wonders: Unspecified,Wonders,McGraw Hill Education,K-6
6c8bf6305d8bbe02c14dd33dd6287a9798a509cf6bf865a6d08a43b580e9564e,629160,Outside Creek Elementary,CA,"K,1,2,3,4,5",Wonders,McGraw Hill Education,,ELA,Core Curriculum,2,bd94b3f4065c150f81fe00ee938858fdd39d6d61798f05b28371642870e64d4a,ELA,Core Curriculum,Wonders: Unspecified,Wonders,McGraw Hill Education,,K-6,Wonders - Wonders: Unspecified (McGraw Hill Education) -  - (K-6),http://www.tcoe.net/districts/outsidecreek.shtm,,24e853362df539c970399d60a8d2a72b635e2ed8b7e66660f237336ba623b493,24e853362df539c970399d60a8d2a72b635e2ed8b7e66660f237336ba623b493,bd94b3f4065c150f81fe00ee938858fdd39d6d61798f05b28371642870e64d4a,0,False,False,0.6392,medium,False,False,primary,0.6392,0.6392,"{""primary"": {""prediction_count"": 3, ""top1_id"": ""bd94b3f4065c150f81fe00ee938858fdd39d6d61798f05b28371642870e64d4a"", ""top1_score"": 0.6392}}",bd94b3f4065c150f81fe00ee938858fdd39d6d61798f05b28371642870e64d4a,0.6392,cb63ace4b63f023f794c20783e82ee20e0e3fbbd4f901f6d3466fbd8cdc4e743,0.6364,371fb164889157519feb76adb751b9fc28b92e1965ad8b8471d4d0f7595da840,0.6059,incorrect_human_match,pred_rank_1,pred_rank_1_incorrect,silver_strong_negative,has_adopted_url,Wonders,Wonders,McGraw Hill Education,K-6
6c8bf6305d8bbe02c14dd33dd6287a9798a509cf6bf865a6d08a43b580e9564e,629160,Outside Creek Elementary,CA,"K,1,2,3,4,5",Wonders,McGraw Hill Education,,ELA,Core Curriculum,2,cb63ace4b63f023f794c20783e82ee20e0e3fbbd4f901f6d3466fbd8cdc4e743,ELA,Core Curriculum,Wonders: Unspecified,Wonders,McGraw Hill Education,,K-6,Wonders - Wonders: Unspecified (McGraw Hill Education) -  - (K-6),http://www.tcoe.net/districts/outsidecreek.shtm,,24e853362df539c970399d60a8d2a72b635e2ed8b7e66660f237336ba623b493,24e853362df539c970399d60a8d2a72b635e2ed8b7e66660f237336ba623b493,bd94b3f4065c150f81fe00ee938858fdd39d6d61798f05b28371642870e64d4a,0,False,False,0.6392,medium,False,False,primary,0.6392,0.6392,"{""primary"": {""prediction_count"": 3, ""top1_id"": ""bd94b3f4065c150f81fe00ee938858fdd39d6d61798f05b28371642870e64d4a"", ""top1_score"": 0.6392}}",bd94b3f4065c150f81fe00ee938858fdd39d6d61798f05b28371642870e64d4a,0.6392,cb63ace4b63f023f794c20783e82ee20e0e3fbbd4f901f6d3466fbd8cdc4e743,0.6364,371fb164889157519feb76adb751b9fc28b92e1965ad8b8471d4d0f7595da840,0.6059,incorrect_human_match,pred_rank_2,pred_rank_2_incorrect,silver_negative,has_adopted_url,Wonders,Wonders,McGraw Hill Education,K-6
73511753b88c3c7b52b3057a00b1bd55ed7d2507dd51402b2a7c62dadc18e30a,619620,Keyes Union,CA,"K,1,2,3,4,5,6",IXL,IXL Learning,,ELA,Core Curriculum,5,854f236fa100a8173ef91142918fcef8ca3eddb70915b5bc75490037ac4aceab,ELA,Supplemental,IXL Language Arts,IXL,IXL Learning,,PK-12,IXL - IXL Language Arts (IXL Learning) -  - (PK-12),http://www.keyes.k12.ca.us,,854f236fa100a8173ef91142918fcef8ca3eddb70915b5bc75490037ac4aceab,854f236fa100a8173ef91142918fcef8ca3eddb70915b5bc75490037ac4aceab,b7fa2e4a434ea8b4a27ccca72480ad48d1113731f072a341e2cd7bb1fdd7c4ee,0,False,False,0.5874,medium,True,True,title_plus_publisher,0.0,0.5874,"{""primary"": {""prediction_count"": 0, ""top1_id"": """", ""top1_score"": 0.0}, ""publisher_as_title"": {""prediction_count"": 1, ""top1_id"": ""854f236fa100a8173ef91142918fcef8ca3eddb70915b5bc75490037ac4aceab"", ""top1_score"": 0.5823}, ""title_plus_publisher"": {""prediction_count"": 1, ""top1_id"": ""b7fa2e4a434ea8b4a27ccca72480ad48d1113731f072a341e2cd7bb1fdd7c4ee"", ""top1_score"": 0.5874}, ""title_publisher_swapped"": {""prediction_count"": 1, ""top1_id"": ""854f236fa100a8173ef91142918fcef8ca3eddb70915b5bc75490037ac4aceab"", ""top1_score"": 0.5573}}",b7fa2e4a434ea8b4a27ccca72480ad48d1113731f072a341e2cd7bb1fdd7c4ee,0.5874,,,,,correct_human_match,expected_match,expected_match,gold_positive,fallback_selected,IXL Language Arts,IXL,IXL Learning,PK-12
73511753b88c3c7b52b3057a00b1bd55ed7d2507dd51402b2a7c62dadc18e30a,619620,Keyes Union,CA,"K,1,2,3,4,5,6",IXL,IXL Learning,,ELA,Core Curriculum,5,b7fa2e4a434ea8b4a27ccca72480ad48d1113731f072a341e2cd7bb1fdd7c4ee,ELA,Supplemental,IXL Language Arts,IXL,IXL Learning,,PK-12,IXL - IXL Language Arts (IXL Learning) -  - (PK-12),http://www.keyes.k12.ca.us,,854f236fa100a8173ef91142918fcef8ca3eddb70915b5bc75490037ac4aceab,854f236fa100a8173ef91142918fcef8ca3eddb70915b5bc75490037ac4aceab,b7fa2e4a434ea8b4a27ccca72480ad48d1113731f072a341e2cd7bb1fdd7c4ee,0,False,False,0.5874,medium,True,True,title_plus_publisher,0.0,0.5874,"{""primary"": {""prediction_count"": 0, ""top1_id"": """", ""top1_score"": 0.0}, ""publisher_as_title"": {""prediction_count"": 1, ""top1_id"": ""854f236fa100a8173ef91142918fcef8ca3eddb70915b5bc75490037ac4aceab"", ""top1_score"": 0.5823}, ""title_plus_publisher"": {""prediction_count"": 1, ""top1_id"": ""b7fa2e4a434ea8b4a27ccca72480ad48d1113731f072a341e2cd7bb1fdd7c4ee"", ""top1_score"": 0.5874}, ""title_publisher_swapped"": {""prediction_count"": 1, ""top1_id"": ""854f236fa100a8173ef91142918fcef8ca3eddb70915b5bc75490037ac4aceab"", ""top1_score"": 0.5573}}",b7fa2e4a434ea8b4a27ccca72480ad48d1113731f072a341e2cd7bb1fdd7c4ee,0.5874,,,,,incorrect_human_match,pred_rank_1,pred_rank_1_incorrect,silver_strong_negative,fallback_selected,IXL Math,IXL Math,IXL Learning,PK-12
78e1012cbf29eb189376d311849daac74d23f046f83a50cbe23ab043b10f2451,631620,Princeton Joint Unified,CA,"K,1,2,3,4,5,6",Benchmark Advance,,,ELA,Core Curriculum,3,b1d700e1c9cf02fac7bc2c17cd1483ba74f7dd594afc0637ab88ea19ae3cc9ca,ELA,Core Curriculum,Benchmark Advance,Benchmark Advance,Benchmark Education Company,2018,K-6,Benchmark Advance - Benchmark Advance (Benchmark Education Company) - 2018 - (K-6),https://www.pjusd.org/documents/Princeton-Elementary-SARC-English.pdf,,b1d700e1c9cf02fac7bc2c17cd1483ba74f7dd594afc0637ab88ea19ae3cc9ca,b1d700e1c9cf02fac7bc2c17cd1483ba74f7dd594afc0637ab88ea19ae3cc9ca,562cbfc624110c36f3724d669db2a508d7d34edd1544db64fc7e5861b72739a3,0,False,False,0.5911,medium,True,True,title_plus_publisher,0.4551,0.5911,"{""primary"": {""prediction_count"": 3, ""top1_id"": ""479e53f9b447aa4fd0ecf60ab8ec1ada8491423ba770bef02c944e60d793acc0"", ""top1_score"": 0.4551}, ""publisher_as_title"": {""prediction_count"": 0, ""top1_id"": """", ""top1_score"": 0.0}, ""title_plus_publisher"": {""prediction_count"": 3, ""top1_id"": ""562cbfc624110c36f3724d669db2a508d7d34edd1544db64fc7e5861b72739a3"", ""top1_score"": 0.5911}, ""title_publisher_swapped"": {""prediction_count"": 0, ""top1_id"": """", ""top1_score"": 0.0}}",562cbfc624110c36f3724d669db2a508d7d34edd1544db64fc7e5861b72739a3,0.5911,ebcee6cfbe44921aec51ffb2b76ebe16aeae706cd2a90d0889970d5338db8cf4,0.541,40c7f8334c7c32e9db795584a096749f14b43457c8a6cbe9fd46073fccf2d109,0.4667,correct_human_match,expected_match,expected_match,gold_positive,fallback_selected,Benchmark Advance,Benchmark Advance,Benchmark Education Company,K-6
78e1012cbf29eb189376d311849daac74d23f046f83a50cbe23ab043b10f2451,631620,Princeton Joint Unified,CA,"K,1,2,3,4,5,6",Benchmark Advance,,,ELA,Core Curriculum,3,562cbfc624110c36f3724d669db2a508d7d34edd1544db64fc7e5861b72739a3,ELA,Core Curriculum,Benchmark Advance,Benchmark Advance,Benchmark Education Company,2018,K-6,Benchmark Advance - Benchmark Advance (Benchmark Education Company) - 2018 - (K-6),https://www.pjusd.org/documents/Princeton-Elementary-SARC-English.pdf,,b1d700e1c9cf02fac7bc2c17cd1483ba74f7dd594afc0637ab88ea19ae3cc9ca,b1d700e1c9cf02fac7bc2c17cd1483ba74f7dd594afc0637ab88ea19ae3cc9ca,562cbfc624110c36f3724d669db2a508d7d34edd1544db64fc7e5861b72739a3,0,False,False,0.5911,medium,True,True,title_plus_publisher,0.4551,0.5911,"{""primary"": {""prediction_count"": 3, ""top1_id"": ""479e53f9b447aa4fd0ecf60ab8ec1ada8491423ba770bef02c944e60d793acc0"", ""top1_score"": 0.4551}, ""publisher_as_title"": {""prediction_count"": 0, ""top1_id"": """", ""top1_score"": 0.0}, ""title_plus_publisher"": {""prediction_count"": 3, ""top1_id"": ""562cbfc624110c36f3724d669db2a508d7d34edd1544db64fc7e5861b72739a3"", ""top1_score"": 0.5911}, ""title_publisher_swapped"": {""prediction_count"": 0, ""top1_id"": """", ""top1_score"": 0.0}}",562cbfc624110c36f3724d669db2a508d7d34edd1544db64fc7e5861b72739a3,0.5911,ebcee6cfbe44921aec51ffb2b76ebe16aeae706cd2a90d0889970d5338db8cf4,0.541,40c7f8334c7c32e9db795584a096749f14b43457c8a6cbe9fd46073fccf2d109,0.4667,incorrect_human_match,pred_rank_1,pred_rank_1_incorrect,silver_strong_negative,fallback_selected,Benchmark Hello!,Benchmark Supplemental,Benchmark Education Company,3-5
78e1012cbf29eb189376d311849daac74d23f046f83a50cbe23ab043b10f2451,631620,Princeton Joint Unified,CA,"K,1,2,3,4,5,6",Benchmark Advance,,,ELA,Core Curriculum,3,ebcee6cfbe44921aec51ffb2b76ebe16aeae706cd2a90d0889970d5338db8cf4,ELA,Core Curriculum,Benchmark Advance,Benchmark Advance,Benchmark Education Company,2018,K-6,Benchmark Advance - Benchmark Advance (Benchmark Education Company) - 2018 - (K-6),https://www.pjusd.org/documents/Princeton-Elementary-SARC-English.pdf,,b1d700e1c9cf02fac7bc2c17cd1483ba74f7dd594afc0637ab88ea19ae3cc9ca,b1d700e1c9cf02fac7bc2c17cd1483ba74f7dd594afc0637ab88ea19ae3cc9ca,562cbfc624110c36f3724d669db2a508d7d34edd1544db64fc7e5861b72739a3,0,False,False,0.5911,medium,True,True,title_plus_publisher,0.4551,0.5911,"{""primary"": {""prediction_count"": 3, ""top1_id"": ""479e53f9b447aa4fd0ecf60ab8ec1ada8491423ba770bef02c944e60d793acc0"", ""top1_score"": 0.4551}, ""publisher_as_title"": {""prediction_count"": 0, ""top1_id"": """", ""top1_score"": 0.0}, ""title_plus_publisher"": {""prediction_count"": 3, ""top1_id"": ""562cbfc624110c36f3724d669db2a508d7d34edd1544db64fc7e5861b72739a3"", ""top1_score"": 0.5911}, ""title_publisher_swapped"": {""prediction_count"": 0, ""top1_id"": """", ""top1_score"": 0.0}}",562cbfc624110c36f3724d669db2a508d7d34edd1544db64fc7e5861b72739a3,0.5911,ebcee6cfbe44921aec51ffb2b76ebe16aeae706cd2a90d0889970d5338db8cf4,0.541,40c7f8334c7c32e9db795584a096749f14b43457c8a6cbe9fd46073fccf2d109,0.4667,incorrect_human_match,pred_rank_2,pred_rank_2_incorrect,silver_negative,fallback_selected,Benchmark RIGOR,Benchmark Supplemental,Benchmark Education Company,4-12
942a682498e07bae9802c592d796483a702a584476d9b97848b5c6dbdf855114,624900,Millbrae Elementary,CA,"K,1,2,3,4,5",Wonders,McGraw Hill,,ELA,Core Curriculum,3,bd94b3f4065c150f81fe00ee938858fdd39d6d61798f05b28371642870e64d4a,ELA,Core Curriculum,Wonders,Wonders,McGraw Hill Education,2017,K-6,Wonders - Wonders (McGraw Hill Education) - 2017 - (K-6),https://www.millbraeschooldistrict.org/cms/lib/CA50000692/Centricity/Domain/83/2022-2023%20SARC%20-%20Green%20Hills%20Elementary.pdf,,bd94b3f4065c150f81fe00ee938858fdd39d6d61798f05b28371642870e64d4a,bd94b3f4065c150f81fe00ee938858fdd39d6d61798f05b28371642870e64d4a,bd94b3f4065c150f81fe00ee938858fdd39d6d61798f05b28371642870e64d4a,1,True,True,0.6392,medium,False,False,primary,0.6392,0.6392,"{""primary"": {""prediction_count"": 3, ""top1_id"": ""bd94b3f4065c150f81fe00ee938858fdd39d6d61798f05b28371642870e64d4a"", ""top1_score"": 0.6392}}",bd94b3f4065c150f81fe00ee938858fdd39d6d61798f05b28371642870e64d4a,0.6392,cb63ace4b63f023f794c20783e82ee20e0e3fbbd4f901f6d3466fbd8cdc4e743,0.6364,371fb164889157519feb76adb751b9fc28b92e1965ad8b8471d4d0f7595da840,0.6059,correct_human_match,expected_match,expected_match,gold_positive,has_adopted_url,Wonders,Wonders,McGraw Hill Education,K-6
942a682498e07bae9802c592d796483a702a584476d9b97848b5c6dbdf855114,624900,Millbrae Elementary,CA,"K,1,2,3,4,5",Wonders,McGraw Hill,,ELA,Core Curriculum,3,cb63ace4b63f023f794c20783e82ee20e0e3fbbd4f901f6d3466fbd8cdc4e743,ELA,Core Curriculum,Wonders,Wonders,McGraw Hill Education,2017,K-6,Wonders - Wonders (McGraw Hill Education) - 2017 - (K-6),https://www.millbraeschooldistrict.org/cms/lib/CA50000692/Centricity/Domain/83/2022-2023%20SARC%20-%20Green%20Hills%20Elementary.pdf,,bd94b3f4065c150f81fe00ee938858fdd39d6d61798f05b28371642870e64d4a,bd94b3f4065c150f81fe00ee938858fdd39d6d61798f05b28371642870e64d4a,bd94b3f4065c150f81fe00ee938858fdd39d6d61798f05b28371642870e64d4a,1,True,True,0.6392,medium,False,False,primary,0.6392,0.6392,"{""primary"": {""prediction_count"": 3, ""top1_id"": ""bd94b3f4065c150f81fe00ee938858fdd39d6d61798f05b28371642870e64d4a"", ""top1_score"": 0.6392}}",bd94b3f4065c150f81fe00ee938858fdd39d6d61798f05b28371642870e64d4a,0.6392,cb63ace4b63f023f794c20783e82ee20e0e3fbbd4f901f6d3466fbd8cdc4e743,0.6364,371fb164889157519feb76adb751b9fc28b92e1965ad8b8471d4d0f7595da840,0.6059,incorrect_human_match,pred_rank_2,pred_rank_2_incorrect,silver_negative,has_adopted_url,Wonders,Wonders,McGraw Hill Education,K-6
942a682498e07bae9802c592d796483a702a584476d9b97848b5c6dbdf855114,624900,Millbrae Elementary,CA,"K,1,2,3,4,5",Wonders,McGraw Hill,,ELA,Core Curriculum,3,371fb164889157519feb76adb751b9fc28b92e1965ad8b8471d4d0f7595da840,ELA,Core Curriculum,Wonders,Wonders,McGraw Hill Education,2017,K-6,Wonders - Wonders (McGraw Hill Education) - 2017 - (K-6),https://www.millbraeschooldistrict.org/cms/lib/CA50000692/Centricity/Domain/83/2022-2023%20SARC%20-%20Green%20Hills%20Elementary.pdf,,bd94b3f4065c150f81fe00ee938858fdd39d6d61798f05b28371642870e64d4a,bd94b3f4065c150f81fe00ee938858fdd39d6d61798f05b28371642870e64d4a,bd94b3f4065c150f81fe00ee938858fdd39d6d61798f05b28371642870e64d4a,1,True,True,0.6392,medium,False,False,primary,0.6392,0.6392,"{""primary"": {""prediction_count"": 3, ""top1_id"": ""bd94b3f4065c150f81fe00ee938858fdd39d6d61798f05b28371642870e64d4a"", ""top1_score"": 0.6392}}",bd94b3f4065c150f81fe00ee938858fdd39d6d61798f05b28371642870e64d4a,0.6392,cb63ace4b63f023f794c20783e82ee20e0e3fbbd4f901f6d3466fbd8cdc4e743,0.6364,371fb164889157519feb76adb751b9fc28b92e1965ad8b8471d4d0f7595da840,0.6059,incorrect_human_match,pred_rank_3,pred_rank_3_incorrect,silver_negative,has_adopted_url,Wonders,Wonders,McGraw Hill Education,K-6
94881072c2d63805dcd0e81b0514ac2b804fe66c6611a93440bbe5e08492f6da,619620,Keyes Union,CA,"K,1,2,3,4,5,6",IXL,IXL Learning,,ELA,Core Curriculum,1,854f236fa100a8173ef91142918fcef8ca3eddb70915b5bc75490037ac4aceab,ELA,Supplemental,IXL Language Arts,IXL,IXL Learning,,PK-12,IXL - IXL Language Arts (IXL Learning) -  - (PK-12),http://www.keyes.k12.ca.us,,854f236fa100a8173ef91142918fcef8ca3eddb70915b5bc75490037ac4aceab,854f236fa100a8173ef91142918fcef8ca3eddb70915b5bc75490037ac4aceab,b7fa2e4a434ea8b4a27ccca72480ad48d1113731f072a341e2cd7bb1fdd7c4ee,0,False,False,0.5874,medium,True,True,title_plus_publisher,0.0,0.5874,"{""primary"": {""prediction_count"": 0, ""top1_id"": """", ""top1_score"": 0.0}, ""publisher_as_title"": {""prediction_count"": 1, ""top1_id"": ""854f236fa100a8173ef91142918fcef8ca3eddb70915b5bc75490037ac4aceab"", ""top1_score"": 0.5823}, ""title_plus_publisher"": {""prediction_count"": 1, ""top1_id"": ""b7fa2e4a434ea8b4a27ccca72480ad48d1113731f072a341e2cd7bb1fdd7c4ee"", ""top1_score"": 0.5874}, ""title_publisher_swapped"": {""prediction_count"": 1, ""top1_id"": ""854f236fa100a8173ef91142918fcef8ca3eddb70915b5bc75490037ac4aceab"", ""top1_score"": 0.5573}}",b7fa2e4a434ea8b4a27ccca72480ad48d1113731f072a341e2cd7bb1fdd7c4ee,0.5874,,,,,correct_human_match,expected_match,expected_match,gold_positive,fallback_selected,IXL Language Arts,IXL,IXL Learning,PK-12
94881072c2d63805dcd0e81b0514ac2b804fe66c6611a93440bbe5e08492f6da,619620,Keyes Union,CA,"K,1,2,3,4,5,6",IXL,IXL Learning,,ELA,Core Curriculum,1,b7fa2e4a434ea8b4a27ccca72480ad48d1113731f072a341e2cd7bb1fdd7c4ee,ELA,Supplemental,IXL Language Arts,IXL,IXL Learning,,PK-12,IXL - IXL Language Arts (IXL Learning) -  - (PK-12),http://www.keyes.k12.ca.us,,854f236fa100a8173ef91142918fcef8ca3eddb70915b5bc75490037ac4aceab,854f236fa100a8173ef91142918fcef8ca3eddb70915b5bc75490037ac4aceab,b7fa2e4a434ea8b4a27ccca72480ad48d1113731f072a341e2cd7bb1fdd7c4ee,0,False,False,0.5874,medium,True,True,title_plus_publisher,0.0,0.5874,"{""primary"": {""prediction_count"": 0, ""top1_id"": """", ""top1_score"": 0.0}, ""publisher_as_title"": {""prediction_count"": 1, ""top1_id"": ""854f236fa100a8173ef91142918fcef8ca3eddb70915b5bc75490037ac4aceab"", ""top1_score"": 0.5823}, ""title_plus_publisher"": {""prediction_count"": 1, ""top1_id"": ""b7fa2e4a434ea8b4a27ccca72480ad48d1113731f072a341e2cd7bb1fdd7c4ee"", ""top1_score"": 0.5874}, ""title_publisher_swapped"": {""prediction_count"": 1, ""top1_id"": ""854f236fa100a8173ef91142918fcef8ca3eddb70915b5bc75490037ac4aceab"", ""top1_score"": 0.5573}}",b7fa2e4a434ea8b4a27ccca72480ad48d1113731f072a341e2cd7bb1fdd7c4ee,0.5874,,,,,incorrect_human_match,pred_rank_1,pred_rank_1_incorrect,silver_strong_negative,fallback_selected,IXL Math,IXL Math,IXL Learning,PK-12
a17a64fdc7275a8f38e046ba1e5fbe4f63aa008e00b0690c93aa4c95e39ddf3c,629160,Outside Creek Elementary,CA,"6,7,8",Lexia PowerUp Literacy,Cambium Learning Group,,ELA,Core Curriculum,7,5fb10758249670e6952d5f6ce2be127c3d9e0ce34c4fa86b96769758cbf60b33,ELA,Supplemental,Lexia PowerUp Literacy,Lexia,Cambium Learning Group,,6-12,Lexia - Lexia PowerUp Literacy (Cambium Learning Group) -  - (6-12),http://www.tcoe.net/districts/outsidecreek.shtm,,5fb10758249670e6952d5f6ce2be127c3d9e0ce34c4fa86b96769758cbf60b33,5fb10758249670e6952d5f6ce2be127c3d9e0ce34c4fa86b96769758cbf60b33,5fb10758249670e6952d5f6ce2be127c3d9e0ce34c4fa86b96769758cbf60b33,1,True,True,0.8729,high,False,False,primary,0.8729,0.8729,"{""primary"": {""prediction_count"": 2, ""top1_id"": ""5fb10758249670e6952d5f6ce2be127c3d9e0ce34c4fa86b96769758cbf60b33"", ""top1_score"": 0.8729}}",5fb10758249670e6952d5f6ce2be127c3d9e0ce34c4fa86b96769758cbf60b33,0.8729,1ecd5f28439bc395e4a9fd7f2afc923ebf4d1d937668e33c8639f85f497c16ca,0.4898,,,correct_human_match,expected_match,expected_match,gold_positive,has_adopted_url,Lexia PowerUp Literacy,Lexia,Cambium Learning Group,6-12
a17a64fdc7275a8f38e046ba1e5fbe4f63aa008e00b0690c93aa4c95e39ddf3c,629160,Outside Creek Elementary,CA,"6,7,8",Lexia PowerUp Literacy,Cambium Learning Group,,ELA,Core Curriculum,7,1ecd5f28439bc395e4a9fd7f2afc923ebf4d1d937668e33c8639f85f497c16ca,ELA,Supplemental,Lexia PowerUp Literacy,Lexia,Cambium Learning Group,,6-12,Lexia - Lexia PowerUp Literacy (Cambium Learning Group) -  - (6-12),http://www.tcoe.net/districts/outsidecreek.shtm,,5fb10758249670e6952d5f6ce2be127c3d9e0ce34c4fa86b96769758cbf60b33,5fb10758249670e6952d5f6ce2be127c3d9e0ce34c4fa86b96769758cbf60b33,5fb10758249670e6952d5f6ce2be127c3d9e0ce34c4fa86b96769758cbf60b33,1,True,True,0.8729,high,False,False,primary,0.8729,0.8729,"{""primary"": {""prediction_count"": 2, ""top1_id"": ""5fb10758249670e6952d5f6ce2be127c3d9e0ce34c4fa86b96769758cbf60b33"", ""top1_score"": 0.8729}}",5fb10758249670e6952d5f6ce2be127c3d9e0ce34c4fa86b96769758cbf60b33,0.8729,1ecd5f28439bc395e4a9fd7f2afc923ebf4d1d937668e33c8639f85f497c16ca,0.4898,,,incorrect_human_match,pred_rank_2,pred_rank_2_incorrect,silver_negative,has_adopted_url,Literacy Pro,Literacy Pro,Scholastic,K-8
b47ec933ec67602f174387926323f5805b67c3ce31f0f62d7aef5518d4e8eaa5,616080,Greenfield Union Elementary,CA,"6,7,8",Read 180,,,ELA,Supplemental,8,5895064eb747df3b238600e72d418a2eed6395219bbde59421e99fa54109ee7a,ELA,Supplemental,Read 180,Read 180,Houghton Mifflin Harcourt,2023,4-12,Read 180 - Read 180 (Houghton Mifflin Harcourt) - 2023 - (4-12),https://4.files.edl.io/f669/01/12/24/222232-0f120961-8fd6-4f2e-82b9-e85571fa117d.pdf,,5895064eb747df3b238600e72d418a2eed6395219bbde59421e99fa54109ee7a,5895064eb747df3b238600e72d418a2eed6395219bbde59421e99fa54109ee7a,5895064eb747df3b238600e72d418a2eed6395219bbde59421e99fa54109ee7a,1,True,True,0.5918,medium,False,False,primary,0.5918,0.5918,"{""primary"": {""prediction_count"": 2, ""top1_id"": ""5895064eb747df3b238600e72d418a2eed6395219bbde59421e99fa54109ee7a"", ""top1_score"": 0.5918}}",5895064eb747df3b238600e72d418a2eed6395219bbde59421e99fa54109ee7a,0.5918,e42ff45342e0b96283255ddee6d5b40818e624e1de2c594355471f32e6cc7f6e,0.4943,,,correct_human_match,expected_match,expected_match,gold_positive,has_adopted_url,Read 180,Read 180,Houghton Mifflin Harcourt,4-12
b47ec933ec67602f174387926323f5805b67c3ce31f0f62d7aef5518d4e8eaa5,616080,Greenfield Union Elementary,CA,"6,7,8",Read 180,,,ELA,Supplemental,8,e42ff45342e0b96283255ddee6d5b40818e624e1de2c594355471f32e6cc7f6e,ELA,Supplemental,Read 180,Read 180,Houghton Mifflin Harcourt,2023,4-12,Read 180 - Read 180 (Houghton Mifflin Harcourt) - 2023 - (4-12),https://4.files.edl.io/f669/01/12/24/222232-0f120961-8fd6-4f2e-82b9-e85571fa117d.pdf,,5895064eb747df3b238600e72d418a2eed6395219bbde59421e99fa54109ee7a,5895064eb747df3b238600e72d418a2eed6395219bbde59421e99fa54109ee7a,5895064eb747df3b238600e72d418a2eed6395219bbde59421e99fa54109ee7a,1,True,True,0.5918,medium,False,False,primary,0.5918,0.5918,"{""primary"": {""prediction_count"": 2, ""top1_id"": ""5895064eb747df3b238600e72d418a2eed6395219bbde59421e99fa54109ee7a"", ""top1_score"": 0.5918}}",5895064eb747df3b238600e72d418a2eed6395219bbde59421e99fa54109ee7a,0.5918,e42ff45342e0b96283255ddee6d5b40818e624e1de2c594355471f32e6cc7f6e,0.4943,,,incorrect_human_match,pred_rank_2,pred_rank_2_incorrect,silver_negative,has_adopted_url,"Read 180, California Edition",Read 180,Houghton Mifflin Harcourt,3-12
bf2f1810ae59fa2489c5ff573da5c4795c90445a1fd707b709de05c29146a742,619620,Keyes Union,CA,"K,1,2,3,4,5,6",Core Knowledge Language Arts,Amplify,,ELA,Core Curriculum,4,539d07b71b15547721ffdeb4de0998a4ad319da0f0b68c12af4c0543d737818a,ELA,Core Curriculum,Amplify CKLA: Unspecified,Core Knowledge Language Arts (CKLA),Amplify,,PK-5,Core Knowledge Language Arts (CKLA) - Amplify CKLA: Unspecified (Amplify) -  - (PK-5),http://www.keyes.k12.ca.us,,539d07b71b15547721ffdeb4de0998a4ad319da0f0b68c12af4c0543d737818a,539d07b71b15547721ffdeb4de0998a4ad319da0f0b68c12af4c0543d737818a,ca796085390a68eae851c8dc2a01367e6662c569dd09f4465ad0d2c1591e99d8,0,False,False,0.6891,medium,False,False,primary,0.6891,0.6891,"{""primary"": {""prediction_count"": 3, ""top1_id"": ""ca796085390a68eae851c8dc2a01367e6662c569dd09f4465ad0d2c1591e99d8"", ""top1_score"": 0.6891}}",ca796085390a68eae851c8dc2a01367e6662c569dd09f4465ad0d2c1591e99d8,0.6891,aa8cb44949d004efb59d1544f42e70fd18eed9770041add02ec7b0149dfd9563,0.6846,40a77e0c3f2dc80723d8cab67c9e93cb6afcfa72ca2d19057b05b9db1fb61a05,0.6799,correct_human_match,expected_match,expected_match,gold_positive,has_adopted_url,Amplify CKLA: Unspecified,Core Knowledge Language Arts (CKLA),Amplify,PK-5
bf2f1810ae59fa2489c5ff573da5c4795c90445a1fd707b709de05c29146a742,619620,Keyes Union,CA,"K,1,2,3,4,5,6",Core Knowledge Language Arts,Amplify,,ELA,Core Curriculum,4,ca796085390a68eae851c8dc2a01367e6662c569dd09f4465ad0d2c1591e99d8,ELA,Core Curriculum,Amplify CKLA: Unspecified,Core Knowledge Language Arts (CKLA),Amplify,,PK-5,Core Knowledge Language Arts (CKLA) - Amplify CKLA: Unspecified (Amplify) -  - (PK-5),http://www.keyes.k12.ca.us,,539d07b71b15547721ffdeb4de0998a4ad319da0f0b68c12af4c0543d737818a,539d07b71b15547721ffdeb4de0998a4ad319da0f0b68c12af4c0543d737818a,ca796085390a68eae851c8dc2a01367e6662c569dd09f4465ad0d2c1591e99d8,0,False,False,0.6891,medium,False,False,primary,0.6891,0.6891,"{""primary"": {""prediction_count"": 3, ""top1_id"": ""ca796085390a68eae851c8dc2a01367e6662c569dd09f4465ad0d2c1591e99d8"", ""top1_score"": 0.6891}}",ca796085390a68eae851c8dc2a01367e6662c569dd09f4465ad0d2c1591e99d8,0.6891,aa8cb44949d004efb59d1544f42e70fd18eed9770041add02ec7b0149dfd9563,0.6846,40a77e0c3f2dc80723d8cab67c9e93cb6afcfa72ca2d19057b05b9db1fb61a05,0.6799,incorrect_human_match,pred_rank_1,pred_rank_1_incorrect,silver_strong_negative,has_adopted_url,Amplify CKLA,Core Knowledge Language Arts (CKLA),Amplify,PK-5
bf2f1810ae59fa2489c5ff573da5c4795c90445a1fd707b709de05c29146a742,619620,Keyes Union,CA,"K,1,2,3,4,5,6",Core Knowledge Language Arts,Amplify,,ELA,Core Curriculum,4,aa8cb44949d004efb59d1544f42e70fd18eed9770041add02ec7b0149dfd9563,ELA,Core Curriculum,Amplify CKLA: Unspecified,Core Knowledge Language Arts (CKLA),Amplify,,PK-5,Core Knowledge Language Arts (CKLA) - Amplify CKLA: Unspecified (Amplify) -  - (PK-5),http://www.keyes.k12.ca.us,,539d07b71b15547721ffdeb4de0998a4ad319da0f0b68c12af4c0543d737818a,539d07b71b15547721ffdeb4de0998a4ad319da0f0b68c12af4c0543d737818a,ca796085390a68eae851c8dc2a01367e6662c569dd09f4465ad0d2c1591e99d8,0,False,False,0.6891,medium,False,False,primary,0.6891,0.6891,"{""primary"": {""prediction_count"": 3, ""top1_id"": ""ca796085390a68eae851c8dc2a01367e6662c569dd09f4465ad0d2c1591e99d8"", ""top1_score"": 0.6891}}",ca796085390a68eae851c8dc2a01367e6662c569dd09f4465ad0d2c1591e99d8,0.6891,aa8cb44949d004efb59d1544f42e70fd18eed9770041add02ec7b0149dfd9563,0.6846,40a77e0c3f2dc80723d8cab67c9e93cb6afcfa72ca2d19057b05b9db1fb61a05,0.6799,incorrect_human_match,pred_rank_2,pred_rank_2_incorrect,silver_negative,has_adopted_url,Amplify CKLA,Core Knowledge Language Arts (CKLA),Amplify,K-5
cb86412ddef32d6f834f603b90017860558b70979f4d29696654879e3286e0c9,619620,Keyes Union,CA,"3,4,5,6",Handwriting without Tears Grammar Usage Mechanics (GUM),Learning without Tears,,ELA,Core Curriculum,6,e8b4730ef821f5890c42b5a0a8ff1e7ec6b8d1403305db0e75b28ef28a863618,ELA,Supplemental,Handwriting Without Tears,Handwriting Without Tears,Learning Without Tears,2014-2025,PK-6,Handwriting Without Tears - Handwriting Without Tears (Learning Without Tears) - 2014-2025 - (PK-6),http://www.keyes.k12.ca.us,,e8b4730ef821f5890c42b5a0a8ff1e7ec6b8d1403305db0e75b28ef28a863618,e8b4730ef821f5890c42b5a0a8ff1e7ec6b8d1403305db0e75b28ef28a863618,e8b4730ef821f5890c42b5a0a8ff1e7ec6b8d1403305db0e75b28ef28a863618,1,True,True,0.7934,medium,False,False,primary,0.7934,0.7934,"{""primary"": {""prediction_count"": 1, ""top1_id"": ""e8b4730ef821f5890c42b5a0a8ff1e7ec6b8d1403305db0e75b28ef28a863618"", ""top1_score"": 0.7934}}",e8b4730ef821f5890c42b5a0a8ff1e7ec6b8d1403305db0e75b28ef28a863618,0.7934,,,,,correct_human_match,expected_match,expected_match,gold_positive,has_adopted_url,Handwriting Without Tears,Handwriting Without Tears,Learning Without Tears,PK-6
cd61064af01d6d4c15313655d53ad68b1e24249966e0370b25e02a4896a433c9,619620,Keyes Union,CA,"3,4,5,6",Handwriting without Tears Grammar Usage Mechanics (GUM),Learning without Tears,,ELA,Core Curriculum,5,e8b4730ef821f5890c42b5a0a8ff1e7ec6b8d1403305db0e75b28ef28a863618,ELA,Supplemental,Handwriting Without Tears,Handwriting Without Tears,Learning Without Tears,2014-2025,PK-6,Handwriting Without Tears - Handwriting Without Tears (Learning Without Tears) - 2014-2025 - (PK-6),http://www.keyes.k12.ca.us,,e8b4730ef821f5890c42b5a0a8ff1e7ec6b8d1403305db0e75b28ef28a863618,e8b4730ef821f5890c42b5a0a8ff1e7ec6b8d1403305db0e75b28ef28a863618,e8b4730ef821f5890c42b5a0a8ff1e7ec6b8d1403305db0e75b28ef28a863618,1,True,True,0.7634,medium,False,False,primary,0.7634,0.7634,"{""primary"": {""prediction_count"": 1, ""top1_id"": ""e8b4730ef821f5890c42b5a0a8ff1e7ec6b8d1403305db0e75b28ef28a863618"", ""top1_score"": 0.7634}}",e8b4730ef821f5890c42b5a0a8ff1e7ec6b8d1403305db0e75b28ef28a863618,0.7634,,,,,correct_human_match,expected_match,expected_match,gold_positive,has_adopted_url,Handwriting Without Tears,Handwriting Without Tears,Learning Without Tears,PK-6
f3835a42421f66f018ecb5303bafeffc43b32b6910c1fd31907708068e17f645,629160,Outside Creek Elementary,CA,"K,1,2,3,4,5",Lexia Core5 Reading,Cambium Learning Group,,ELA,Core Curriculum,K,d499119780cdb98b9b6a2a91f1bab8d6286296d5d83c487c7dfe9e970680c2d5,ELA,Supplemental,Lexia Core5 Reading,Lexia,Cambium Learning Group,,PK-5,Lexia - Lexia Core5 Reading (Cambium Learning Group) -  - (PK-5),http://www.tcoe.net/districts/outsidecreek.shtm,,d499119780cdb98b9b6a2a91f1bab8d6286296d5d83c487c7dfe9e970680c2d5,d499119780cdb98b9b6a2a91f1bab8d6286296d5d83c487c7dfe9e970680c2d5,d499119780cdb98b9b6a2a91f1bab8d6286296d5d83c487c7dfe9e970680c2d5,1,True,True,0.6891,medium,False,False,primary,0.6891,0.6891,"{""primary"": {""prediction_count"": 2, ""top1_id"": ""d499119780cdb98b9b6a2a91f1bab8d6286296d5d83c487c7dfe9e970680c2d5"", ""top1_score"": 0.6891}}",d499119780cdb98b9b6a2a91f1bab8d6286296d5d83c487c7dfe9e970680c2d5,0.6891,0614d3f05e87af629386ca59b07e3ed9fee760030cd6dc5411562aad45227a98,0.4264,,,correct_human_match,expected_match,expected_match,gold_positive,has_adopted_url,Lexia Core5 Reading,Lexia,Cambium Learning Group,PK-5
f3835a42421f66f018ecb5303bafeffc43b32b6910c1fd31907708068e17f645,629160,Outside Creek Elementary,CA,"K,1,2,3,4,5",Lexia Core5 Reading,Cambium Learning Group,,ELA,Core Curriculum,K,0614d3f05e87af629386ca59b07e3ed9fee760030cd6dc5411562aad45227a98,ELA,Supplemental,Lexia Core5 Reading,Lexia,Cambium Learning Group,,PK-5,Lexia - Lexia Core5 Reading (Cambium Learning Group) -  - (PK-5),http://www.tcoe.net/districts/outsidecreek.shtm,,d499119780cdb98b9b6a2a91f1bab8d6286296d5d83c487c7dfe9e970680c2d5,d499119780cdb98b9b6a2a91f1bab8d6286296d5d83c487c7dfe9e970680c2d5,d499119780cdb98b9b6a2a91f1bab8d6286296d5d83c487c7dfe9e970680c2d5,1,True,True,0.6891,medium,False,False,primary,0.6891,0.6891,"{""primary"": {""prediction_count"": 2, ""top1_id"": ""d499119780cdb98b9b6a2a91f1bab8d6286296d5d83c487c7dfe9e970680c2d5"", ""top1_score"": 0.6891}}",d499119780cdb98b9b6a2a91f1bab8d6286296d5d83c487c7dfe9e970680c2d5,0.6891,0614d3f05e87af629386ca59b07e3ed9fee760030cd6dc5411562aad45227a98,0.4264,,,incorrect_human_match,pred_rank_2,pred_rank_2_incorrect,silver_negative,has_adopted_url,Excite Reading,Excite Reading,Learning Ally,PK-5
1ff02bd7d5085ea437ee3dc812fe953141aa57c2adfb54672f2e5b92e1c7da9d,642810,Wilsona Elementary,CA,"K,1,2,3,4,5",Wonders,McGraw-Hill,2016.0,ELA,Core Curriculum,1,bd94b3f4065c150f81fe00ee938858fdd39d6d61798f05b28371642870e64d4a,ELA,Core Curriculum,Wonders,Wonders,McGraw Hill Education,2017,K-6,Wonders - Wonders (McGraw Hill Education) - 2017 - (K-6),https://resources.finalsite.net/images/v1706756193/sbcusdcom/nflemthdv6d5ri43seht/2023-2024Wilson_En.pdf,,bd94b3f4065c150f81fe00ee938858fdd39d6d61798f05b28371642870e64d4a,bd94b3f4065c150f81fe00ee938858fdd39d6d61798f05b28371642870e64d4a,bd94b3f4065c150f81fe00ee938858fdd39d6d61798f05b28371642870e64d4a,1,True,True,0.6392,medium,False,False,primary,0.6392,0.6392,"{""primary"": {""prediction_count"": 3, ""top1_id"": ""bd94b3f4065c150f81fe00ee938858fdd39d6d61798f05b28371642870e64d4a"", ""top1_score"": 0.6392}}",bd94b3f4065c150f81fe00ee938858fdd39d6d61798f05b28371642870e64d4a,0.6392,cb63ace4b63f023f794c20783e82ee20e0e3fbbd4f901f6d3466fbd8cdc4e743,0.6364,371fb164889157519feb76adb751b9fc28b92e1965ad8b8471d4d0f7595da840,0.6059,correct_human_match,expected_match,expected_match,gold_positive,has_adopted_url,Wonders,Wonders,McGraw Hill Education,K-6
1ff02bd7d5085ea437ee3dc812fe953141aa57c2adfb54672f2e5b92e1c7da9d,642810,Wilsona Elementary,CA,"K,1,2,3,4,5",Wonders,McGraw-Hill,2016.0,ELA,Core Curriculum,1,cb63ace4b63f023f794c20783e82ee20e0e3fbbd4f901f6d3466fbd8cdc4e743,ELA,Core Curriculum,Wonders,Wonders,McGraw Hill Education,2017,K-6,Wonders - Wonders (McGraw Hill Education) - 2017 - (K-6),https://resources.finalsite.net/images/v1706756193/sbcusdcom/nflemthdv6d5ri43seht/2023-2024Wilson_En.pdf,,bd94b3f4065c150f81fe00ee938858fdd39d6d61798f05b28371642870e64d4a,bd94b3f4065c150f81fe00ee938858fdd39d6d61798f05b28371642870e64d4a,bd94b3f4065c150f81fe00ee938858fdd39d6d61798f05b28371642870e64d4a,1,True,True,0.6392,medium,False,False,primary,0.6392,0.6392,"{""primary"": {""prediction_count"": 3, ""top1_id"": ""bd94b3f4065c150f81fe00ee938858fdd39d6d61798f05b28371642870e64d4a"", ""top1_score"": 0.6392}}",bd94b3f4065c150f81fe00ee938858fdd39d6d61798f05b28371642870e64d4a,0.6392,cb63ace4b63f023f794c20783e82ee20e0e3fbbd4f901f6d3466fbd8cdc4e743,0.6364,371fb164889157519feb76adb751b9fc28b92e1965ad8b8471d4d0f7595da840,0.6059,incorrect_human_match,pred_rank_2,pred_rank_2_incorrect,silver_negative,has_adopted_url,Wonders,Wonders,McGraw Hill Education,K-6
1ff02bd7d5085ea437ee3dc812fe953141aa57c2adfb54672f2e5b92e1c7da9d,642810,Wilsona Elementary,CA,"K,1,2,3,4,5",Wonders,McGraw-Hill,2016.0,ELA,Core Curriculum,1,371fb164889157519feb76adb751b9fc28b92e1965ad8b8471d4d0f7595da840,ELA,Core Curriculum,Wonders,Wonders,McGraw Hill Education,2017,K-6,Wonders - Wonders (McGraw Hill Education) - 2017 - (K-6),https://resources.finalsite.net/images/v1706756193/sbcusdcom/nflemthdv6d5ri43seht/2023-2024Wilson_En.pdf,,bd94b3f4065c150f81fe00ee938858fdd39d6d61798f05b28371642870e64d4a,bd94b3f4065c150f81fe00ee938858fdd39d6d61798f05b28371642870e64d4a,bd94b3f4065c150f81fe00ee938858fdd39d6d61798f05b28371642870e64d4a,1,True,True,0.6392,medium,False,False,primary,0.6392,0.6392,"{""primary"": {""prediction_count"": 3, ""top1_id"": ""bd94b3f4065c150f81fe00ee938858fdd39d6d61798f05b28371642870e64d4a"", ""top1_score"": 0.6392}}",bd94b3f4065c150f81fe00ee938858fdd39d6d61798f05b28371642870e64d4a,0.6392,cb63ace4b63f023f794c20783e82ee20e0e3fbbd4f901f6d3466fbd8cdc4e743,0.6364,371fb164889157519feb76adb751b9fc28b92e1965ad8b8471d4d0f7595da840,0.6059,incorrect_human_match,pred_rank_3,pred_rank_3_incorrect,silver_negative,has_adopted_url,Wonders,Wonders,McGraw Hill Education,K-6
201a8efd234d8a5b78b72ddbb2a4e9b4de50e3b74fb6884740d38d7ab6116448,600001,Acton-Agua Dulce Unified,CA,"6,7,8",Edmentum,,,ELA,Supplemental,8,b069d9d2b6db44e85684468691ea178dc66dccd40c77801aec9cbffc1eefd7b8,ELA,Supplemental,Edmentum  ELA: Unspecified,Edmentum ELA,Edmentum,,K-12,Edmentum ELA - Edmentum  ELA: Unspecified (Edmentum) -  - (K-12),https://drive.google.com/drive/folders/1LB69Rg9sHLEySAgvd7JAv-7ilnU9CY0z,,b069d9d2b6db44e85684468691ea178dc66dccd40c77801aec9cbffc1eefd7b8,b069d9d2b6db44e85684468691ea178dc66dccd40c77801aec9cbffc1eefd7b8,6371e0b506eda1cc8b0f0b1d4559f1ce942a6a513f5884ed161ae1ef53b07aed,0,False,False,0.4833,low,True,True,title_plus_publisher,0.0,0.4833,"{""primary"": {""prediction_count"": 0, ""top1_id"": """", ""top1_score"": 0.0}, ""publisher_as_title"": {""prediction_count"": 0, ""top1_id"": """", ""top1_score"": 0.0}, ""title_plus_publisher"": {""prediction_count"": 3, ""top1_id"": ""6371e0b506eda1cc8b0f0b1d4559f1ce942a6a513f5884ed161ae1ef53b07aed"", ""top1_score"": 0.4833}, ""title_publisher_swapped"": {""prediction_count"": 0, ""top1_id"": """", ""top1_score"": 0.0}}",6371e0b506eda1cc8b0f0b1d4559f1ce942a6a513f5884ed161ae1ef53b07aed,0.4833,5382f9568a296bf8bd3064ec2b230518afb3c845a68454ac3a503b14fcf772ff,0.469,2daebe4b8451e0282382c810ee95aba79eee67aea20cf6ecb00273111a08b57d,0.4643,correct_human_match,expected_match,expected_match,gold_positive,fallback_selected,Edmentum  ELA: Unspecified,Edmentum ELA,Edmentum,K-12
201a8efd234d8a5b78b72ddbb2a4e9b4de50e3b74fb6884740d38d7ab6116448,600001,Acton-Agua Dulce Unified,CA,"6,7,8",Edmentum,,,ELA,Supplemental,8,6371e0b506eda1cc8b0f0b1d4559f1ce942a6a513f5884ed161ae1ef53b07aed,ELA,Supplemental,Edmentum  ELA: Unspecified,Edmentum ELA,Edmentum,,K-12,Edmentum ELA - Edmentum  ELA: Unspecified (Edmentum) -  - (K-12),https://drive.google.com/drive/folders/1LB69Rg9sHLEySAgvd7JAv-7ilnU9CY0z,,b069d9d2b6db44e85684468691ea178dc66dccd40c77801aec9cbffc1eefd7b8,b069d9d2b6db44e85684468691ea178dc66dccd40c77801aec9cbffc1eefd7b8,6371e0b506eda1cc8b0f0b1d4559f1ce942a6a513f5884ed161ae1ef53b07aed,0,False,False,0.4833,low,True,True,title_plus_publisher,0.0,0.4833,"{""primary"": {""prediction_count"": 0, ""top1_id"": """", ""top1_score"": 0.0}, ""publisher_as_title"": {""prediction_count"": 0, ""top1_id"": """", ""top1_score"": 0.0}, ""title_plus_publisher"": {""prediction_count"": 3, ""top1_id"": ""6371e0b506eda1cc8b0f0b1d4559f1ce942a6a513f5884ed161ae1ef53b07aed"", ""top1_score"": 0.4833}, ""title_publisher_swapped"": {""prediction_count"": 0, ""top1_id"": """", ""top1_score"": 0.0}}",6371e0b506eda1cc8b0f0b1d4559f1ce942a6a513f5884ed161ae1ef53b07aed,0.4833,5382f9568a296bf8bd3064ec2b230518afb3c845a68454ac3a503b14fcf772ff,0.469,2daebe4b8451e0282382c810ee95aba79eee67aea20cf6ecb00273111a08b57d,0.4643,incorrect_human_match,pred_rank_1,pred_rank_1_incorrect,silver_strong_negative,fallback_selected,Edmentum Math Courseware: Unspecified,Edmentum Courseware,Edmentum,6-12
201a8efd234d8a5b78b72ddbb2a4e9b4de50e3b74fb6884740d38d7ab6116448,600001,Acton-Agua Dulce Unified,CA,"6,7,8",Edmentum,,,ELA,Supplemental,8,5382f9568a296bf8bd3064ec2b230518afb3c845a68454ac3a503b14fcf772ff,ELA,Supplemental,Edmentum  ELA: Unspecified,Edmentum ELA,Edmentum,,K-12,Edmentum ELA - Edmentum  ELA: Unspecified (Edmentum) -  - (K-12),https://drive.google.com/drive/folders/1LB69Rg9sHLEySAgvd7JAv-7ilnU9CY0z,,b069d9d2b6db44e85684468691ea178dc66dccd40c77801aec9cbffc1eefd7b8,b069d9d2b6db44e85684468691ea178dc66dccd40c77801aec9cbffc1eefd7b8,6371e0b506eda1cc8b0f0b1d4559f1ce942a6a513f5884ed161ae1ef53b07aed,0,False,False,0.4833,low,True,True,title_plus_publisher,0.0,0.4833,"{""primary"": {""prediction_count"": 0, ""top1_id"": """", ""top1_score"": 0.0}, ""publisher_as_title"": {""prediction_count"": 0, ""top1_id"": """", ""top1_score"": 0.0}, ""title_plus_publisher"": {""prediction_count"": 3, ""top1_id"": ""6371e0b506eda1cc8b0f0b1d4559f1ce942a6a513f5884ed161ae1ef53b07aed"", ""top1_score"": 0.4833}, ""title_publisher_swapped"": {""prediction_count"": 0, ""top1_id"": """", ""top1_score"": 0.0}}",6371e0b506eda1cc8b0f0b1d4559f1ce942a6a513f5884ed161ae1ef53b07aed,0.4833,5382f9568a296bf8bd3064ec2b230518afb3c845a68454ac3a503b14fcf772ff,0.469,2daebe4b8451e0282382c810ee95aba79eee67aea20cf6ecb00273111a08b57d,0.4643,incorrect_human_match,pred_rank_2,pred_rank_2_incorrect,silver_negative,fallback_selected,Edmentum Courseware: A|G|A,Edmentum Courseware,Edmentum,9-12
202d44e5ac4ff50c9ad18af58c6a519d931447178fb10a136bac9d2efa13941e,623340,Madera Unified,CA,"6,7,8",StudySync California Edition,McGraw Hill Book Co.,2016.0,ELA,Core Curriculum,7,3516ee9cf52a7bfb74962e1a6b573b509f2014dd2adcc864588dd2bb47dce290,ELA,Core Curriculum,"StudySync ELA, California Edition",StudySync,McGraw Hill Education,2016,6-12,"StudySync - StudySync ELA, California Edition (McGraw Hill Education) - 2016 - (6-12)",https://www.madera.k12.ca.us/Page/15073,,3516ee9cf52a7bfb74962e1a6b573b509f2014dd2adcc864588dd2bb47dce290,3516ee9cf52a7bfb74962e1a6b573b509f2014dd2adcc864588dd2bb47dce290,3516ee9cf52a7bfb74962e1a6b573b509f2014dd2adcc864588dd2bb47dce290,1,True,True,0.798,medium,False,False,primary,0.798,0.798,"{""primary"": {""prediction_count"": 3, ""top1_id"": ""3516ee9cf52a7bfb74962e1a6b573b509f2014dd2adcc864588dd2bb47dce290"", ""top1_score"": 0.798}}",3516ee9cf52a7bfb74962e1a6b573b509f2014dd2adcc864588dd2bb47dce290,0.798,4fce8f6d68e2c803bba942d4628d0305e52d27de876da10a7247e992431c1cba,0.6937,eb6df3b047fa928c37e36f071375420777b416efdb865d7b4e91a80a5bc68f4a,0.6474,correct_human_match,expected_match,expected_match,gold_positive,has_adopted_url,"StudySync ELA, California Edition",StudySync,McGraw Hill Education,6-12
202d44e5ac4ff50c9ad18af58c6a519d931447178fb10a136bac9d2efa13941e,623340,Madera Unified,CA,"6,7,8",StudySync California Edition,McGraw Hill Book Co.,2016.0,ELA,Core Curriculum,7,4fce8f6d68e2c803bba942d4628d0305e52d27de876da10a7247e992431c1cba,ELA,Core Curriculum,"StudySync ELA, California Edition",StudySync,McGraw Hill Education,2016,6-12,"StudySync - StudySync ELA, California Edition (McGraw Hill Education) - 2016 - (6-12)",https://www.madera.k12.ca.us/Page/15073,,3516ee9cf52a7bfb74962e1a6b573b509f2014dd2adcc864588dd2bb47dce290,3516ee9cf52a7bfb74962e1a6b573b509f2014dd2adcc864588dd2bb47dce290,3516ee9cf52a7bfb74962e1a6b573b509f2014dd2adcc864588dd2bb47dce290,1,True,True,0.798,medium,False,False,primary,0.798,0.798,"{""primary"": {""prediction_count"": 3, ""top1_id"": ""3516ee9cf52a7bfb74962e1a6b573b509f2014dd2adcc864588dd2bb47dce290"", ""top1_score"": 0.798}}",3516ee9cf52a7bfb74962e1a6b573b509f2014dd2adcc864588dd2bb47dce290,0.798,4fce8f6d68e2c803bba942d4628d0305e52d27de876da10a7247e992431c1cba,0.6937,eb6df3b047fa928c37e36f071375420777b416efdb865d7b4e91a80a5bc68f4a,0.6474,incorrect_human_match,pred_rank_2,pred_rank_2_incorrect,silver_negative,has_adopted_url,"Glencoe Math, California Edition",Glencoe Math,McGraw Hill Education,6-8
202d44e5ac4ff50c9ad18af58c6a519d931447178fb10a136bac9d2efa13941e,623340,Madera Unified,CA,"6,7,8",StudySync California Edition,McGraw Hill Book Co.,2016.0,ELA,Core Curriculum,7,eb6df3b047fa928c37e36f071375420777b416efdb865d7b4e91a80a5bc68f4a,ELA,Core Curriculum,"StudySync ELA, California Edition",StudySync,McGraw Hill Education,2016,6-12,"StudySync - StudySync ELA, California Edition (McGraw Hill Education) - 2016 - (6-12)",https://www.madera.k12.ca.us/Page/15073,,3516ee9cf52a7bfb74962e1a6b573b509f2014dd2adcc864588dd2bb47dce290,3516ee9cf52a7bfb74962e1a6b573b509f2014dd2adcc864588dd2bb47dce290,3516ee9cf52a7bfb74962e1a6b573b509f2014dd2adcc864588dd2bb47dce290,1,True,True,0.798,medium,False,False,primary,0.798,0.798,"{""primary"": {""prediction_count"": 3, ""top1_id"": ""3516ee9cf52a7bfb74962e1a6b573b509f2014dd2adcc864588dd2bb47dce290"", ""top1_score"": 0.798}}",3516ee9cf52a7bfb74962e1a6b573b509f2014dd2adcc864588dd2bb47dce290,0.798,4fce8f6d68e2c803bba942d4628d0305e52d27de876da10a7247e992431c1cba,0.6937,eb6df3b047fa928c37e36f071375420777b416efdb865d7b4e91a80a5bc68f4a,0.6474,incorrect_human_match,pred_rank_3,pred_rank_3_incorrect,silver_negative,has_adopted_url,Treasures - California Edition,Treasures,McGraw Hill Education,K-6
22b6d4a201091ade5620a273a56ed7e5db78cd99388e565f8294845488263bec,634880,San Marcos Unified,CA,"K,1,2,3,4,5",Benchmark Advance,,,ELA,Core Curriculum,1,b1d700e1c9cf02fac7bc2c17cd1483ba74f7dd594afc0637ab88ea19ae3cc9ca,ELA,Core Curriculum,Benchmark Advance,Benchmark Advance,Benchmark Education Company,2018,K-6,Benchmark Advance - Benchmark Advance (Benchmark Education Company) - 2018 - (K-6),https://www.smusd.org/about_us/district_overview/accountability_report_cards,,b1d700e1c9cf02fac7bc2c17cd1483ba74f7dd594afc0637ab88ea19ae3cc9ca,b1d700e1c9cf02fac7bc2c17cd1483ba74f7dd594afc0637ab88ea19ae3cc9ca,7f90d8edd14992157fe6f6a455f35ce9c82b9d10c0098e050ae52546cea64acf,0,False,False,0.534,medium,True,False,primary,0.534,0.534,"{""primary"": {""prediction_count"": 3, ""top1_id"": ""7f90d8edd14992157fe6f6a455f35ce9c82b9d10c0098e050ae52546cea64acf"", ""top1_score"": 0.534}, ""publisher_as_title"": {""prediction_count"": 0, ""top1_id"": """", ""top1_score"": 0.0}, ""title_plus_publisher"": {""prediction_count"": 3, ""top1_id"": ""562cbfc624110c36f3724d669db2a508d7d34edd1544db64fc7e5861b72739a3"", ""top1_score"": 0.5011}, ""title_publisher_swapped"": {""prediction_count"": 0, ""top1_id"": """", ""top1_score"": 0.0}}",7f90d8edd14992157fe6f6a455f35ce9c82b9d10c0098e050ae52546cea64acf,0.534,0785c9c37f8c716751ee3d53f64312a9f2b4a492c26bae3d4f78e275fe35dc6a,0.5128,1a94657eac066f1b03064c9d86aba361fb104a1e33c05909142b1fb430dbafce,0.4534,correct_human_match,expected_match,expected_match,gold_positive,has_adopted_url,Benchmark Advance,Benchmark Advance,Benchmark Education Company,K-6
22b6d4a201091ade5620a273a56ed7e5db78cd99388e565f8294845488263bec,634880,San Marcos Unified,CA,"K,1,2,3,4,5",Benchmark Advance,,,ELA,Core Curriculum,1,7f90d8edd14992157fe6f6a455f35ce9c82b9d10c0098e050ae52546cea64acf,ELA,Core Curriculum,Benchmark Advance,Benchmark Advance,Benchmark Education Company,2018,K-6,Benchmark Advance - Benchmark Advance (Benchmark Education Company) - 2018 - (K-6),https://www.smusd.org/about_us/district_overview/accountability_report_cards,,b1d700e1c9cf02fac7bc2c17cd1483ba74f7dd594afc0637ab88ea19ae3cc9ca,b1d700e1c9cf02fac7bc2c17cd1483ba74f7dd594afc0637ab88ea19ae3cc9ca,7f90d8edd14992157fe6f6a455f35ce9c82b9d10c0098e050ae52546cea64acf,0,False,False,0.534,medium,True,False,primary,0.534,0.534,"{""primary"": {""prediction_count"": 3, ""top1_id"": ""7f90d8edd14992157fe6f6a455f35ce9c82b9d10c0098e050ae52546cea64acf"", ""top1_score"": 0.534}, ""publisher_as_title"": {""prediction_count"": 0, ""top1_id"": """", ""top1_score"": 0.0}, ""title_plus_publisher"": {""prediction_count"": 3, ""top1_id"": ""562cbfc624110c36f3724d669db2a508d7d34edd1544db64fc7e5861b72739a3"", ""top1_score"": 0.5011}, ""title_publisher_swapped"": {""prediction_count"": 0, ""top1_id"": """", ""top1_score"": 0.0}}",7f90d8edd14992157fe6f6a455f35ce9c82b9d10c0098e050ae52546cea64acf,0.534,0785c9c37f8c716751ee3d53f64312a9f2b4a492c26bae3d4f78e275fe35dc6a,0.5128,1a94657eac066f1b03064c9d86aba361fb104a1e33c05909142b1fb430dbafce,0.4534,incorrect_human_match,pred_rank_1,pred_rank_1_incorrect,silver_strong_negative,has_adopted_url,Benchmark Ready to Advance,Benchmark Ready to Advance,Benchmark Education Company,PK
22b6d4a201091ade5620a273a56ed7e5db78cd99388e565f8294845488263bec,634880,San Marcos Unified,CA,"K,1,2,3,4,5",Benchmark Advance,,,ELA,Core Curriculum,1,0785c9c37f8c716751ee3d53f64312a9f2b4a492c26bae3d4f78e275fe35dc6a,ELA,Core Curriculum,Benchmark Advance,Benchmark Advance,Benchmark Education Company,2018,K-6,Benchmark Advance - Benchmark Advance (Benchmark Education Company) - 2018 - (K-6),https://www.smusd.org/about_us/district_overview/accountability_report_cards,,b1d700e1c9cf02fac7bc2c17cd1483ba74f7dd594afc0637ab88ea19ae3cc9ca,b1d700e1c9cf02fac7bc2c17cd1483ba74f7dd594afc0637ab88ea19ae3cc9ca,7f90d8edd14992157fe6f6a455f35ce9c82b9d10c0098e050ae52546cea64acf,0,False,False,0.534,medium,True,False,primary,0.534,0.534,"{""primary"": {""prediction_count"": 3, ""top1_id"": ""7f90d8edd14992157fe6f6a455f35ce9c82b9d10c0098e050ae52546cea64acf"", ""top1_score"": 0.534}, ""publisher_as_title"": {""prediction_count"": 0, ""top1_id"": """", ""top1_score"": 0.0}, ""title_plus_publisher"": {""prediction_count"": 3, ""top1_id"": ""562cbfc624110c36f3724d669db2a508d7d34edd1544db64fc7e5861b72739a3"", ""top1_score"": 0.5011}, ""title_publisher_swapped"": {""prediction_count"": 0, ""top1_id"": """", ""top1_score"": 0.0}}",7f90d8edd14992157fe6f6a455f35ce9c82b9d10c0098e050ae52546cea64acf,0.534,0785c9c37f8c716751ee3d53f64312a9f2b4a492c26bae3d4f78e275fe35dc6a,0.5128,1a94657eac066f1b03064c9d86aba361fb104a1e33c05909142b1fb430dbafce,0.4534,incorrect_human_match,pred_rank_2,pred_rank_2_incorrect,silver_negative,has_adopted_url,Benchmark Ready to Advance: Math,Benchmark Advance,Benchmark Education Company,PK
255630b25767424f6f8c656e821e9220146d436ab211dd5579da4110f78d9d95,634880,San Marcos Unified,CA,"9,10,11,12",California Collections,,,ELA,Core Curriculum,11,8c58e0a19a30687cedccdd464e35f03c0f255803d212e036b2f771a1c2f34c8d,ELA,Core Curriculum,"Collections, California Edition",Collections,Houghton Mifflin Harcourt,2017,6-12,"Collections - Collections, California Edition (Houghton Mifflin Harcourt) - 2017 - (6-12)",https://www.smusd.org/about_us/district_overview/accountability_report_cards,,8c58e0a19a30687cedccdd464e35f03c0f255803d212e036b2f771a1c2f34c8d,8c58e0a19a30687cedccdd464e35f03c0f255803d212e036b2f771a1c2f34c8d,8c58e0a19a30687cedccdd464e35f03c0f255803d212e036b2f771a1c2f34c8d,1,True,True,0.6177,medium,False,False,primary,0.6177,0.6177,"{""primary"": {""prediction_count"": 3, ""top1_id"": ""8c58e0a19a30687cedccdd464e35f03c0f255803d212e036b2f771a1c2f34c8d"", ""top1_score"": 0.6177}}",8c58e0a19a30687cedccdd464e35f03c0f255803d212e036b2f771a1c2f34c8d,0.6177,2430e5b8bca15a08c0ee17f63144de16c4ca28cadcd106deb292541ba7968403,0.5354,0c5a8491a4d22731934c4fb36b8b227558e268c053454f69bddae80937b47c40,0.5271,correct_human_match,expected_match,expected_match,gold_positive,has_adopted_url,"Collections, California Edition",Collections,Houghton Mifflin Harcourt,6-12
255630b25767424f6f8c656e821e9220146d436ab211dd5579da4110f78d9d95,634880,San Marcos Unified,CA,"9,10,11,12",California Collections,,,ELA,Core Curriculum,11,2430e5b8bca15a08c0ee17f63144de16c4ca28cadcd106deb292541ba7968403,ELA,Core Curriculum,"Collections, California Edition",Collections,Houghton Mifflin Harcourt,2017,6-12,"Collections - Collections, California Edition (Houghton Mifflin Harcourt) - 2017 - (6-12)",https://www.smusd.org/about_us/district_overview/accountability_report_cards,,8c58e0a19a30687cedccdd464e35f03c0f255803d212e036b2f771a1c2f34c8d,8c58e0a19a30687cedccdd464e35f03c0f255803d212e036b2f771a1c2f34c8d,8c58e0a19a30687cedccdd464e35f03c0f255803d212e036b2f771a1c2f34c8d,1,True,True,0.6177,medium,False,False,primary,0.6177,0.6177,"{""primary"": {""prediction_count"": 3, ""top1_id"": ""8c58e0a19a30687cedccdd464e35f03c0f255803d212e036b2f771a1c2f34c8d"", ""top1_score"": 0.6177}}",8c58e0a19a30687cedccdd464e35f03c0f255803d212e036b2f771a1c2f34c8d,0.6177,2430e5b8bca15a08c0ee17f63144de16c4ca28cadcd106deb292541ba7968403,0.5354,0c5a8491a4d22731934c4fb36b8b227558e268c053454f69bddae80937b47c40,0.5271,incorrect_human_match,pred_rank_2,pred_rank_2_incorrect,silver_negative,has_adopted_url,"Collections, Florida Edition",Collections,Houghton Mifflin Harcourt,6-12
255630b25767424f6f8c656e821e9220146d436ab211dd5579da4110f78d9d95,634880,San Marcos Unified,CA,"9,10,11,12",California Collections,,,ELA,Core Curriculum,11,0c5a8491a4d22731934c4fb36b8b227558e268c053454f69bddae80937b47c40,ELA,Core Curriculum,"Collections, California Edition",Collections,Houghton Mifflin Harcourt,2017,6-12,"Collections - Collections, California Edition (Houghton Mifflin Harcourt) - 2017 - (6-12)",https://www.smusd.org/about_us/district_overview/accountability_report_cards,,8c58e0a19a30687cedccdd464e35f03c0f255803d212e036b2f771a1c2f34c8d,8c58e0a19a30687cedccdd464e35f03c0f255803d212e036b2f771a1c2f34c8d,8c58e0a19a30687cedccdd464e35f03c0f255803d212e036b2f771a1c2f34c8d,1,True,True,0.6177,medium,False,False,primary,0.6177,0.6177,"{""primary"": {""prediction_count"": 3, ""top1_id"": ""8c58e0a19a30687cedccdd464e35f03c0f255803d212e036b2f771a1c2f34c8d"", ""top1_score"": 0.6177}}",8c58e0a19a30687cedccdd464e35f03c0f255803d212e036b2f771a1c2f34c8d,0.6177,2430e5b8bca15a08c0ee17f63144de16c4ca28cadcd106deb292541ba7968403,0.5354,0c5a8491a4d22731934c4fb36b8b227558e268c053454f69bddae80937b47c40,0.5271,incorrect_human_match,pred_rank_3,pred_rank_3_incorrect,silver_negative,has_adopted_url,Collections,Collections,Houghton Mifflin Harcourt,6-12
3724856967b526e7123839ca71ede61df42d8f47d5bad4e4fc8fd392ae6d9d28,632550,West Contra Costa Unified,CA,"TK,K,1,2,3,4,5",REACH,National Geographic,,ELA,Core Curriculum,5,291ed91b6d2352af83225fa8ed9c86d577c0fe602301210e8fc03276abf1f43d,ELA,Core Curriculum,Reach for Reading,Reach for Reading,National Geographic Learning/Cengage,2017,K-6,Reach for Reading - Reach for Reading (National Geographic Learning/Cengage) - 2017 - (K-6),https://www.rcpschools.org/wp-content/uploads/2024/02/2023_School_Accountability_Report_Card_Richmond_College_Preparatory_20240131-1.pdf,,291ed91b6d2352af83225fa8ed9c86d577c0fe602301210e8fc03276abf1f43d,291ed91b6d2352af83225fa8ed9c86d577c0fe602301210e8fc03276abf1f43d,83fbe13be6db959682f6994408150c3b9390423a790dc756023b52093f9a0c00,0,False,False,0.6824,medium,True,True,title_plus_publisher,0.0,0.6824,"{""primary"": {""prediction_count"": 0, ""top1_id"": """", ""top1_score"": 0.0}, ""publisher_as_title"": {""prediction_count"": 3, ""top1_id"": ""83fbe13be6db959682f6994408150c3b9390423a790dc756023b52093f9a0c00"", ""top1_score"": 0.7108}, ""title_plus_publisher"": {""prediction_count"": 3, ""top1_id"": ""83fbe13be6db959682f6994408150c3b9390423a790dc756023b52093f9a0c00"", ""top1_score"": 0.6824}, ""title_publisher_swapped"": {""prediction_count"": 3, ""top1_id"": ""83fbe13be6db959682f6994408150c3b9390423a790dc756023b52093f9a0c00"", ""top1_score"": 0.6208}}",83fbe13be6db959682f6994408150c3b9390423a790dc756023b52093f9a0c00,0.6824,fe38844ed524ab630732785290394540102a573cae272350f10e2a6aa19bf29a,0.6746,7553241ead87d2a447aab2758262da3276493bb2906f519b70421613bf93a9ff,0.5813,correct_human_match,expected_match,expected_match,gold_positive,fallback_selected,Reach for Reading,Reach for Reading,National Geographic Learning/Cengage,K-6
3724856967b526e7123839ca71ede61df42d8f47d5bad4e4fc8fd392ae6d9d28,632550,West Contra Costa Unified,CA,"TK,K,1,2,3,4,5",REACH,National Geographic,,ELA,Core Curriculum,5,83fbe13be6db959682f6994408150c3b9390423a790dc756023b52093f9a0c00,ELA,Core Curriculum,Reach for Reading,Reach for Reading,National Geographic Learning/Cengage,2017,K-6,Reach for Reading - Reach for Reading (National Geographic Learning/Cengage) - 2017 - (K-6),https://www.rcpschools.org/wp-content/uploads/2024/02/2023_School_Accountability_Report_Card_Richmond_College_Preparatory_20240131-1.pdf,,291ed91b6d2352af83225fa8ed9c86d577c0fe602301210e8fc03276abf1f43d,291ed91b6d2352af83225fa8ed9c86d577c0fe602301210e8fc03276abf1f43d,83fbe13be6db959682f6994408150c3b9390423a790dc756023b52093f9a0c00,0,False,False,0.6824,medium,True,True,title_plus_publisher,0.0,0.6824,"{""primary"": {""prediction_count"": 0, ""top1_id"": """", ""top1_score"": 0.0}, ""publisher_as_title"": {""prediction_count"": 3, ""top1_id"": ""83fbe13be6db959682f6994408150c3b9390423a790dc756023b52093f9a0c00"", ""top1_score"": 0.7108}, ""title_plus_publisher"": {""prediction_count"": 3, ""top1_id"": ""83fbe13be6db959682f6994408150c3b9390423a790dc756023b52093f9a0c00"", ""top1_score"": 0.6824}, ""title_publisher_swapped"": {""prediction_count"": 3, ""top1_id"": ""83fbe13be6db959682f6994408150c3b9390423a790dc756023b52093f9a0c00"", ""top1_score"": 0.6208}}",83fbe13be6db959682f6994408150c3b9390423a790dc756023b52093f9a0c00,0.6824,fe38844ed524ab630732785290394540102a573cae272350f10e2a6aa19bf29a,0.6746,7553241ead87d2a447aab2758262da3276493bb2906f519b70421613bf93a9ff,0.5813,incorrect_human_match,pred_rank_1,pred_rank_1_incorrect,silver_strong_negative,fallback_selected,National Geographic Kids,NatGeo,National Geographic Learning/Cengage,6-8
3724856967b526e7123839ca71ede61df42d8f47d5bad4e4fc8fd392ae6d9d28,632550,West Contra Costa Unified,CA,"TK,K,1,2,3,4,5",REACH,National Geographic,,ELA,Core Curriculum,5,fe38844ed524ab630732785290394540102a573cae272350f10e2a6aa19bf29a,ELA,Core Curriculum,Reach for Reading,Reach for Reading,National Geographic Learning/Cengage,2017,K-6,Reach for Reading - Reach for Reading (National Geographic Learning/Cengage) - 2017 - (K-6),https://www.rcpschools.org/wp-content/uploads/2024/02/2023_School_Accountability_Report_Card_Richmond_College_Preparatory_20240131-1.pdf,,291ed91b6d2352af83225fa8ed9c86d577c0fe602301210e8fc03276abf1f43d,291ed91b6d2352af83225fa8ed9c86d577c0fe602301210e8fc03276abf1f43d,83fbe13be6db959682f6994408150c3b9390423a790dc756023b52093f9a0c00,0,False,False,0.6824,medium,True,True,title_plus_publisher,0.0,0.6824,"{""primary"": {""prediction_count"": 0, ""top1_id"": """", ""top1_score"": 0.0}, ""publisher_as_title"": {""prediction_count"": 3, ""top1_id"": ""83fbe13be6db959682f6994408150c3b9390423a790dc756023b52093f9a0c00"", ""top1_score"": 0.7108}, ""title_plus_publisher"": {""prediction_count"": 3, ""top1_id"": ""83fbe13be6db959682f6994408150c3b9390423a790dc756023b52093f9a0c00"", ""top1_score"": 0.6824}, ""title_publisher_swapped"": {""prediction_count"": 3, ""top1_id"": ""83fbe13be6db959682f6994408150c3b9390423a790dc756023b52093f9a0c00"", ""top1_score"": 0.6208}}",83fbe13be6db959682f6994408150c3b9390423a790dc756023b52093f9a0c00,0.6824,fe38844ed524ab630732785290394540102a573cae272350f10e2a6aa19bf29a,0.6746,7553241ead87d2a447aab2758262da3276493bb2906f519b70421613bf93a9ff,0.5813,incorrect_human_match,pred_rank_2,pred_rank_2_incorrect,silver_negative,fallback_selected,National Geographic Panorama,NGL Panorama,National Geographic Learning/Cengage,K-5
4c3baaf253cf89624aecbd26670f0672bfcb68b17e19c3a8ce38f03345cad670,600001,Acton-Agua Dulce Unified,CA,"9,10,11,12",Houghton Mifflin/Harcourt,Houghton Mifflin/Harcourt,,ELA,Core Curriculum,12,6b1c32f9bd30aa67829f82f4a1f3e0d6110d0571716516ed2f78df232d5818f0,ELA,Core Curriculum,HMH ELA Curriculum: Unspecified,HMH ELA,Houghton Mifflin Harcourt,,K-12,HMH ELA - HMH ELA Curriculum: Unspecified (Houghton Mifflin Harcourt) -  - (K-12),https://drive.google.com/drive/folders/1LB69Rg9sHLEySAgvd7JAv-7ilnU9CY0z,,6b1c32f9bd30aa67829f82f4a1f3e0d6110d0571716516ed2f78df232d5818f0,6b1c32f9bd30aa67829f82f4a1f3e0d6110d0571716516ed2f78df232d5818f0,484aab7f22237bc8bd856e1fac7fd0eef8dc4e7b1537cbf9de716ce60a0ab88e,0,False,False,0.605,medium,True,True,title_plus_publisher,0.0,0.605,"{""primary"": {""prediction_count"": 0, ""top1_id"": """", ""top1_score"": 0.0}, ""publisher_as_title"": {""prediction_count"": 0, ""top1_id"": """", ""top1_score"": 0.0}, ""title_plus_publisher"": {""prediction_count"": 2, ""top1_id"": ""484aab7f22237bc8bd856e1fac7fd0eef8dc4e7b1537cbf9de716ce60a0ab88e"", ""top1_score"": 0.605}, ""title_publisher_swapped"": {""prediction_count"": 0, ""top1_id"": """", ""top1_score"": 0.0}}",484aab7f22237bc8bd856e1fac7fd0eef8dc4e7b1537cbf9de716ce60a0ab88e,0.605,759fa6c49e6c35b9a57ffdb5b5ce95fdebcfc4f33d6e6f8d3998ffd3392a3d4b,0.5999,,,correct_human_match,expected_match,expected_match,gold_positive,fallback_selected,HMH ELA Curriculum: Unspecified,HMH ELA,Houghton Mifflin Harcourt,K-12
4c3baaf253cf89624aecbd26670f0672bfcb68b17e19c3a8ce38f03345cad670,600001,Acton-Agua Dulce Unified,CA,"9,10,11,12",Houghton Mifflin/Harcourt,Houghton Mifflin/Harcourt,,ELA,Core Curriculum,12,484aab7f22237bc8bd856e1fac7fd0eef8dc4e7b1537cbf9de716ce60a0ab88e,ELA,Core Curriculum,HMH ELA Curriculum: Unspecified,HMH ELA,Houghton Mifflin Harcourt,,K-12,HMH ELA - HMH ELA Curriculum: Unspecified (Houghton Mifflin Harcourt) -  - (K-12),https://drive.google.com/drive/folders/1LB69Rg9sHLEySAgvd7JAv-7ilnU9CY0z,,6b1c32f9bd30aa67829f82f4a1f3e0d6110d0571716516ed2f78df232d5818f0,6b1c32f9bd30aa67829f82f4a1f3e0d6110d0571716516ed2f78df232d5818f0,484aab7f22237bc8bd856e1fac7fd0eef8dc4e7b1537cbf9de716ce60a0ab88e,0,False,False,0.605,medium,True,True,title_plus_publisher,0.0,0.605,"{""primary"": {""prediction_count"": 0, ""top1_id"": """", ""top1_score"": 0.0}, ""publisher_as_title"": {""prediction_count"": 0, ""top1_id"": """", ""top1_score"": 0.0}, ""title_plus_publisher"": {""prediction_count"": 2, ""top1_id"": ""484aab7f22237bc8bd856e1fac7fd0eef8dc4e7b1537cbf9de716ce60a0ab88e"", ""top1_score"": 0.605}, ""title_publisher_swapped"": {""prediction_count"": 0, ""top1_id"": """", ""top1_score"": 0.0}}",484aab7f22237bc8bd856e1fac7fd0eef8dc4e7b1537cbf9de716ce60a0ab88e,0.605,759fa6c49e6c35b9a57ffdb5b5ce95fdebcfc4f33d6e6f8d3998ffd3392a3d4b,0.5999,,,incorrect_human_match,pred_rank_1,pred_rank_1_incorrect,silver_strong_negative,fallback_selected,Houghton Mifflin Reading: A Legacy of Literature,Houghton Mifflin Reading,Houghton Mifflin Harcourt,K-5
4c3baaf253cf89624aecbd26670f0672bfcb68b17e19c3a8ce38f03345cad670,600001,Acton-Agua Dulce Unified,CA,"9,10,11,12",Houghton Mifflin/Harcourt,Houghton Mifflin/Harcourt,,ELA,Core Curriculum,12,759fa6c49e6c35b9a57ffdb5b5ce95fdebcfc4f33d6e6f8d3998ffd3392a3d4b,ELA,Core Curriculum,HMH ELA Curriculum: Unspecified,HMH ELA,Houghton Mifflin Harcourt,,K-12,HMH ELA - HMH ELA Curriculum: Unspecified (Houghton Mifflin Harcourt) -  - (K-12),https://drive.google.com/drive/folders/1LB69Rg9sHLEySAgvd7JAv-7ilnU9CY0z,,6b1c32f9bd30aa67829f82f4a1f3e0d6110d0571716516ed2f78df232d5818f0,6b1c32f9bd30aa67829f82f4a1f3e0d6110d0571716516ed2f78df232d5818f0,484aab7f22237bc8bd856e1fac7fd0eef8dc4e7b1537cbf9de716ce60a0ab88e,0,False,False,0.605,medium,True,True,title_plus_publisher,0.0,0.605,"{""primary"": {""prediction_count"": 0, ""top1_id"": """", ""top1_score"": 0.0}, ""publisher_as_title"": {""prediction_count"": 0, ""top1_id"": """", ""top1_score"": 0.0}, ""title_plus_publisher"": {""prediction_count"": 2, ""top1_id"": ""484aab7f22237bc8bd856e1fac7fd0eef8dc4e7b1537cbf9de716ce60a0ab88e"", ""top1_score"": 0.605}, ""title_publisher_swapped"": {""prediction_count"": 0, ""top1_id"": """", ""top1_score"": 0.0}}",484aab7f22237bc8bd856e1fac7fd0eef8dc4e7b1537cbf9de716ce60a0ab88e,0.605,759fa6c49e6c35b9a57ffdb5b5ce95fdebcfc4f33d6e6f8d3998ffd3392a3d4b,0.5999,,,incorrect_human_match,pred_rank_2,pred_rank_2_incorrect,silver_negative,fallback_selected,"Houghton Mifflin Reading, California",Houghton Mifflin Reading: A Legacy of Literature,Houghton Mifflin Harcourt,K-5
4dc667f8c9f6029623f99f537f484a384f4cfb828c9b5dc8769e3b9940895e85,632550,West Contra Costa Unified,CA,"TK,K,1,2,3,4,5",Lexia Learning,,,ELA,Core Curriculum,5,d499119780cdb98b9b6a2a91f1bab8d6286296d5d83c487c7dfe9e970680c2d5,ELA,Supplemental,Lexia Core5 Reading,Lexia,Cambium Learning Group,,PK-5,Lexia - Lexia Core5 Reading (Cambium Learning Group) -  - (PK-5),https://www.wccusd.net/Page/16827,,d499119780cdb98b9b6a2a91f1bab8d6286296d5d83c487c7dfe9e970680c2d5,d499119780cdb98b9b6a2a91f1bab8d6286296d5d83c487c7dfe9e970680c2d5,d499119780cdb98b9b6a2a91f1bab8d6286296d5d83c487c7dfe9e970680c2d5,1,True,True,0.5679,medium,True,True,title_plus_publisher,0.4083,0.5679,"{""primary"": {""prediction_count"": 1, ""top1_id"": ""2c28f535599947c449e83c970f3fd40b151c7b3c862691019a51772f1404784b"", ""top1_score"": 0.4083}, ""publisher_as_title"": {""prediction_count"": 0, ""top1_id"": """", ""top1_score"": 0.0}, ""title_plus_publisher"": {""prediction_count"": 3, ""top1_id"": ""d499119780cdb98b9b6a2a91f1bab8d6286296d5d83c487c7dfe9e970680c2d5"", ""top1_score"": 0.5679}, ""title_publisher_swapped"": {""prediction_count"": 0, ""top1_id"": """", ""top1_score"": 0.0}}",d499119780cdb98b9b6a2a91f1bab8d6286296d5d83c487c7dfe9e970680c2d5,0.5679,5fb10758249670e6952d5f6ce2be127c3d9e0ce34c4fa86b96769758cbf60b33,0.4993,7edb8b65c13503f8ce838e9abb5ad0db33ce52662d1ad41da0cce66e9ade270c,0.4885,correct_human_match,expected_match,expected_match,gold_positive,fallback_selected,Lexia Core5 Reading,Lexia,Cambium Learning Group,PK-5
4dc667f8c9f6029623f99f537f484a384f4cfb828c9b5dc8769e3b9940895e85,632550,West Contra Costa Unified,CA,"TK,K,1,2,3,4,5",Lexia Learning,,,ELA,Core Curriculum,5,5fb10758249670e6952d5f6ce2be127c3d9e0ce34c4fa86b96769758cbf60b33,ELA,Supplemental,Lexia Core5 Reading,Lexia,Cambium Learning Group,,PK-5,Lexia - Lexia Core5 Reading (Cambium Learning Group) -  - (PK-5),https://www.wccusd.net/Page/16827,,d499119780cdb98b9b6a2a91f1bab8d6286296d5d83c487c7dfe9e970680c2d5,d499119780cdb98b9b6a2a91f1bab8d6286296d5d83c487c7dfe9e970680c2d5,d499119780cdb98b9b6a2a91f1bab8d6286296d5d83c487c7dfe9e970680c2d5,1,True,True,0.5679,medium,True,True,title_plus_publisher,0.4083,0.5679,"{""primary"": {""prediction_count"": 1, ""top1_id"": ""2c28f535599947c449e83c970f3fd40b151c7b3c862691019a51772f1404784b"", ""top1_score"": 0.4083}, ""publisher_as_title"": {""prediction_count"": 0, ""top1_id"": """", ""top1_score"": 0.0}, ""title_plus_publisher"": {""prediction_count"": 3, ""top1_id"": ""d499119780cdb98b9b6a2a91f1bab8d6286296d5d83c487c7dfe9e970680c2d5"", ""top1_score"": 0.5679}, ""title_publisher_swapped"": {""prediction_count"": 0, ""top1_id"": """", ""top1_score"": 0.0}}",d499119780cdb98b9b6a2a91f1bab8d6286296d5d83c487c7dfe9e970680c2d5,0.5679,5fb10758249670e6952d5f6ce2be127c3d9e0ce34c4fa86b96769758cbf60b33,0.4993,7edb8b65c13503f8ce838e9abb5ad0db33ce52662d1ad41da0cce66e9ade270c,0.4885,incorrect_human_match,pred_rank_2,pred_rank_2_incorrect,silver_negative,fallback_selected,Lexia PowerUp Literacy,Lexia,Cambium Learning Group,6-12
4dc667f8c9f6029623f99f537f484a384f4cfb828c9b5dc8769e3b9940895e85,632550,West Contra Costa Unified,CA,"TK,K,1,2,3,4,5",Lexia Learning,,,ELA,Core Curriculum,5,7edb8b65c13503f8ce838e9abb5ad0db33ce52662d1ad41da0cce66e9ade270c,ELA,Supplemental,Lexia Core5 Reading,Lexia,Cambium Learning Group,,PK-5,Lexia - Lexia Core5 Reading (Cambium Learning Group) -  - (PK-5),https://www.wccusd.net/Page/16827,,d499119780cdb98b9b6a2a91f1bab8d6286296d5d83c487c7dfe9e970680c2d5,d499119780cdb98b9b6a2a91f1bab8d6286296d5d83c487c7dfe9e970680c2d5,d499119780cdb98b9b6a2a91f1bab8d6286296d5d83c487c7dfe9e970680c2d5,1,True,True,0.5679,medium,True,True,title_plus_publisher,0.4083,0.5679,"{""primary"": {""prediction_count"": 1, ""top1_id"": ""2c28f535599947c449e83c970f3fd40b151c7b3c862691019a51772f1404784b"", ""top1_score"": 0.4083}, ""publisher_as_title"": {""prediction_count"": 0, ""top1_id"": """", ""top1_score"": 0.0}, ""title_plus_publisher"": {""prediction_count"": 3, ""top1_id"": ""d499119780cdb98b9b6a2a91f1bab8d6286296d5d83c487c7dfe9e970680c2d5"", ""top1_score"": 0.5679}, ""title_publisher_swapped"": {""prediction_count"": 0, ""top1_id"": """", ""top1_score"": 0.0}}",d499119780cdb98b9b6a2a91f1bab8d6286296d5d83c487c7dfe9e970680c2d5,0.5679,5fb10758249670e6952d5f6ce2be127c3d9e0ce34c4fa86b96769758cbf60b33,0.4993,7edb8b65c13503f8ce838e9abb5ad0db33ce52662d1ad41da0cce66e9ade270c,0.4885,incorrect_human_match,pred_rank_3,pred_rank_3_incorrect,silver_negative,fallback_selected,Lexia English Language Development,Lexia,Cambium Learning Group,K-6
4ec273c086b7fdaa2e65c6344064810b97c57aa985b8391de2b7599f3a715fe8,625530,Monterey Peninsula Unified,CA,"K,1,2,3",Phonics to Reading,Sadlier,,ELA,Core Curriculum,2,d3471c28f1e020eecc46218bf6d7cc1bfdb7f18e38eeda347855af1308def576,ELA,Supplemental,From Phonics to Reading,Phonics to Reading,William H. Sadlier,2020,K-2,Phonics to Reading - From Phonics to Reading (William H. Sadlier) - 2020 - (K-2),https://www.mpusd.net/apps/pages/index.jsp?uREC_ID=988528&type=d&pREC_ID=2555038,,d3471c28f1e020eecc46218bf6d7cc1bfdb7f18e38eeda347855af1308def576,d3471c28f1e020eecc46218bf6d7cc1bfdb7f18e38eeda347855af1308def576,d3471c28f1e020eecc46218bf6d7cc1bfdb7f18e38eeda347855af1308def576,1,True,True,0.8053,high,False,False,primary,0.8053,0.8053,"{""primary"": {""prediction_count"": 3, ""top1_id"": ""d3471c28f1e020eecc46218bf6d7cc1bfdb7f18e38eeda347855af1308def576"", ""top1_score"": 0.8053}}",d3471c28f1e020eecc46218bf6d7cc1bfdb7f18e38eeda347855af1308def576,0.8053,219abb115086763e17bac9f61fdba41118cd848f709ac5ac293133b2eb28206d,0.6964,4ffd6d83acf548ecf90e25b9d4823a7bd9054f0f44fc90aaecfed7de271e6407,0.6264,correct_human_match,expected_match,expected_match,gold_positive,has_adopted_url,From Phonics to Reading,Phonics to Reading,William H. Sadlier,K-2
4ec273c086b7fdaa2e65c6344064810b97c57aa985b8391de2b7599f3a715fe8,625530,Monterey Peninsula Unified,CA,"K,1,2,3",Phonics to Reading,Sadlier,,ELA,Core Curriculum,2,219abb115086763e17bac9f61fdba41118cd848f709ac5ac293133b2eb28206d,ELA,Supplemental,From Phonics to Reading,Phonics to Reading,William H. Sadlier,2020,K-2,Phonics to Reading - From Phonics to Reading (William H. Sadlier) - 2020 - (K-2),https://www.mpusd.net/apps/pages/index.jsp?uREC_ID=988528&type=d&pREC_ID=2555038,,d3471c28f1e020eecc46218bf6d7cc1bfdb7f18e38eeda347855af1308def576,d3471c28f1e020eecc46218bf6d7cc1bfdb7f18e38eeda347855af1308def576,d3471c28f1e020eecc46218bf6d7cc1bfdb7f18e38eeda347855af1308def576,1,True,True,0.8053,high,False,False,primary,0.8053,0.8053,"{""primary"": {""prediction_count"": 3, ""top1_id"": ""d3471c28f1e020eecc46218bf6d7cc1bfdb7f18e38eeda347855af1308def576"", ""top1_score"": 0.8053}}",d3471c28f1e020eecc46218bf6d7cc1bfdb7f18e38eeda347855af1308def576,0.8053,219abb115086763e17bac9f61fdba41118cd848f709ac5ac293133b2eb28206d,0.6964,4ffd6d83acf548ecf90e25b9d4823a7bd9054f0f44fc90aaecfed7de271e6407,0.6264,incorrect_human_match,pred_rank_2,pred_rank_2_incorrect,silver_negative,has_adopted_url,Sadlier Phonics,Reading,William H. Sadlier,K-3
4ec273c086b7fdaa2e65c6344064810b97c57aa985b8391de2b7599f3a715fe8,625530,Monterey Peninsula Unified,CA,"K,1,2,3",Phonics to Reading,Sadlier,,ELA,Core Curriculum,2,4ffd6d83acf548ecf90e25b9d4823a7bd9054f0f44fc90aaecfed7de271e6407,ELA,Supplemental,From Phonics to Reading,Phonics to Reading,William H. Sadlier,2020,K-2,Phonics to Reading - From Phonics to Reading (William H. Sadlier) - 2020 - (K-2),https://www.mpusd.net/apps/pages/index.jsp?uREC_ID=988528&type=d&pREC_ID=2555038,,d3471c28f1e020eecc46218bf6d7cc1bfdb7f18e38eeda347855af1308def576,d3471c28f1e020eecc46218bf6d7cc1bfdb7f18e38eeda347855af1308def576,d3471c28f1e020eecc46218bf6d7cc1bfdb7f18e38eeda347855af1308def576,1,True,True,0.8053,high,False,False,primary,0.8053,0.8053,"{""primary"": {""prediction_count"": 3, ""top1_id"": ""d3471c28f1e020eecc46218bf6d7cc1bfdb7f18e38eeda347855af1308def576"", ""top1_score"": 0.8053}}",d3471c28f1e020eecc46218bf6d7cc1bfdb7f18e38eeda347855af1308def576,0.8053,219abb115086763e17bac9f61fdba41118cd848f709ac5ac293133b2eb28206d,0.6964,4ffd6d83acf548ecf90e25b9d4823a7bd9054f0f44fc90aaecfed7de271e6407,0.6264,incorrect_human_match,pred_rank_3,pred_rank_3_incorrect,silver_negative,has_adopted_url,"Phonics, Reading, and Me","Phonics, Reading, and Me",Learning Without Tears,K-3
58474307394ba852141ae8e9b3e195fe7333c084c6a38b8592bf7d6b1bfd6148,622440,Lone Pine Unified,CA,"K,1,2,3,4,5,TK",Benchmark Edu,Benchmark Edu,,ELA,Core Curriculum,5,40c7f8334c7c32e9db795584a096749f14b43457c8a6cbe9fd46073fccf2d109,ELA,Core Curriculum,Benchmark Advance: Unspecified,Benchmark Advance,Benchmark Education Company,,K-6,Benchmark Advance - Benchmark Advance: Unspecified (Benchmark Education Company) -  - (K-6),https://www.lpusddist.org/apps/pages/index.jsp?uREC_ID=2829891&type=d&pREC_ID=2319752,,40c7f8334c7c32e9db795584a096749f14b43457c8a6cbe9fd46073fccf2d109,40c7f8334c7c32e9db795584a096749f14b43457c8a6cbe9fd46073fccf2d109,479e53f9b447aa4fd0ecf60ab8ec1ada8491423ba770bef02c944e60d793acc0,0,False,False,0.6968,medium,True,True,title_plus_publisher,0.0,0.6968,"{""primary"": {""prediction_count"": 0, ""top1_id"": """", ""top1_score"": 0.0}, ""publisher_as_title"": {""prediction_count"": 0, ""top1_id"": """", ""top1_score"": 0.0}, ""title_plus_publisher"": {""prediction_count"": 3, ""top1_id"": ""479e53f9b447aa4fd0ecf60ab8ec1ada8491423ba770bef02c944e60d793acc0"", ""top1_score"": 0.6968}, ""title_publisher_swapped"": {""prediction_count"": 0, ""top1_id"": """", ""top1_score"": 0.0}}",479e53f9b447aa4fd0ecf60ab8ec1ada8491423ba770bef02c944e60d793acc0,0.6968,9389274a268d1c9a2b59bdb5ffb262ce7e707974c41d41939b394c921ca26c04,0.6792,5f446e3e495551b01a98bd9d3541f5c07eec0009b363fde2b6569e566f28dfdd,0.674,correct_human_match,expected_match,expected_match,gold_positive,fallback_selected,Benchmark Advance: Unspecified,Benchmark Advance,Benchmark Education Company,K-6
58474307394ba852141ae8e9b3e195fe7333c084c6a38b8592bf7d6b1bfd6148,622440,Lone Pine Unified,CA,"K,1,2,3,4,5,TK",Benchmark Edu,Benchmark Edu,,ELA,Core Curriculum,5,479e53f9b447aa4fd0ecf60ab8ec1ada8491423ba770bef02c944e60d793acc0,ELA,Core Curriculum,Benchmark Advance: Unspecified,Benchmark Advance,Benchmark Education Company,,K-6,Benchmark Advance - Benchmark Advance: Unspecified (Benchmark Education Company) -  - (K-6),https://www.lpusddist.org/apps/pages/index.jsp?uREC_ID=2829891&type=d&pREC_ID=2319752,,40c7f8334c7c32e9db795584a096749f14b43457c8a6cbe9fd46073fccf2d109,40c7f8334c7c32e9db795584a096749f14b43457c8a6cbe9fd46073fccf2d109,479e53f9b447aa4fd0ecf60ab8ec1ada8491423ba770bef02c944e60d793acc0,0,False,False,0.6968,medium,True,True,title_plus_publisher,0.0,0.6968,"{""primary"": {""prediction_count"": 0, ""top1_id"": """", ""top1_score"": 0.0}, ""publisher_as_title"": {""prediction_count"": 0, ""top1_id"": """", ""top1_score"": 0.0}, ""title_plus_publisher"": {""prediction_count"": 3, ""top1_id"": ""479e53f9b447aa4fd0ecf60ab8ec1ada8491423ba770bef02c944e60d793acc0"", ""top1_score"": 0.6968}, ""title_publisher_swapped"": {""prediction_count"": 0, ""top1_id"": """", ""top1_score"": 0.0}}",479e53f9b447aa4fd0ecf60ab8ec1ada8491423ba770bef02c944e60d793acc0,0.6968,9389274a268d1c9a2b59bdb5ffb262ce7e707974c41d41939b394c921ca26c04,0.6792,5f446e3e495551b01a98bd9d3541f5c07eec0009b363fde2b6569e566f28dfdd,0.674,incorrect_human_match,pred_rank_1,pred_rank_1_incorrect,silver_strong_negative,fallback_selected,Benchmark Workshop,Benchmark Advance,Benchmark Education Company,K-5
58474307394ba852141ae8e9b3e195fe7333c084c6a38b8592bf7d6b1bfd6148,622440,Lone Pine Unified,CA,"K,1,2,3,4,5,TK",Benchmark Edu,Benchmark Edu,,ELA,Core Curriculum,5,9389274a268d1c9a2b59bdb5ffb262ce7e707974c41d41939b394c921ca26c04,ELA,Core Curriculum,Benchmark Advance: Unspecified,Benchmark Advance,Benchmark Education Company,,K-6,Benchmark Advance - Benchmark Advance: Unspecified (Benchmark Education Company) -  - (K-6),https://www.lpusddist.org/apps/pages/index.jsp?uREC_ID=2829891&type=d&pREC_ID=2319752,,40c7f8334c7c32e9db795584a096749f14b43457c8a6cbe9fd46073fccf2d109,40c7f8334c7c32e9db795584a096749f14b43457c8a6cbe9fd46073fccf2d109,479e53f9b447aa4fd0ecf60ab8ec1ada8491423ba770bef02c944e60d793acc0,0,False,False,0.6968,medium,True,True,title_plus_publisher,0.0,0.6968,"{""primary"": {""prediction_count"": 0, ""top1_id"": """", ""top1_score"": 0.0}, ""publisher_as_title"": {""prediction_count"": 0, ""top1_id"": """", ""top1_score"": 0.0}, ""title_plus_publisher"": {""prediction_count"": 3, ""top1_id"": ""479e53f9b447aa4fd0ecf60ab8ec1ada8491423ba770bef02c944e60d793acc0"", ""top1_score"": 0.6968}, ""title_publisher_swapped"": {""prediction_count"": 0, ""top1_id"": """", ""top1_score"": 0.0}}",479e53f9b447aa4fd0ecf60ab8ec1ada8491423ba770bef02c944e60d793acc0,0.6968,9389274a268d1c9a2b59bdb5ffb262ce7e707974c41d41939b394c921ca26c04,0.6792,5f446e3e495551b01a98bd9d3541f5c07eec0009b363fde2b6569e566f28dfdd,0.674,incorrect_human_match,pred_rank_2,pred_rank_2_incorrect,silver_negative,fallback_selected,Benchmark Taller,Benchmark Advance,Benchmark Education Company,K-5
5eccbd85300f1d03c3311301e8e58e081cf95b892fe998dc5ea8cdc6e4923cbc,632550,West Contra Costa Unified,CA,"6,7,8",Inside (ELD),National Geographic,2014.0,ELA,Core Curriculum,7,d88cedf3e63e4b289bf94f2d08b6aca0234bfb55ebd9af920a73c764d958288f,ELA,Core Curriculum,Inside Fundamentals,Inside,National Geographic Learning/Cengage,2014,6-8,Inside - Inside Fundamentals (National Geographic Learning/Cengage) - 2014 - (6-8),https://www.wccusd.net/Page/16827,,d88cedf3e63e4b289bf94f2d08b6aca0234bfb55ebd9af920a73c764d958288f,d88cedf3e63e4b289bf94f2d08b6aca0234bfb55ebd9af920a73c764d958288f,dcb6ced4527a67e92524eeb43bf5a06829bd70a460b3e90c00ccab32f02a47eb,0,False,False,0.5858,medium,False,False,primary,0.5858,0.5858,"{""primary"": {""prediction_count"": 1, ""top1_id"": ""dcb6ced4527a67e92524eeb43bf5a06829bd70a460b3e90c00ccab32f02a47eb"", ""top1_score"": 0.5858}}",dcb6ced4527a67e92524eeb43bf5a06829bd70a460b3e90c00ccab32f02a47eb,0.5858,,,,,correct_human_match,expected_match,expected_match,gold_positive,has_adopted_url,Inside Fundamentals,Inside,National Geographic Learning/Cengage,6-8
5eccbd85300f1d03c3311301e8e58e081cf95b892fe998dc5ea8cdc6e4923cbc,632550,West Contra Costa Unified,CA,"6,7,8",Inside (ELD),National Geographic,2014.0,ELA,Core Curriculum,7,dcb6ced4527a67e92524eeb43bf5a06829bd70a460b3e90c00ccab32f02a47eb,ELA,Core Curriculum,Inside Fundamentals,Inside,National Geographic Learning/Cengage,2014,6-8,Inside - Inside Fundamentals (National Geographic Learning/Cengage) - 2014 - (6-8),https://www.wccusd.net/Page/16827,,d88cedf3e63e4b289bf94f2d08b6aca0234bfb55ebd9af920a73c764d958288f,d88cedf3e63e4b289bf94f2d08b6aca0234bfb55ebd9af920a73c764d958288f,dcb6ced4527a67e92524eeb43bf5a06829bd70a460b3e90c00ccab32f02a47eb,0,False,False,0.5858,medium,False,False,primary,0.5858,0.5858,"{""primary"": {""prediction_count"": 1, ""top1_id"": ""dcb6ced4527a67e92524eeb43bf5a06829bd70a460b3e90c00ccab32f02a47eb"", ""top1_score"": 0.5858}}",dcb6ced4527a67e92524eeb43bf5a06829bd70a460b3e90c00ccab32f02a47eb,0.5858,,,,,incorrect_human_match,pred_rank_1,pred_rank_1_incorrect,silver_strong_negative,has_adopted_url,Inside Level A-C,Inside,National Geographic Learning/Cengage,6-8
65d252e78dd6ea05aee932f399aab83f0b7584922ff27410ee9177754a63921c,625530,Monterey Peninsula Unified,CA,"K,1,2,3,4,5,6",Benchmark Advance,Benchmark Education Company,2022.0,ELA,Core Curriculum,4,1a94657eac066f1b03064c9d86aba361fb104a1e33c05909142b1fb430dbafce,ELA,Core Curriculum,Benchmark Advance,Benchmark Advance,Benchmark Education Company,2022,K-6,Benchmark Advance - Benchmark Advance (Benchmark Education Company) - 2022 - (K-6),https://www.mpusd.net/apps/pages/index.jsp?uREC_ID=988528&type=d&pREC_ID=2555038,,1a94657eac066f1b03064c9d86aba361fb104a1e33c05909142b1fb430dbafce,1a94657eac066f1b03064c9d86aba361fb104a1e33c05909142b1fb430dbafce,479e53f9b447aa4fd0ecf60ab8ec1ada8491423ba770bef02c944e60d793acc0,2,False,True,0.7651,medium,False,False,primary,0.7651,0.7651,"{""primary"": {""prediction_count"": 3, ""top1_id"": ""479e53f9b447aa4fd0ecf60ab8ec1ada8491423ba770bef02c944e60d793acc0"", ""top1_score"": 0.7651}}",479e53f9b447aa4fd0ecf60ab8ec1ada8491423ba770bef02c944e60d793acc0,0.7651,1a94657eac066f1b03064c9d86aba361fb104a1e33c05909142b1fb430dbafce,0.7634,a1ff2ddafb5c66abdfd4a4c905874774ddf0d526799c6564c5dea0a44bcecf1a,0.7575,correct_human_match,expected_match,expected_match,gold_positive,has_adopted_url,Benchmark Advance,Benchmark Advance,Benchmark Education Company,K-6
65d252e78dd6ea05aee932f399aab83f0b7584922ff27410ee9177754a63921c,625530,Monterey Peninsula Unified,CA,"K,1,2,3,4,5,6",Benchmark Advance,Benchmark Education Company,2022.0,ELA,Core Curriculum,4,479e53f9b447aa4fd0ecf60ab8ec1ada8491423ba770bef02c944e60d793acc0,ELA,Core Curriculum,Benchmark Advance,Benchmark Advance,Benchmark Education Company,2022,K-6,Benchmark Advance - Benchmark Advance (Benchmark Education Company) - 2022 - (K-6),https://www.mpusd.net/apps/pages/index.jsp?uREC_ID=988528&type=d&pREC_ID=2555038,,1a94657eac066f1b03064c9d86aba361fb104a1e33c05909142b1fb430dbafce,1a94657eac066f1b03064c9d86aba361fb104a1e33c05909142b1fb430dbafce,479e53f9b447aa4fd0ecf60ab8ec1ada8491423ba770bef02c944e60d793acc0,2,False,True,0.7651,medium,False,False,primary,0.7651,0.7651,"{""primary"": {""prediction_count"": 3, ""top1_id"": ""479e53f9b447aa4fd0ecf60ab8ec1ada8491423ba770bef02c944e60d793acc0"", ""top1_score"": 0.7651}}",479e53f9b447aa4fd0ecf60ab8ec1ada8491423ba770bef02c944e60d793acc0,0.7651,1a94657eac066f1b03064c9d86aba361fb104a1e33c05909142b1fb430dbafce,0.7634,a1ff2ddafb5c66abdfd4a4c905874774ddf0d526799c6564c5dea0a44bcecf1a,0.7575,incorrect_human_match,pred_rank_1,pred_rank_1_incorrect,silver_strong_negative,has_adopted_url,Benchmark Workshop,Benchmark Advance,Benchmark Education Company,K-5
65d252e78dd6ea05aee932f399aab83f0b7584922ff27410ee9177754a63921c,625530,Monterey Peninsula Unified,CA,"K,1,2,3,4,5,6",Benchmark Advance,Benchmark Education Company,2022.0,ELA,Core Curriculum,4,a1ff2ddafb5c66abdfd4a4c905874774ddf0d526799c6564c5dea0a44bcecf1a,ELA,Core Curriculum,Benchmark Advance,Benchmark Advance,Benchmark Education Company,2022,K-6,Benchmark Advance - Benchmark Advance (Benchmark Education Company) - 2022 - (K-6),https://www.mpusd.net/apps/pages/index.jsp?uREC_ID=988528&type=d&pREC_ID=2555038,,1a94657eac066f1b03064c9d86aba361fb104a1e33c05909142b1fb430dbafce,1a94657eac066f1b03064c9d86aba361fb104a1e33c05909142b1fb430dbafce,479e53f9b447aa4fd0ecf60ab8ec1ada8491423ba770bef02c944e60d793acc0,2,False,True,0.7651,medium,False,False,primary,0.7651,0.7651,"{""primary"": {""prediction_count"": 3, ""top1_id"": ""479e53f9b447aa4fd0ecf60ab8ec1ada8491423ba770bef02c944e60d793acc0"", ""top1_score"": 0.7651}}",479e53f9b447aa4fd0ecf60ab8ec1ada8491423ba770bef02c944e60d793acc0,0.7651,1a94657eac066f1b03064c9d86aba361fb104a1e33c05909142b1fb430dbafce,0.7634,a1ff2ddafb5c66abdfd4a4c905874774ddf0d526799c6564c5dea0a44bcecf1a,0.7575,incorrect_human_match,pred_rank_3,pred_rank_3_incorrect,silver_negative,has_adopted_url,Benchmark Advance,Benchmark Advance,Benchmark Education Company,K-6
6d75a8a866a1cd75f952cbd41a714c7a02f62ab0164887fa230b500e1f0fa33f,601620,ABC Unified,CA,"9,10,11,12",Study Sych,,,ELA,Core Curriculum,9,5c6c10abee7965f3669e8676485bac210b075b2cfed448481d9fb35bbfb53536,ELA,Core Curriculum,StudySync ELA,StudySync,McGraw Hill Education,2015,6-8,StudySync - StudySync ELA (McGraw Hill Education) - 2015 - (6-8),https://www.kitcarsonschool.com/,,5c6c10abee7965f3669e8676485bac210b075b2cfed448481d9fb35bbfb53536,5c6c10abee7965f3669e8676485bac210b075b2cfed448481d9fb35bbfb53536,0b0e76c0a0e75a0957a48337a1ea08ae11276101b8cf51f801600dd4d139bc7a,0,False,False,0.4374,low,True,True,title_plus_publisher,0.0,0.4374,"{""primary"": {""prediction_count"": 0, ""top1_id"": """", ""top1_score"": 0.0}, ""publisher_as_title"": {""prediction_count"": 0, ""top1_id"": """", ""top1_score"": 0.0}, ""title_plus_publisher"": {""prediction_count"": 3, ""top1_id"": ""0b0e76c0a0e75a0957a48337a1ea08ae11276101b8cf51f801600dd4d139bc7a"", ""top1_score"": 0.4374}, ""title_publisher_swapped"": {""prediction_count"": 0, ""top1_id"": """", ""top1_score"": 0.0}}",0b0e76c0a0e75a0957a48337a1ea08ae11276101b8cf51f801600dd4d139bc7a,0.4374,f52cd7a14b40778e6ff295f236ed19ecf63ece3b0729906ab061972558070ecc,0.3721,44e3080cb989d5ae104ac5f115d1f9677bd4b0991bf30630d0f7113b7bcb6fee,0.311,correct_human_match,expected_match,expected_match,gold_positive,fallback_selected,StudySync ELA,StudySync,McGraw Hill Education,6-8
6d75a8a866a1cd75f952cbd41a714c7a02f62ab0164887fa230b500e1f0fa33f,601620,ABC Unified,CA,"9,10,11,12",Study Sych,,,ELA,Core Curriculum,9,0b0e76c0a0e75a0957a48337a1ea08ae11276101b8cf51f801600dd4d139bc7a,ELA,Core Curriculum,StudySync ELA,StudySync,McGraw Hill Education,2015,6-8,StudySync - StudySync ELA (McGraw Hill Education) - 2015 - (6-8),https://www.kitcarsonschool.com/,,5c6c10abee7965f3669e8676485bac210b075b2cfed448481d9fb35bbfb53536,5c6c10abee7965f3669e8676485bac210b075b2cfed448481d9fb35bbfb53536,0b0e76c0a0e75a0957a48337a1ea08ae11276101b8cf51f801600dd4d139bc7a,0,False,False,0.4374,low,True,True,title_plus_publisher,0.0,0.4374,"{""primary"": {""prediction_count"": 0, ""top1_id"": """", ""top1_score"": 0.0}, ""publisher_as_title"": {""prediction_count"": 0, ""top1_id"": """", ""top1_score"": 0.0}, ""title_plus_publisher"": {""prediction_count"": 3, ""top1_id"": ""0b0e76c0a0e75a0957a48337a1ea08ae11276101b8cf51f801600dd4d139bc7a"", ""top1_score"": 0.4374}, ""title_publisher_swapped"": {""prediction_count"": 0, ""top1_id"": """", ""top1_score"": 0.0}}",0b0e76c0a0e75a0957a48337a1ea08ae11276101b8cf51f801600dd4d139bc7a,0.4374,f52cd7a14b40778e6ff295f236ed19ecf63ece3b0729906ab061972558070ecc,0.3721,44e3080cb989d5ae104ac5f115d1f9677bd4b0991bf30630d0f7113b7bcb6fee,0.311,incorrect_human_match,pred_rank_1,pred_rank_1_incorrect,silver_strong_negative,fallback_selected,Study Jams,Study Jams,Scholastic,1-12
6d75a8a866a1cd75f952cbd41a714c7a02f62ab0164887fa230b500e1f0fa33f,601620,ABC Unified,CA,"9,10,11,12",Study Sych,,,ELA,Core Curriculum,9,f52cd7a14b40778e6ff295f236ed19ecf63ece3b0729906ab061972558070ecc,ELA,Core Curriculum,StudySync ELA,StudySync,McGraw Hill Education,2015,6-8,StudySync - StudySync ELA (McGraw Hill Education) - 2015 - (6-8),https://www.kitcarsonschool.com/,,5c6c10abee7965f3669e8676485bac210b075b2cfed448481d9fb35bbfb53536,5c6c10abee7965f3669e8676485bac210b075b2cfed448481d9fb35bbfb53536,0b0e76c0a0e75a0957a48337a1ea08ae11276101b8cf51f801600dd4d139bc7a,0,False,False,0.4374,low,True,True,title_plus_publisher,0.0,0.4374,"{""primary"": {""prediction_count"": 0, ""top1_id"": """", ""top1_score"": 0.0}, ""publisher_as_title"": {""prediction_count"": 0, ""top1_id"": """", ""top1_score"": 0.0}, ""title_plus_publisher"": {""prediction_count"": 3, ""top1_id"": ""0b0e76c0a0e75a0957a48337a1ea08ae11276101b8cf51f801600dd4d139bc7a"", ""top1_score"": 0.4374}, ""title_publisher_swapped"": {""prediction_count"": 0, ""top1_id"": """", ""top1_score"": 0.0}}",0b0e76c0a0e75a0957a48337a1ea08ae11276101b8cf51f801600dd4d139bc7a,0.4374,f52cd7a14b40778e6ff295f236ed19ecf63ece3b0729906ab061972558070ecc,0.3721,44e3080cb989d5ae104ac5f115d1f9677bd4b0991bf30630d0f7113b7bcb6fee,0.311,incorrect_human_match,pred_rank_2,pred_rank_2_incorrect,silver_negative,fallback_selected,StudyStack,StudyStack,StudyStack,K-12
6d901cb8ca215a26c13576c94507d34b52b38206432d4e0e07df7af904071a16,600001,Acton-Agua Dulce Unified,CA,"9,10,11,12",Edge,,,ELA,Core Curriculum,12,e01c7cb2337f9278524f750d7baba054d0ae07ace187557fca3492787703a59c,ELA,Core Curriculum,Edge,Edge,National Geographic Learning/Cengage,2014,9-12,Edge - Edge (National Geographic Learning/Cengage) - 2014 - (9-12),https://drive.google.com/drive/folders/1LB69Rg9sHLEySAgvd7JAv-7ilnU9CY0z,,e01c7cb2337f9278524f750d7baba054d0ae07ace187557fca3492787703a59c,e01c7cb2337f9278524f750d7baba054d0ae07ace187557fca3492787703a59c,e01c7cb2337f9278524f750d7baba054d0ae07ace187557fca3492787703a59c,1,True,True,0.5384,medium,True,False,primary,0.5384,0.5384,"{""primary"": {""prediction_count"": 1, ""top1_id"": ""e01c7cb2337f9278524f750d7baba054d0ae07ace187557fca3492787703a59c"", ""top1_score"": 0.5384}, ""publisher_as_title"": {""prediction_count"": 0, ""top1_id"": """", ""top1_score"": 0.0}, ""title_plus_publisher"": {""prediction_count"": 3, ""top1_id"": ""6ed485b64a2ae7e880d9ca7c99ae2236465566d2168180e39aa9ca9af83be3f1"", ""top1_score"": 0.4758}, ""title_publisher_swapped"": {""prediction_count"": 0, ""top1_id"": """", ""top1_score"": 0.0}}",e01c7cb2337f9278524f750d7baba054d0ae07ace187557fca3492787703a59c,0.5384,,,,,correct_human_match,expected_match,expected_match,gold_positive,has_adopted_url,Edge,Edge,National Geographic Learning/Cengage,9-12
6de1961b041a33f1dbcad4326005b6d844809e48090d6e19a9ab048d69e506c0,642810,Wilsona Elementary,CA,"K,1,2,3,4,5",Wonders,McGraw-Hill,2016.0,ELA,Core Curriculum,4,bd94b3f4065c150f81fe00ee938858fdd39d6d61798f05b28371642870e64d4a,ELA,Core Curriculum,Wonders,Wonders,McGraw Hill Education,2017,K-6,Wonders - Wonders (McGraw Hill Education) - 2017 - (K-6),https://resources.finalsite.net/images/v1706756193/sbcusdcom/nflemthdv6d5ri43seht/2023-2024Wilson_En.pdf,,bd94b3f4065c150f81fe00ee938858fdd39d6d61798f05b28371642870e64d4a,bd94b3f4065c150f81fe00ee938858fdd39d6d61798f05b28371642870e64d4a,bd94b3f4065c150f81fe00ee938858fdd39d6d61798f05b28371642870e64d4a,1,True,True,0.6992,medium,False,False,primary,0.6992,0.6992,"{""primary"": {""prediction_count"": 3, ""top1_id"": ""bd94b3f4065c150f81fe00ee938858fdd39d6d61798f05b28371642870e64d4a"", ""top1_score"": 0.6992}}",bd94b3f4065c150f81fe00ee938858fdd39d6d61798f05b28371642870e64d4a,0.6992,cb63ace4b63f023f794c20783e82ee20e0e3fbbd4f901f6d3466fbd8cdc4e743,0.6964,371fb164889157519feb76adb751b9fc28b92e1965ad8b8471d4d0f7595da840,0.6659,correct_human_match,expected_match,expected_match,gold_positive,has_adopted_url,Wonders,Wonders,McGraw Hill Education,K-6
6de1961b041a33f1dbcad4326005b6d844809e48090d6e19a9ab048d69e506c0,642810,Wilsona Elementary,CA,"K,1,2,3,4,5",Wonders,McGraw-Hill,2016.0,ELA,Core Curriculum,4,cb63ace4b63f023f794c20783e82ee20e0e3fbbd4f901f6d3466fbd8cdc4e743,ELA,Core Curriculum,Wonders,Wonders,McGraw Hill Education,2017,K-6,Wonders - Wonders (McGraw Hill Education) - 2017 - (K-6),https://resources.finalsite.net/images/v1706756193/sbcusdcom/nflemthdv6d5ri43seht/2023-2024Wilson_En.pdf,,bd94b3f4065c150f81fe00ee938858fdd39d6d61798f05b28371642870e64d4a,bd94b3f4065c150f81fe00ee938858fdd39d6d61798f05b28371642870e64d4a,bd94b3f4065c150f81fe00ee938858fdd39d6d61798f05b28371642870e64d4a,1,True,True,0.6992,medium,False,False,primary,0.6992,0.6992,"{""primary"": {""prediction_count"": 3, ""top1_id"": ""bd94b3f4065c150f81fe00ee938858fdd39d6d61798f05b28371642870e64d4a"", ""top1_score"": 0.6992}}",bd94b3f4065c150f81fe00ee938858fdd39d6d61798f05b28371642870e64d4a,0.6992,cb63ace4b63f023f794c20783e82ee20e0e3fbbd4f901f6d3466fbd8cdc4e743,0.6964,371fb164889157519feb76adb751b9fc28b92e1965ad8b8471d4d0f7595da840,0.6659,incorrect_human_match,pred_rank_2,pred_rank_2_incorrect,silver_negative,has_adopted_url,Wonders,Wonders,McGraw Hill Education,K-6
6de1961b041a33f1dbcad4326005b6d844809e48090d6e19a9ab048d69e506c0,642810,Wilsona Elementary,CA,"K,1,2,3,4,5",Wonders,McGraw-Hill,2016.0,ELA,Core Curriculum,4,371fb164889157519feb76adb751b9fc28b92e1965ad8b8471d4d0f7595da840,ELA,Core Curriculum,Wonders,Wonders,McGraw Hill Education,2017,K-6,Wonders - Wonders (McGraw Hill Education) - 2017 - (K-6),https://resources.finalsite.net/images/v1706756193/sbcusdcom/nflemthdv6d5ri43seht/2023-2024Wilson_En.pdf,,bd94b3f4065c150f81fe00ee938858fdd39d6d61798f05b28371642870e64d4a,bd94b3f4065c150f81fe00ee938858fdd39d6d61798f05b28371642870e64d4a,bd94b3f4065c150f81fe00ee938858fdd39d6d61798f05b28371642870e64d4a,1,True,True,0.6992,medium,False,False,primary,0.6992,0.6992,"{""primary"": {""prediction_count"": 3, ""top1_id"": ""bd94b3f4065c150f81fe00ee938858fdd39d6d61798f05b28371642870e64d4a"", ""top1_score"": 0.6992}}",bd94b3f4065c150f81fe00ee938858fdd39d6d61798f05b28371642870e64d4a,0.6992,cb63ace4b63f023f794c20783e82ee20e0e3fbbd4f901f6d3466fbd8cdc4e743,0.6964,371fb164889157519feb76adb751b9fc28b92e1965ad8b8471d4d0f7595da840,0.6659,incorrect_human_match,pred_rank_3,pred_rank_3_incorrect,silver_negative,has_adopted_url,Wonders,Wonders,McGraw Hill Education,K-6
82eab58da23d0e15d812ccabf213a2de37a881ce6ca5457de890d8d5766a57bf,637200,Sonoma Valley Unified,CA,"K,1,2,3,4,5",Wonders/Maravillas,,,ELA,Core Curriculum,2,cb63ace4b63f023f794c20783e82ee20e0e3fbbd4f901f6d3466fbd8cdc4e743,ELA,Core Curriculum,Wonders,Wonders,McGraw Hill Education,2020,K-6,Wonders - Wonders (McGraw Hill Education) - 2020 - (K-6),Prestwood_Elementary.html,,cb63ace4b63f023f794c20783e82ee20e0e3fbbd4f901f6d3466fbd8cdc4e743,cb63ace4b63f023f794c20783e82ee20e0e3fbbd4f901f6d3466fbd8cdc4e743,bb499d7ec6a18b42433214f03e30024ac7ae30ca6f650b0ffca30cdac78f3493,0,False,False,0.373,low,True,False,primary,0.373,0.373,"{""primary"": {""prediction_count"": 2, ""top1_id"": ""bb499d7ec6a18b42433214f03e30024ac7ae30ca6f650b0ffca30cdac78f3493"", ""top1_score"": 0.373}, ""publisher_as_title"": {""prediction_count"": 0, ""top1_id"": """", ""top1_score"": 0.0}, ""title_plus_publisher"": {""prediction_count"": 2, ""top1_id"": ""24e853362df539c970399d60a8d2a72b635e2ed8b7e66660f237336ba623b493"", ""top1_score"": 0.3656}, ""title_publisher_swapped"": {""prediction_count"": 0, ""top1_id"": """", ""top1_score"": 0.0}}",bb499d7ec6a18b42433214f03e30024ac7ae30ca6f650b0ffca30cdac78f3493,0.373,ff149012e5e2731e2e77247ad88b50579a9b9be5c40ced952e16393ab7ab9982,0.3725,,,correct_human_match,expected_match,expected_match,gold_positive,has_adopted_url,Wonders,Wonders,McGraw Hill Education,K-6
82eab58da23d0e15d812ccabf213a2de37a881ce6ca5457de890d8d5766a57bf,637200,Sonoma Valley Unified,CA,"K,1,2,3,4,5",Wonders/Maravillas,,,ELA,Core Curriculum,2,bb499d7ec6a18b42433214f03e30024ac7ae30ca6f650b0ffca30cdac78f3493,ELA,Core Curriculum,Wonders,Wonders,McGraw Hill Education,2020,K-6,Wonders - Wonders (McGraw Hill Education) - 2020 - (K-6),Prestwood_Elementary.html,,cb63ace4b63f023f794c20783e82ee20e0e3fbbd4f901f6d3466fbd8cdc4e743,cb63ace4b63f023f794c20783e82ee20e0e3fbbd4f901f6d3466fbd8cdc4e743,bb499d7ec6a18b42433214f03e30024ac7ae30ca6f650b0ffca30cdac78f3493,0,False,False,0.373,low,True,False,primary,0.373,0.373,"{""primary"": {""prediction_count"": 2, ""top1_id"": ""bb499d7ec6a18b42433214f03e30024ac7ae30ca6f650b0ffca30cdac78f3493"", ""top1_score"": 0.373}, ""publisher_as_title"": {""prediction_count"": 0, ""top1_id"": """", ""top1_score"": 0.0}, ""title_plus_publisher"": {""prediction_count"": 2, ""top1_id"": ""24e853362df539c970399d60a8d2a72b635e2ed8b7e66660f237336ba623b493"", ""top1_score"": 0.3656}, ""title_publisher_swapped"": {""prediction_count"": 0, ""top1_id"": """", ""top1_score"": 0.0}}",bb499d7ec6a18b42433214f03e30024ac7ae30ca6f650b0ffca30cdac78f3493,0.373,ff149012e5e2731e2e77247ad88b50579a9b9be5c40ced952e16393ab7ab9982,0.3725,,,incorrect_human_match,pred_rank_1,pred_rank_1_incorrect,silver_strong_negative,has_adopted_url,Maravillas,Maravillas,McGraw Hill Education,K-6
82eab58da23d0e15d812ccabf213a2de37a881ce6ca5457de890d8d5766a57bf,637200,Sonoma Valley Unified,CA,"K,1,2,3,4,5",Wonders/Maravillas,,,ELA,Core Curriculum,2,ff149012e5e2731e2e77247ad88b50579a9b9be5c40ced952e16393ab7ab9982,ELA,Core Curriculum,Wonders,Wonders,McGraw Hill Education,2020,K-6,Wonders - Wonders (McGraw Hill Education) - 2020 - (K-6),Prestwood_Elementary.html,,cb63ace4b63f023f794c20783e82ee20e0e3fbbd4f901f6d3466fbd8cdc4e743,cb63ace4b63f023f794c20783e82ee20e0e3fbbd4f901f6d3466fbd8cdc4e743,bb499d7ec6a18b42433214f03e30024ac7ae30ca6f650b0ffca30cdac78f3493,0,False,False,0.373,low,True,False,primary,0.373,0.373,"{""primary"": {""prediction_count"": 2, ""top1_id"": ""bb499d7ec6a18b42433214f03e30024ac7ae30ca6f650b0ffca30cdac78f3493"", ""top1_score"": 0.373}, ""publisher_as_title"": {""prediction_count"": 0, ""top1_id"": """", ""top1_score"": 0.0}, ""title_plus_publisher"": {""prediction_count"": 2, ""top1_id"": ""24e853362df539c970399d60a8d2a72b635e2ed8b7e66660f237336ba623b493"", ""top1_score"": 0.3656}, ""title_publisher_swapped"": {""prediction_count"": 0, ""top1_id"": """", ""top1_score"": 0.0}}",bb499d7ec6a18b42433214f03e30024ac7ae30ca6f650b0ffca30cdac78f3493,0.373,ff149012e5e2731e2e77247ad88b50579a9b9be5c40ced952e16393ab7ab9982,0.3725,,,incorrect_human_match,pred_rank_2,pred_rank_2_incorrect,silver_negative,has_adopted_url,Maravillas,Maravillas,McGraw Hill Education,K-6
c325280a8ce2217707660ffbc08227366f797abee92c57bbdc13a824e0dbae6a,632550,West Contra Costa Unified,CA,"K,1,2,3,4,5",Amplify Reading Online Program,,,ELA,Core Curriculum,3,40a77e0c3f2dc80723d8cab67c9e93cb6afcfa72ca2d19057b05b9db1fb61a05,ELA,Core Curriculum,Amplify CKLA,Core Knowledge Language Arts (CKLA),Amplify,2022,PK-5,Core Knowledge Language Arts (CKLA) - Amplify CKLA (Amplify) - 2022 - (PK-5),https://www.wccusd.net/Page/16827,,40a77e0c3f2dc80723d8cab67c9e93cb6afcfa72ca2d19057b05b9db1fb61a05,40a77e0c3f2dc80723d8cab67c9e93cb6afcfa72ca2d19057b05b9db1fb61a05,fc6da9cef96b41ba4fafebbaf316b6007c23ca90528433fc9b8e255fc0ac197c,0,False,False,0.4127,low,True,True,title_plus_publisher,0.2464,0.4127,"{""primary"": {""prediction_count"": 1, ""top1_id"": ""9f7e5684bd9ee8d6d0950a4ce9ff89f64740078db02e0f031d53f09a22ec1807"", ""top1_score"": 0.2464}, ""publisher_as_title"": {""prediction_count"": 0, ""top1_id"": """", ""top1_score"": 0.0}, ""title_plus_publisher"": {""prediction_count"": 3, ""top1_id"": ""fc6da9cef96b41ba4fafebbaf316b6007c23ca90528433fc9b8e255fc0ac197c"", ""top1_score"": 0.4127}, ""title_publisher_swapped"": {""prediction_count"": 0, ""top1_id"": """", ""top1_score"": 0.0}}",fc6da9cef96b41ba4fafebbaf316b6007c23ca90528433fc9b8e255fc0ac197c,0.4127,3629fb77147b3ef5ac09adfc3074f3b656a58417c5292e58ae45488b91bf5275,0.3767,4264895e4341ef7c535356e0a805b131e8f3fcc27ef64f270821fc6f73cf2f02,0.3496,correct_human_match,expected_match,expected_match,gold_positive,fallback_selected,Amplify CKLA,Core Knowledge Language Arts (CKLA),Amplify,PK-5
c325280a8ce2217707660ffbc08227366f797abee92c57bbdc13a824e0dbae6a,632550,West Contra Costa Unified,CA,"K,1,2,3,4,5",Amplify Reading Online Program,,,ELA,Core Curriculum,3,fc6da9cef96b41ba4fafebbaf316b6007c23ca90528433fc9b8e255fc0ac197c,ELA,Core Curriculum,Amplify CKLA,Core Knowledge Language Arts (CKLA),Amplify,2022,PK-5,Core Knowledge Language Arts (CKLA) - Amplify CKLA (Amplify) - 2022 - (PK-5),https://www.wccusd.net/Page/16827,,40a77e0c3f2dc80723d8cab67c9e93cb6afcfa72ca2d19057b05b9db1fb61a05,40a77e0c3f2dc80723d8cab67c9e93cb6afcfa72ca2d19057b05b9db1fb61a05,fc6da9cef96b41ba4fafebbaf316b6007c23ca90528433fc9b8e255fc0ac197c,0,False,False,0.4127,low,True,True,title_plus_publisher,0.2464,0.4127,"{""primary"": {""prediction_count"": 1, ""top1_id"": ""9f7e5684bd9ee8d6d0950a4ce9ff89f64740078db02e0f031d53f09a22ec1807"", ""top1_score"": 0.2464}, ""publisher_as_title"": {""prediction_count"": 0, ""top1_id"": """", ""top1_score"": 0.0}, ""title_plus_publisher"": {""prediction_count"": 3, ""top1_id"": ""fc6da9cef96b41ba4fafebbaf316b6007c23ca90528433fc9b8e255fc0ac197c"", ""top1_score"": 0.4127}, ""title_publisher_swapped"": {""prediction_count"": 0, ""top1_id"": """", ""top1_score"": 0.0}}",fc6da9cef96b41ba4fafebbaf316b6007c23ca90528433fc9b8e255fc0ac197c,0.4127,3629fb77147b3ef5ac09adfc3074f3b656a58417c5292e58ae45488b91bf5275,0.3767,4264895e4341ef7c535356e0a805b131e8f3fcc27ef64f270821fc6f73cf2f02,0.3496,incorrect_human_match,pred_rank_1,pred_rank_1_incorrect,silver_strong_negative,fallback_selected,Boost Close Reading,Amplify ELA Supplemental,Amplify,K-5
c325280a8ce2217707660ffbc08227366f797abee92c57bbdc13a824e0dbae6a,632550,West Contra Costa Unified,CA,"K,1,2,3,4,5",Amplify Reading Online Program,,,ELA,Core Curriculum,3,3629fb77147b3ef5ac09adfc3074f3b656a58417c5292e58ae45488b91bf5275,ELA,Core Curriculum,Amplify CKLA,Core Knowledge Language Arts (CKLA),Amplify,2022,PK-5,Core Knowledge Language Arts (CKLA) - Amplify CKLA (Amplify) - 2022 - (PK-5),https://www.wccusd.net/Page/16827,,40a77e0c3f2dc80723d8cab67c9e93cb6afcfa72ca2d19057b05b9db1fb61a05,40a77e0c3f2dc80723d8cab67c9e93cb6afcfa72ca2d19057b05b9db1fb61a05,fc6da9cef96b41ba4fafebbaf316b6007c23ca90528433fc9b8e255fc0ac197c,0,False,False,0.4127,low,True,True,title_plus_publisher,0.2464,0.4127,"{""primary"": {""prediction_count"": 1, ""top1_id"": ""9f7e5684bd9ee8d6d0950a4ce9ff89f64740078db02e0f031d53f09a22ec1807"", ""top1_score"": 0.2464}, ""publisher_as_title"": {""prediction_count"": 0, ""top1_id"": """", ""top1_score"": 0.0}, ""title_plus_publisher"": {""prediction_count"": 3, ""top1_id"": ""fc6da9cef96b41ba4fafebbaf316b6007c23ca90528433fc9b8e255fc0ac197c"", ""top1_score"": 0.4127}, ""title_publisher_swapped"": {""prediction_count"": 0, ""top1_id"": """", ""top1_score"": 0.0}}",fc6da9cef96b41ba4fafebbaf316b6007c23ca90528433fc9b8e255fc0ac197c,0.4127,3629fb77147b3ef5ac09adfc3074f3b656a58417c5292e58ae45488b91bf5275,0.3767,4264895e4341ef7c535356e0a805b131e8f3fcc27ef64f270821fc6f73cf2f02,0.3496,incorrect_human_match,pred_rank_2,pred_rank_2_incorrect,silver_negative,fallback_selected,Brainzy Math and Reading Program,Brainzy,Education.com,PK-1
c787358f0e7fd16598b8d7c1c2fb154349baaf9ccb9f22c2bee3dfa4992bb7d9,632550,West Contra Costa Unified,CA,"TK,K,1,2,3,4,5",REACH,National Geographic,,ELA,Core Curriculum,3,291ed91b6d2352af83225fa8ed9c86d577c0fe602301210e8fc03276abf1f43d,ELA,Core Curriculum,Reach for Reading,Reach for Reading,National Geographic Learning/Cengage,2017,K-6,Reach for Reading - Reach for Reading (National Geographic Learning/Cengage) - 2017 - (K-6),https://www.rcpschools.org/wp-content/uploads/2024/02/2023_School_Accountability_Report_Card_Richmond_College_Preparatory_20240131-1.pdf,,291ed91b6d2352af83225fa8ed9c86d577c0fe602301210e8fc03276abf1f43d,291ed91b6d2352af83225fa8ed9c86d577c0fe602301210e8fc03276abf1f43d,fe38844ed524ab630732785290394540102a573cae272350f10e2a6aa19bf29a,0,False,False,0.5846,medium,True,True,title_plus_publisher,0.0,0.5846,"{""primary"": {""prediction_count"": 0, ""top1_id"": """", ""top1_score"": 0.0}, ""publisher_as_title"": {""prediction_count"": 3, ""top1_id"": ""fe38844ed524ab630732785290394540102a573cae272350f10e2a6aa19bf29a"", ""top1_score"": 0.6023}, ""title_plus_publisher"": {""prediction_count"": 3, ""top1_id"": ""fe38844ed524ab630732785290394540102a573cae272350f10e2a6aa19bf29a"", ""top1_score"": 0.5846}, ""title_publisher_swapped"": {""prediction_count"": 3, ""top1_id"": ""fe38844ed524ab630732785290394540102a573cae272350f10e2a6aa19bf29a"", ""top1_score"": 0.5123}}",fe38844ed524ab630732785290394540102a573cae272350f10e2a6aa19bf29a,0.5846,7553241ead87d2a447aab2758262da3276493bb2906f519b70421613bf93a9ff,0.5813,f2eb2663d21950691a683d52954ca97d57b6940e864cf8ac879f173fe2d3bfd5,0.575,correct_human_match,expected_match,expected_match,gold_positive,fallback_selected,Reach for Reading,Reach for Reading,National Geographic Learning/Cengage,K-6
c787358f0e7fd16598b8d7c1c2fb154349baaf9ccb9f22c2bee3dfa4992bb7d9,632550,West Contra Costa Unified,CA,"TK,K,1,2,3,4,5",REACH,National Geographic,,ELA,Core Curriculum,3,fe38844ed524ab630732785290394540102a573cae272350f10e2a6aa19bf29a,ELA,Core Curriculum,Reach for Reading,Reach for Reading,National Geographic Learning/Cengage,2017,K-6,Reach for Reading - Reach for Reading (National Geographic Learning/Cengage) - 2017 - (K-6),https://www.rcpschools.org/wp-content/uploads/2024/02/2023_School_Accountability_Report_Card_Richmond_College_Preparatory_20240131-1.pdf,,291ed91b6d2352af83225fa8ed9c86d577c0fe602301210e8fc03276abf1f43d,291ed91b6d2352af83225fa8ed9c86d577c0fe602301210e8fc03276abf1f43d,fe38844ed524ab630732785290394540102a573cae272350f10e2a6aa19bf29a,0,False,False,0.5846,medium,True,True,title_plus_publisher,0.0,0.5846,"{""primary"": {""prediction_count"": 0, ""top1_id"": """", ""top1_score"": 0.0}, ""publisher_as_title"": {""prediction_count"": 3, ""top1_id"": ""fe38844ed524ab630732785290394540102a573cae272350f10e2a6aa19bf29a"", ""top1_score"": 0.6023}, ""title_plus_publisher"": {""prediction_count"": 3, ""top1_id"": ""fe38844ed524ab630732785290394540102a573cae272350f10e2a6aa19bf29a"", ""top1_score"": 0.5846}, ""title_publisher_swapped"": {""prediction_count"": 3, ""top1_id"": ""fe38844ed524ab630732785290394540102a573cae272350f10e2a6aa19bf29a"", ""top1_score"": 0.5123}}",fe38844ed524ab630732785290394540102a573cae272350f10e2a6aa19bf29a,0.5846,7553241ead87d2a447aab2758262da3276493bb2906f519b70421613bf93a9ff,0.5813,f2eb2663d21950691a683d52954ca97d57b6940e864cf8ac879f173fe2d3bfd5,0.575,incorrect_human_match,pred_rank_1,pred_rank_1_incorrect,silver_strong_negative,fallback_selected,National Geographic Panorama,NGL Panorama,National Geographic Learning/Cengage,K-5
c787358f0e7fd16598b8d7c1c2fb154349baaf9ccb9f22c2bee3dfa4992bb7d9,632550,West Contra Costa Unified,CA,"TK,K,1,2,3,4,5",REACH,National Geographic,,ELA,Core Curriculum,3,7553241ead87d2a447aab2758262da3276493bb2906f519b70421613bf93a9ff,ELA,Core Curriculum,Reach for Reading,Reach for Reading,National Geographic Learning/Cengage,2017,K-6,Reach for Reading - Reach for Reading (National Geographic Learning/Cengage) - 2017 - (K-6),https://www.rcpschools.org/wp-content/uploads/2024/02/2023_School_Accountability_Report_Card_Richmond_College_Preparatory_20240131-1.pdf,,291ed91b6d2352af83225fa8ed9c86d577c0fe602301210e8fc03276abf1f43d,291ed91b6d2352af83225fa8ed9c86d577c0fe602301210e8fc03276abf1f43d,fe38844ed524ab630732785290394540102a573cae272350f10e2a6aa19bf29a,0,False,False,0.5846,medium,True,True,title_plus_publisher,0.0,0.5846,"{""primary"": {""prediction_count"": 0, ""top1_id"": """", ""top1_score"": 0.0}, ""publisher_as_title"": {""prediction_count"": 3, ""top1_id"": ""fe38844ed524ab630732785290394540102a573cae272350f10e2a6aa19bf29a"", ""top1_score"": 0.6023}, ""title_plus_publisher"": {""prediction_count"": 3, ""top1_id"": ""fe38844ed524ab630732785290394540102a573cae272350f10e2a6aa19bf29a"", ""top1_score"": 0.5846}, ""title_publisher_swapped"": {""prediction_count"": 3, ""top1_id"": ""fe38844ed524ab630732785290394540102a573cae272350f10e2a6aa19bf29a"", ""top1_score"": 0.5123}}",fe38844ed524ab630732785290394540102a573cae272350f10e2a6aa19bf29a,0.5846,7553241ead87d2a447aab2758262da3276493bb2906f519b70421613bf93a9ff,0.5813,f2eb2663d21950691a683d52954ca97d57b6940e864cf8ac879f173fe2d3bfd5,0.575,incorrect_human_match,pred_rank_2,pred_rank_2_incorrect,silver_negative,fallback_selected,National Geographic American Government,National Geographic Social Studies,National Geographic Learning/Cengage,9-12
c7c1c95fd247c6dab330012aa673319a192974dfa76f59dd2eb0418e625be971,642480,Whittier Union High,CA,"9,10,11,12",Inside the USA,,,ELA,Core Curriculum,11,3dfb2ac36ecf42a79e805a3249f666fd9b240b250fe201a0b4ccbad1e6d94d7c,ELA,Supplemental,Inside the USA (Newcomer Program),Inside,National Geographic Learning/Cengage,2014,6-8,Inside - Inside the USA (Newcomer Program) (National Geographic Learning/Cengage) - 2014 - (6-8),https://www.wuhsd.org/apps/pages/index.jsp?uREC_ID=749661&type=d&pREC_ID=1159270,,3dfb2ac36ecf42a79e805a3249f666fd9b240b250fe201a0b4ccbad1e6d94d7c,3dfb2ac36ecf42a79e805a3249f666fd9b240b250fe201a0b4ccbad1e6d94d7c,3dfb2ac36ecf42a79e805a3249f666fd9b240b250fe201a0b4ccbad1e6d94d7c,1,True,True,0.2166,very_low,True,True,title_plus_publisher,0.0,0.2166,"{""primary"": {""prediction_count"": 0, ""top1_id"": """", ""top1_score"": 0.0}, ""publisher_as_title"": {""prediction_count"": 0, ""top1_id"": """", ""top1_score"": 0.0}, ""title_plus_publisher"": {""prediction_count"": 1, ""top1_id"": ""3dfb2ac36ecf42a79e805a3249f666fd9b240b250fe201a0b4ccbad1e6d94d7c"", ""top1_score"": 0.2166}, ""title_publisher_swapped"": {""prediction_count"": 0, ""top1_id"": """", ""top1_score"": 0.0}}",3dfb2ac36ecf42a79e805a3249f666fd9b240b250fe201a0b4ccbad1e6d94d7c,0.2166,,,,,correct_human_match,expected_match,expected_match,gold_positive,fallback_selected,Inside the USA (Newcomer Program),Inside,National Geographic Learning/Cengage,6-8
